ISO-10303-21;
HEADER;
FILE_DESCRIPTION (( 'STEP AP214' ),
    '1' );
FILE_NAME ('16 Narrow SO_21-0041.STEP',
    '2023-12-09T05:12:47',
    ( '' ),
    ( '' ),
    'SwSTEP 2.0',
    'SolidWorks 2021',
    '' );
FILE_SCHEMA (( 'AUTOMOTIVE_DESIGN' ));
ENDSEC;

DATA;
#1 = LINE ( 'NONE', #574, #1685 ) ;
#2 = ADVANCED_FACE ( 'NONE', ( #6916 ), #5690, .F. ) ;
#3 = DIRECTION ( 'NONE',  ( -0.000000000000000000, -0.000000000000000000, -1.000000000000000000 ) ) ;
#4 = EDGE_CURVE ( 'NONE', #6634, #5460, #7412, .T. ) ;
#5 = AXIS2_PLACEMENT_3D ( 'NONE', #5898, #6935, #7574 ) ;
#6 = VERTEX_POINT ( 'NONE', #4542 ) ;
#7 = DIRECTION ( 'NONE',  ( 0.000000000000000000, 0.000000000000000000, 1.000000000000000000 ) ) ;
#8 = ORIENTED_EDGE ( 'NONE', *, *, #4566, .T. ) ;
#9 = PRESENTATION_STYLE_ASSIGNMENT (( #3467 ) ) ;
#10 = VERTEX_POINT ( 'NONE', #3370 ) ;
#12 = DIRECTION ( 'NONE',  ( -8.993001040601393045E-16, -1.000000000000000000, -0.000000000000000000 ) ) ;
#11 = CARTESIAN_POINT ( 'NONE',  ( -2.454999999999975646, 0.3327573459224363317, 4.235000000000000320 ) ) ;
#13 = VECTOR ( 'NONE', #2613, 1000.000000000000000 ) ;
#14 = DIRECTION ( 'NONE',  ( 0.9975640502598246417, 0.06975647374411912682, 0.000000000000000000 ) ) ;
#15 = FACE_OUTER_BOUND ( 'NONE', #1125, .T. ) ;
#16 = AXIS2_PLACEMENT_3D ( 'NONE', #3512, #4131, #1049 ) ;
#17 = ORIENTED_EDGE ( 'NONE', *, *, #243, .T. ) ;
#18 = VERTEX_POINT ( 'NONE', #4502 ) ;
#19 = CIRCLE ( 'NONE', #1883, 0.07500000000000041356 ) ;
#20 = CARTESIAN_POINT ( 'NONE',  ( 3.000000000000000000, 0.2194640910571372949, -0.4250000000000000444 ) ) ;
#21 = VECTOR ( 'NONE', #6694, 1000.000000000000000 ) ;
#22 = CYLINDRICAL_SURFACE ( 'NONE', #2649, 0.2949999999999758371 ) ;
#23 = CARTESIAN_POINT ( 'NONE',  ( 2.984653575776294865, -3.794707603699265519E-16, 3.384999999999999787 ) ) ;
#24 = EDGE_CURVE ( 'NONE', #3910, #6483, #3953, .T. ) ;
#25 = CARTESIAN_POINT ( 'NONE',  ( -2.084999999999999964, 0.8150000000000123812, 4.235000000000000320 ) ) ;
#26 = DIRECTION ( 'NONE',  ( 0.9975640502598246417, 0.06975647374411912682, 0.000000000000000000 ) ) ;
#27 = VERTEX_POINT ( 'NONE', #3990 ) ;
#28 = ORIENTED_EDGE ( 'NONE', *, *, #4156, .T. ) ;
#29 = LINE ( 'NONE', #5213, #937 ) ;
#30 = ORIENTED_EDGE ( 'NONE', *, *, #3596, .T. ) ;
#31 = CARTESIAN_POINT ( 'NONE',  ( -1.950000000000000400, 1.109999999999987663, -4.950000000000001066 ) ) ;
#32 = CLOSED_SHELL ( 'NONE', ( #998, #3558, #3525, #1232, #7371, #5748, #7008, #2831, #2099, #5916, #6362, #4324, #1493, #1731 ) ) ;
#33 = DIRECTION ( 'NONE',  ( 1.000000000000000000, 0.000000000000000000, 0.000000000000000000 ) ) ;
#34 = ADVANCED_FACE ( 'NONE', ( #2120 ), #1623, .F. ) ;
#35 = DIRECTION ( 'NONE',  ( -0.000000000000000000, 0.000000000000000000, -1.000000000000000000 ) ) ;
#36 = PLANE ( 'NONE',  #5072 ) ;
#37 = EDGE_LOOP ( 'NONE', ( #3080, #7221 ) ) ;
#38 = DIRECTION ( 'NONE',  ( -0.9975640502598245307, 0.06975647374412144441, 0.000000000000000000 ) ) ;
#39 = FACE_OUTER_BOUND ( 'NONE', #5431, .T. ) ;
#40 = DIRECTION ( 'NONE',  ( -0.000000000000000000, -0.000000000000000000, -1.000000000000000000 ) ) ;
#41 = CARTESIAN_POINT ( 'NONE',  ( 1.949999999999999956, 1.109999999999987663, 3.384999999999999787 ) ) ;
#42 = VERTEX_POINT ( 'NONE', #1109 ) ;
#43 = FACE_OUTER_BOUND ( 'NONE', #1514, .T. ) ;
#44 = EDGE_LOOP ( 'NONE', ( #2447, #3562, #1736, #6792 ) ) ;
#45 = EDGE_CURVE ( 'NONE', #5506, #4022, #3282, .T. ) ;
#46 = CYLINDRICAL_SURFACE ( 'NONE', #960, 0.2949999999999762812 ) ;
#47 = ORIENTED_EDGE ( 'NONE', *, *, #2752, .F. ) ;
#49 = PLANE ( 'NONE',  #2575 ) ;
#48 = DIRECTION ( 'NONE',  ( -1.000000000000000000, 0.000000000000000000, 0.000000000000000000 ) ) ;
#50 = DIRECTION ( 'NONE',  ( 1.000000000000000000, 0.000000000000000000, 0.000000000000000000 ) ) ;
#51 = PLANE ( 'NONE',  #7527 ) ;
#52 = CARTESIAN_POINT ( 'NONE',  ( 2.159999999999999698, 0.3327573459224363317, 2.964999999999999858 ) ) ;
#53 = AXIS2_PLACEMENT_3D ( 'NONE', #208, #88, #7130 ) ;
#54 = ORIENTED_EDGE ( 'NONE', *, *, #24, .T. ) ;
#55 = ORIENTED_EDGE ( 'NONE', *, *, #3622, .T. ) ;
#56 = CARTESIAN_POINT ( 'NONE',  ( -2.454999999999975646, 0.3327573459224363317, 0.4250000000000000444 ) ) ;
#57 = EDGE_CURVE ( 'NONE', #4633, #1914, #5723, .T. ) ;
#58 = CARTESIAN_POINT ( 'NONE',  ( 2.159999999999999698, 0.3327573459224363317, 2.115000000000000657 ) ) ;
#59 = CARTESIAN_POINT ( 'NONE',  ( 2.454999999999975646, 0.3327573459224363317, -3.384999999999999787 ) ) ;
#60 = CARTESIAN_POINT ( 'NONE',  ( -2.379999999999975913, 0.8150000000000123812, -0.8450000000000003064 ) ) ;
#61 = LINE ( 'NONE', #2416, #6499 ) ;
#62 = ORIENTED_EDGE ( 'NONE', *, *, #1021, .F. ) ;
#63 = EDGE_LOOP ( 'NONE', ( #6591, #340 ) ) ;
#64 = FACE_OUTER_BOUND ( 'NONE', #4591, .T. ) ;
#65 = ORIENTED_EDGE ( 'NONE', *, *, #7318, .T. ) ;
#66 = CARTESIAN_POINT ( 'NONE',  ( -2.379999999999975469, 0.3327573459224363317, -3.384999999999999787 ) ) ;
#67 = EDGE_CURVE ( 'NONE', #6639, #779, #2833, .T. ) ;
#68 = CARTESIAN_POINT ( 'NONE',  ( 2.084999999999999964, 0.8150000000000123812, -1.694999999999999840 ) ) ;
#69 = VECTOR ( 'NONE', #5306, 1000.000000000000000 ) ;
#70 = VECTOR ( 'NONE', #6753, 1000.000000000000000 ) ;
#71 = FACE_OUTER_BOUND ( 'NONE', #2340, .T. ) ;
#72 = FILL_AREA_STYLE_COLOUR ( '', #408 ) ;
#73 = VERTEX_POINT ( 'NONE', #961 ) ;
#74 = CARTESIAN_POINT ( 'NONE',  ( 2.084999999999999964, 0.8150000000000123812, -0.4250000000000000444 ) ) ;
#75 = DIRECTION ( 'NONE',  ( -0.000000000000000000, -0.000000000000000000, -1.000000000000000000 ) ) ;
#76 = AXIS2_PLACEMENT_3D ( 'NONE', #2851, #7049, #5858 ) ;
#77 = DIRECTION ( 'NONE',  ( -0.000000000000000000, -0.000000000000000000, -1.000000000000000000 ) ) ;
#78 = DIRECTION ( 'NONE',  ( -0.000000000000000000, -0.000000000000000000, -1.000000000000000000 ) ) ;
#79 = ORIENTED_EDGE ( 'NONE', *, *, #6464, .F. ) ;
#80 = AXIS2_PLACEMENT_3D ( 'NONE', #3008, #1205, #4046 ) ;
#81 = FACE_OUTER_BOUND ( 'NONE', #2323, .T. ) ;
#82 = ORIENTED_EDGE ( 'NONE', *, *, #3898, .T. ) ;
#83 = PRESENTATION_STYLE_ASSIGNMENT (( #5396 ) ) ;
#84 = EDGE_CURVE ( 'NONE', #2546, #7383, #6349, .T. ) ;
#85 = ORIENTED_EDGE ( 'NONE', *, *, #4205, .T. ) ;
#87 = LINE ( 'NONE', #2399, #5516 ) ;
#86 = CARTESIAN_POINT ( 'NONE',  ( 1.949999999999999956, 0.8900000000000123368, 1.695000000000000284 ) ) ;
#88 = DIRECTION ( 'NONE',  ( -0.000000000000000000, -0.000000000000000000, -1.000000000000000000 ) ) ;
#89 = EDGE_CURVE ( 'NONE', #6911, #7538, #3410, .T. ) ;
#90 = DIRECTION ( 'NONE',  ( 0.9975640502598245307, 0.06975647374412144441, -0.000000000000000000 ) ) ;
#91 = VERTEX_POINT ( 'NONE', #452 ) ;
#92 = ORIENTED_EDGE ( 'NONE', *, *, #4956, .T. ) ;
#93 = CARTESIAN_POINT ( 'NONE',  ( -2.449768264469166734, 0.2579400421529494669, -0.4250000000000000444 ) ) ;
#94 = CARTESIAN_POINT ( 'NONE',  ( -2.434421840245462487, 0.03847595109581208178, 2.115000000000000657 ) ) ;
#95 = DIRECTION ( 'NONE',  ( -1.000000000000000000, -8.031127203596346379E-16, 0.000000000000000000 ) ) ;
#96 = EDGE_CURVE ( 'NONE', #985, #5099, #5761, .T. ) ;
#97 = ADVANCED_FACE ( 'NONE', ( #1549 ), #2156, .F. ) ;
#98 = AXIS2_PLACEMENT_3D ( 'NONE', #6104, #2500, #6683 ) ;
#99 = CARTESIAN_POINT ( 'NONE',  ( 2.449768264469166734, 0.2579400421529494669, 4.655000000000000249 ) ) ;
#100 = CARTESIAN_POINT ( 'NONE',  ( -2.159999999999999698, 0.3327573459224363317, -2.115000000000000213 ) ) ;
#101 = EDGE_LOOP ( 'NONE', ( #4891, #7410, #7391, #3294 ) ) ;
#102 = ORIENTED_EDGE ( 'NONE', *, *, #2931, .F. ) ;
#103 = CARTESIAN_POINT ( 'NONE',  ( 2.434421840245462487, 0.03847595109581208178, -4.655000000000000249 ) ) ;
#104 = VECTOR ( 'NONE', #7292, 1000.000000000000000 ) ;
#105 = ORIENTED_EDGE ( 'NONE', *, *, #1975, .T. ) ;
#106 = CARTESIAN_POINT ( 'NONE',  ( 2.159999999999999698, 0.3327573459224363317, -0.4250000000000000444 ) ) ;
#107 = VECTOR ( 'NONE', #429, 1000.000000000000000 ) ;
#108 = CARTESIAN_POINT ( 'NONE',  ( 2.449768264469166734, 0.2579400421529494669, 4.655000000000000249 ) ) ;
#109 = CARTESIAN_POINT ( 'NONE',  ( 2.379999999999975913, 0.8150000000000123812, 2.115000000000000657 ) ) ;
#110 = ADVANCED_FACE ( 'NONE', ( #3883 ), #491, .F. ) ;
#111 = EDGE_CURVE ( 'NONE', #7550, #1398, #710, .T. ) ;
#112 = CIRCLE ( 'NONE', #4788, 0.07500000000000041356 ) ;
#113 = VERTEX_POINT ( 'NONE', #7519 ) ;
#114 = ORIENTED_EDGE ( 'NONE', *, *, #767, .T. ) ;
#115 = LINE ( 'NONE', #4696, #685 ) ;
#116 = CIRCLE ( 'NONE', #3065, 0.07499999999999998335 ) ;
#117 = DIRECTION ( 'NONE',  ( 0.000000000000000000, 0.000000000000000000, 1.000000000000000000 ) ) ;
#118 = EDGE_CURVE ( 'NONE', #7311, #6724, #6231, .T. ) ;
#119 = CARTESIAN_POINT ( 'NONE',  ( -2.084999999999999964, 0.8150000000000123812, -4.235000000000000320 ) ) ;
#120 = AXIS2_PLACEMENT_3D ( 'NONE', #3566, #5836, #7066 ) ;
#121 = CARTESIAN_POINT ( 'NONE',  ( -2.454999999999975646, 0.3327573459224363317, -1.694999999999999840 ) ) ;
#122 = ORIENTED_EDGE ( 'NONE', *, *, #2049, .F. ) ;
#123 = ADVANCED_FACE ( 'NONE', ( #382 ), #2726, .F. ) ;
#124 = VECTOR ( 'NONE', #2983, 1000.000000000000000 ) ;
#125 = CARTESIAN_POINT ( 'NONE',  ( -2.449768264469166734, 0.2579400421529493004, 0.8450000000000003064 ) ) ;
#126 = ORIENTED_EDGE ( 'NONE', *, *, #3637, .T. ) ;
#127 =( NAMED_UNIT ( * ) PLANE_ANGLE_UNIT ( ) SI_UNIT ( $, .RADIAN. ) );
#128 = ORIENTED_EDGE ( 'NONE', *, *, #6872, .F. ) ;
#129 = ORIENTED_EDGE ( 'NONE', *, *, #2141, .T. ) ;
#130 = DIRECTION ( 'NONE',  ( -0.000000000000000000, -0.000000000000000000, -1.000000000000000000 ) ) ;
#131 = FILL_AREA_STYLE ('',( #5935 ) ) ;
#132 = PLANE ( 'NONE',  #3859 ) ;
#133 = AXIS2_PLACEMENT_3D ( 'NONE', #7501, #2894, #2403 ) ;
#134 = DIRECTION ( 'NONE',  ( -0.000000000000000000, -0.000000000000000000, -1.000000000000000000 ) ) ;
#135 = EDGE_CURVE ( 'NONE', #5932, #4588, #5991, .T. ) ;
#136 = APPLICATION_CONTEXT ( 'automotive_design' ) ;
#137 = ORIENTED_EDGE ( 'NONE', *, *, #4937, .F. ) ;
#138 = EDGE_CURVE ( 'NONE', #1348, #4957, #2384, .T. ) ;
#139 = VERTEX_POINT ( 'NONE', #4189 ) ;
#140 = LINE ( 'NONE', #3136, #2793 ) ;
#141 = FACE_OUTER_BOUND ( 'NONE', #6534, .T. ) ;
#142 = CIRCLE ( 'NONE', #2108, 0.2250000000000003664 ) ;
#143 = PLANE ( 'NONE',  #2337 ) ;
#145 = CARTESIAN_POINT ( 'NONE',  ( -2.379999999999975469, 0.3327573459224363317, -0.4250000000000000444 ) ) ;
#144 = VECTOR ( 'NONE', #2237, 1000.000000000000000 ) ;
#146 = VECTOR ( 'NONE', #3523, 1000.000000000000227 ) ;
#147 = PLANE ( 'NONE',  #6983 ) ;
#148 = VERTEX_POINT ( 'NONE', #7070 ) ;
#149 = ADVANCED_FACE ( 'NONE', ( #5301 ), #6419, .T. ) ;
#150 = EDGE_LOOP ( 'NONE', ( #487, #6856, #1272, #5096 ) ) ;
#151 = LINE ( 'NONE', #1387, #3788 ) ;
#152 = ORIENTED_EDGE ( 'NONE', *, *, #4770, .F. ) ;
#153 = CARTESIAN_POINT ( 'NONE',  ( 1.837150732346581883, 0.2500000000000000000, 4.837150732346581883 ) ) ;
#154 = DIRECTION ( 'NONE',  ( -0.000000000000000000, -0.000000000000000000, -1.000000000000000000 ) ) ;
#155 = CIRCLE ( 'NONE', #6895, 0.07500000000000041356 ) ;
#156 = DIRECTION ( 'NONE',  ( 0.9975640502598245307, 0.06975647374412144441, -0.000000000000000000 ) ) ;
#157 = SURFACE_STYLE_USAGE ( .BOTH. , #4694 ) ;
#158 = VERTEX_POINT ( 'NONE', #1896 ) ;
#159 = DIRECTION ( 'NONE',  ( -0.000000000000000000, -0.000000000000000000, -1.000000000000000000 ) ) ;
#160 = DIRECTION ( 'NONE',  ( -1.000000000000000000, 0.000000000000000000, 0.000000000000000000 ) ) ;
#161 = EDGE_CURVE ( 'NONE', #6634, #6131, #1780, .T. ) ;
#162 = CARTESIAN_POINT ( 'NONE',  ( 2.084999999999999964, 0.8900000000000122258, 4.235000000000000320 ) ) ;
#163 = ORIENTED_EDGE ( 'NONE', *, *, #1949, .T. ) ;
#164 = DIRECTION ( 'NONE',  ( -0.000000000000000000, -0.000000000000000000, -1.000000000000000000 ) ) ;
#165 = ORIENTED_EDGE ( 'NONE', *, *, #4585, .F. ) ;
#166 = CARTESIAN_POINT ( 'NONE',  ( -3.000000000000000000, 0.2194640910571372949, 3.384999999999999787 ) ) ;
#167 = VERTEX_POINT ( 'NONE', #3610 ) ;
#168 = ORIENTED_EDGE ( 'NONE', *, *, #2727, .T. ) ;
#169 = CARTESIAN_POINT ( 'NONE',  ( 2.434421840245462487, 0.03847595109581208178, 4.235000000000000320 ) ) ;
#170 = DIRECTION ( 'NONE',  ( 1.000000000000000000, 0.000000000000000000, 0.000000000000000000 ) ) ;
#171 = EDGE_CURVE ( 'NONE', #7383, #5979, #3455, .T. ) ;
#172 = LINE ( 'NONE', #3589, #999 ) ;
#173 = PRESENTATION_LAYER_ASSIGNMENT (  '', '', ( #903 ) ) ;
#174 = ORIENTED_EDGE ( 'NONE', *, *, #6226, .F. ) ;
#175 = ORIENTED_EDGE ( 'NONE', *, *, #3203, .T. ) ;
#176 = DIRECTION ( 'NONE',  ( -0.000000000000000000, -0.000000000000000000, -1.000000000000000000 ) ) ;
#177 =( NAMED_UNIT ( * ) PLANE_ANGLE_UNIT ( ) SI_UNIT ( $, .RADIAN. ) );
#178 = AXIS2_PLACEMENT_3D ( 'NONE', #6301, #964, #1035 ) ;
#179 = CARTESIAN_POINT ( 'NONE',  ( 2.454999999999975646, 0.3327573459224363317, -4.235000000000000320 ) ) ;
#180 =( GEOMETRIC_REPRESENTATION_CONTEXT ( 3 ) GLOBAL_UNCERTAINTY_ASSIGNED_CONTEXT ( ( #4216 ) ) GLOBAL_UNIT_ASSIGNED_CONTEXT ( ( #4008, #1718, #586 ) ) REPRESENTATION_CONTEXT ( 'NONE', 'WORKASPACE' ) );
#181 = CARTESIAN_POINT ( 'NONE',  ( -1.950000000000000400, 1.109999999999987663, 4.655000000000000249 ) ) ;
#182 = ORIENTED_EDGE ( 'NONE', *, *, #836, .T. ) ;
#183 = ORIENTED_EDGE ( 'NONE', *, *, #1518, .T. ) ;
#184 = PLANE ( 'NONE',  #5482 ) ;
#185 = ORIENTED_EDGE ( 'NONE', *, *, #3422, .F. ) ;
#186 = LINE ( 'NONE', #4302, #2330 ) ;
#187 = EDGE_CURVE ( 'NONE', #814, #1419, #4149, .T. ) ;
#188 = VECTOR ( 'NONE', #4140, 1000.000000000000000 ) ;
#189 = CARTESIAN_POINT ( 'NONE',  ( -1.950000000000000400, 0.8900000000000123368, -1.694999999999999840 ) ) ;
#190 = VECTOR ( 'NONE', #6273, 1000.000000000000114 ) ;
#191 = DIRECTION ( 'NONE',  ( 0.000000000000000000, 0.000000000000000000, 1.000000000000000000 ) ) ;
#192 = CARTESIAN_POINT ( 'NONE',  ( -2.434421840245462487, 0.03847595109581208178, -3.384999999999999787 ) ) ;
#193 = EDGE_LOOP ( 'NONE', ( #6295, #1773, #2949, #5613 ) ) ;
#194 = LINE ( 'NONE', #6113, #4256 ) ;
#195 = AXIS2_PLACEMENT_3D ( 'NONE', #690, #6385, #2313 ) ;
#196 = DIRECTION ( 'NONE',  ( -8.993001040601393045E-16, 1.000000000000000000, 0.000000000000000000 ) ) ;
#197 = DIRECTION ( 'NONE',  ( 0.000000000000000000, 0.1736481776669271393, 0.9848077530122086864 ) ) ;
#198 = AXIS2_PLACEMENT_3D ( 'NONE', #3839, #6190, #3258 ) ;
#199 = ORIENTED_EDGE ( 'NONE', *, *, #4413, .F. ) ;
#200 = LINE ( 'NONE', #309, #7176 ) ;
#201 = ORIENTED_EDGE ( 'NONE', *, *, #884, .T. ) ;
#202 = CARTESIAN_POINT ( 'NONE',  ( -2.084999999999999964, 0.8150000000000123812, 2.115000000000000657 ) ) ;
#203 = VECTOR ( 'NONE', #6705, 1000.000000000000227 ) ;
#204 = EDGE_LOOP ( 'NONE', ( #3446, #1449, #2594, #2632 ) ) ;
#205 = ORIENTED_EDGE ( 'NONE', *, *, #885, .T. ) ;
#206 = FACE_OUTER_BOUND ( 'NONE', #6448, .T. ) ;
#207 =( LENGTH_UNIT ( ) NAMED_UNIT ( * ) SI_UNIT ( .MILLI., .METRE. ) );
#208 = CARTESIAN_POINT ( 'NONE',  ( -2.454999999999975646, 0.3327573459224363317, -1.694999999999999840 ) ) ;
#209 = FACE_OUTER_BOUND ( 'NONE', #1253, .T. ) ;
#210 = CIRCLE ( 'NONE', #3154, 0.07499999999999998335 ) ;
#211 = VERTEX_POINT ( 'NONE', #7556 ) ;
#212 = ADVANCED_FACE ( 'NONE', ( #3489 ), #1270, .T. ) ;
#213 = ADVANCED_FACE ( 'NONE', ( #7597 ), #6500, .F. ) ;
#214 = ORIENTED_EDGE ( 'NONE', *, *, #650, .T. ) ;
#215 = DIRECTION ( 'NONE',  ( 0.06975647374411853008, -0.9975640502598247528, 0.000000000000000000 ) ) ;
#216 = DIRECTION ( 'NONE',  ( -8.993001040601393045E-16, 1.000000000000000000, 0.000000000000000000 ) ) ;
#217 = EDGE_CURVE ( 'NONE', #7063, #6059, #4726, .T. ) ;
#218 = CARTESIAN_POINT ( 'NONE',  ( 2.379999999999975913, 0.8150000000000123812, 3.384999999999999787 ) ) ;
#219 = DIRECTION ( 'NONE',  ( 0.000000000000000000, 0.000000000000000000, 1.000000000000000000 ) ) ;
#220 = ORIENTED_EDGE ( 'NONE', *, *, #4973, .T. ) ;
#221 = ORIENTED_EDGE ( 'NONE', *, *, #2836, .F. ) ;
#222 = PLANE ( 'NONE',  #5259 ) ;
#223 = VERTEX_POINT ( 'NONE', #5919 ) ;
#224 = DIRECTION ( 'NONE',  ( -0.000000000000000000, -0.000000000000000000, -1.000000000000000000 ) ) ;
#225 = CARTESIAN_POINT ( 'NONE',  ( 2.449768264469166734, 0.2579400421529494669, 0.8450000000000003064 ) ) ;
#226 = EDGE_CURVE ( 'NONE', #4939, #4357, #4925, .T. ) ;
#227 = DIRECTION ( 'NONE',  ( -0.000000000000000000, -0.000000000000000000, -1.000000000000000000 ) ) ;
#228 = PRESENTATION_LAYER_ASSIGNMENT (  '', '', ( #4154 ) ) ;
#229 = VERTEX_POINT ( 'NONE', #5341 ) ;
#230 = EDGE_CURVE ( 'NONE', #5243, #5702, #4230, .T. ) ;
#231 = ORIENTED_EDGE ( 'NONE', *, *, #6808, .F. ) ;
#232 = DIRECTION ( 'NONE',  ( -0.000000000000000000, 0.000000000000000000, -1.000000000000000000 ) ) ;
#233 = CIRCLE ( 'NONE', #4774, 0.2949999999999762812 ) ;
#234 = CARTESIAN_POINT ( 'NONE',  ( -1.904154985015797052, 1.370000000000004325, -4.950000000000001066 ) ) ;
#235 = AXIS2_PLACEMENT_3D ( 'NONE', #3176, #2454, #219 ) ;
#236 = FACE_OUTER_BOUND ( 'NONE', #6901, .T. ) ;
#237 = AXIS2_PLACEMENT_3D ( 'NONE', #5736, #584, #4627 ) ;
#238 = VERTEX_POINT ( 'NONE', #1150 ) ;
#239 = DIRECTION ( 'NONE',  ( -1.000000000000000000, 0.000000000000000000, 0.000000000000000000 ) ) ;
#240 = ORIENTED_EDGE ( 'NONE', *, *, #2847, .F. ) ;
#241 =( NAMED_UNIT ( * ) SI_UNIT ( $, .STERADIAN. ) SOLID_ANGLE_UNIT ( ) );
#242 = VERTEX_POINT ( 'NONE', #4693 ) ;
#243 = EDGE_CURVE ( 'NONE', #1690, #522, #5957, .T. ) ;
#244 = CARTESIAN_POINT ( 'NONE',  ( 2.084999999999999964, 0.8900000000000122258, 1.695000000000000284 ) ) ;
#245 = AXIS2_PLACEMENT_3D ( 'NONE', #106, #1227, #6451 ) ;
#246 = SURFACE_SIDE_STYLE ('',( #4287 ) ) ;
#247 = CARTESIAN_POINT ( 'NONE',  ( -1.950000000000000400, 1.109999999999987663, -1.694999999999999840 ) ) ;
#248 = EDGE_CURVE ( 'NONE', #5763, #3920, #2873, .T. ) ;
#249 = PLANE ( 'NONE',  #3210 ) ;
#250 = ORIENTED_EDGE ( 'NONE', *, *, #3596, .F. ) ;
#251 = ORIENTED_EDGE ( 'NONE', *, *, #1528, .F. ) ;
#252 = CARTESIAN_POINT ( 'NONE',  ( -2.379999999999975913, 0.8150000000000123812, -4.235000000000000320 ) ) ;
#253 = AXIS2_PLACEMENT_3D ( 'NONE', #2542, #7189, #1353 ) ;
#254 = SURFACE_STYLE_USAGE ( .BOTH. , #4794 ) ;
#255 = EDGE_CURVE ( 'NONE', #928, #909, #6456, .T. ) ;
#256 = PLANE ( 'NONE',  #5652 ) ;
#257 = LINE ( 'NONE', #6141, #1592 ) ;
#258 = ORIENTED_EDGE ( 'NONE', *, *, #4156, .F. ) ;
#259 = ORIENTED_EDGE ( 'NONE', *, *, #7341, .T. ) ;
#260 = FACE_OUTER_BOUND ( 'NONE', #6796, .T. ) ;
#261 = ORIENTED_EDGE ( 'NONE', *, *, #7351, .T. ) ;
#262 = DIRECTION ( 'NONE',  ( 0.000000000000000000, 0.000000000000000000, -1.000000000000000000 ) ) ;
#263 = DIRECTION ( 'NONE',  ( 1.000000000000000000, 0.000000000000000000, 0.000000000000000000 ) ) ;
#264 = VECTOR ( 'NONE', #2348, 1000.000000000000000 ) ;
#265 = ADVANCED_FACE ( 'NONE', ( #4653 ), #6995, .F. ) ;
#266 = CIRCLE ( 'NONE', #872, 0.07499999999999998335 ) ;
#267 = CARTESIAN_POINT ( 'NONE',  ( -1.950000000000000400, 0.8900000000000123368, 0.8450000000000003064 ) ) ;
#268 = ORIENTED_EDGE ( 'NONE', *, *, #6153, .T. ) ;
#269 = VERTEX_POINT ( 'NONE', #609 ) ;
#270 = CARTESIAN_POINT ( 'NONE',  ( 3.000000000000000000, 0.2194640910571372949, -0.4250000000000000444 ) ) ;
#271 = FACE_OUTER_BOUND ( 'NONE', #1822, .T. ) ;
#272 = VECTOR ( 'NONE', #7299, 1000.000000000000000 ) ;
#273 = ADVANCED_FACE ( 'NONE', ( #71 ), #2954, .F. ) ;
#274 = ORIENTED_EDGE ( 'NONE', *, *, #1041, .F. ) ;
#275 = LINE ( 'NONE', #1436, #658 ) ;
#276 = ORIENTED_EDGE ( 'NONE', *, *, #1351, .F. ) ;
#277 = CARTESIAN_POINT ( 'NONE',  ( -1.950000000000000400, 0.8900000000000123368, -0.4250000000000000444 ) ) ;
#278 = CARTESIAN_POINT ( 'NONE',  ( -1.950000000000000400, 1.109999999999987663, -4.655000000000000249 ) ) ;
#279 = DIRECTION ( 'NONE',  ( -0.000000000000000000, -0.000000000000000000, -1.000000000000000000 ) ) ;
#280 = DIRECTION ( 'NONE',  ( 0.000000000000000000, 0.000000000000000000, 1.000000000000000000 ) ) ;
#281 = CLOSED_SHELL ( 'NONE', ( #7263, #273, #4643, #5583, #4885, #6028, #4214, #4079, #5049, #1689, #4692, #597, #5333, #4253 ) ) ;
#282 = DIRECTION ( 'NONE',  ( -0.06975647374411914070, 0.9975640502598247528, 0.000000000000000000 ) ) ;
#283 = EDGE_CURVE ( 'NONE', #6516, #2436, #2073, .T. ) ;
#284 = CIRCLE ( 'NONE', #4582, 0.07499999999999998335 ) ;
#285 = CARTESIAN_POINT ( 'NONE',  ( 1.949999999999999956, 0.8900000000000123368, -4.235000000000000320 ) ) ;
#286 = VERTEX_POINT ( 'NONE', #4883 ) ;
#287 = ORIENTED_EDGE ( 'NONE', *, *, #2045, .F. ) ;
#288 = DIRECTION ( 'NONE',  ( 0.000000000000000000, -1.000000000000000000, 0.000000000000000000 ) ) ;
#289 = CARTESIAN_POINT ( 'NONE',  ( -1.837150732346582771, 1.750000000000000000, -0.000000000000000000 ) ) ;
#290 = DIRECTION ( 'NONE',  ( -0.000000000000000000, -0.000000000000000000, -1.000000000000000000 ) ) ;
#291 = ADVANCED_FACE ( 'NONE', ( #5458 ), #7334, .F. ) ;
#292 = FACE_OUTER_BOUND ( 'NONE', #3044, .T. ) ;
#293 = EDGE_LOOP ( 'NONE', ( #4055, #7182, #763, #2302 ) ) ;
#294 = ORIENTED_EDGE ( 'NONE', *, *, #5089, .F. ) ;
#295 = VECTOR ( 'NONE', #2620, 1000.000000000000227 ) ;
#296 = DIRECTION ( 'NONE',  ( 0.000000000000000000, 0.000000000000000000, 1.000000000000000000 ) ) ;
#297 = VERTEX_POINT ( 'NONE', #3723 ) ;
#298 = CARTESIAN_POINT ( 'NONE',  ( 2.984653575776294865, -3.794707603699265519E-16, -1.694999999999999840 ) ) ;
#299 = DIRECTION ( 'NONE',  ( 0.000000000000000000, 0.000000000000000000, 1.000000000000000000 ) ) ;
#300 = FACE_OUTER_BOUND ( 'NONE', #6633, .T. ) ;
#301 = EDGE_LOOP ( 'NONE', ( #4999, #6891, #4244, #1605 ) ) ;
#302 = EDGE_CURVE ( 'NONE', #7567, #4902, #2037, .T. ) ;
#303 = ORIENTED_EDGE ( 'NONE', *, *, #306, .T. ) ;
#304 = DIRECTION ( 'NONE',  ( 1.000000000000000000, 0.000000000000000000, 0.000000000000000000 ) ) ;
#305 = DIRECTION ( 'NONE',  ( 0.000000000000000000, -1.000000000000000000, 0.000000000000000000 ) ) ;
#306 = EDGE_CURVE ( 'NONE', #3255, #3675, #7264, .T. ) ;
#307 = VERTEX_POINT ( 'NONE', #1463 ) ;
#308 = VECTOR ( 'NONE', #1329, 1000.000000000000000 ) ;
#309 = CARTESIAN_POINT ( 'NONE',  ( 1.949999999999999956, 1.109999999999987663, 4.235000000000000320 ) ) ;
#310 = ORIENTED_EDGE ( 'NONE', *, *, #462, .T. ) ;
#311 = CARTESIAN_POINT ( 'NONE',  ( 2.434421840245462487, 0.03847595109581208178, 2.115000000000000657 ) ) ;
#312 = DIRECTION ( 'NONE',  ( -0.9975640502598246417, -0.06975647374411851620, 0.000000000000000000 ) ) ;
#313 = VECTOR ( 'NONE', #6643, 1000.000000000000000 ) ;
#314 = DIRECTION ( 'NONE',  ( 0.000000000000000000, 1.000000000000000000, 0.000000000000000000 ) ) ;
#315 = DIRECTION ( 'NONE',  ( -0.000000000000000000, -0.000000000000000000, -1.000000000000000000 ) ) ;
#316 = CARTESIAN_POINT ( 'NONE',  ( 2.454999999999975646, 0.3327573459224363317, -0.8450000000000003064 ) ) ;
#317 = VECTOR ( 'NONE', #4233, 1000.000000000000000 ) ;
#318 = AXIS2_PLACEMENT_3D ( 'NONE', #2933, #2974, #1672 ) ;
#319 = DIRECTION ( 'NONE',  ( -1.000000000000000000, 0.000000000000000000, 0.000000000000000000 ) ) ;
#320 = VERTEX_POINT ( 'NONE', #1392 ) ;
#321 = ADVANCED_FACE ( 'NONE', ( #6072 ), #2545, .T. ) ;
#322 = EDGE_CURVE ( 'NONE', #7579, #4022, #4308, .T. ) ;
#323 = ORIENTED_EDGE ( 'NONE', *, *, #5229, .T. ) ;
#324 = CARTESIAN_POINT ( 'NONE',  ( 2.379999999999975469, 0.3327573459224363317, 1.695000000000000284 ) ) ;
#325 = FILL_AREA_STYLE ('',( #5121 ) ) ;
#326 = AXIS2_PLACEMENT_3D ( 'NONE', #4817, #693, #6509 ) ;
#327 = DIRECTION ( 'NONE',  ( 0.06975647374412144441, -0.9975640502598245307, 0.000000000000000000 ) ) ;
#328 = CARTESIAN_POINT ( 'NONE',  ( 2.084999999999999964, 1.109999999999987885, -1.694999999999999840 ) ) ;
#329 = ORIENTED_EDGE ( 'NONE', *, *, #4410, .F. ) ;
#330 = VERTEX_POINT ( 'NONE', #1355 ) ;
#331 = DIRECTION ( 'NONE',  ( 0.000000000000000000, 0.000000000000000000, 1.000000000000000000 ) ) ;
#332 = VERTEX_POINT ( 'NONE', #6727 ) ;
#333 = CARTESIAN_POINT ( 'NONE',  ( 2.084999999999999964, 1.109999999999987885, 2.964999999999999858 ) ) ;
#334 = EDGE_CURVE ( 'NONE', #3215, #869, #2224, .T. ) ;
#335 = CARTESIAN_POINT ( 'NONE',  ( 2.084999999999999964, 0.8150000000000123812, -4.235000000000000320 ) ) ;
#336 = EDGE_CURVE ( 'NONE', #7383, #1996, #3076, .T. ) ;
#337 = DIRECTION ( 'NONE',  ( -0.000000000000000000, -0.000000000000000000, -1.000000000000000000 ) ) ;
#338 = AXIS2_PLACEMENT_3D ( 'NONE', #2228, #5383, #5803 ) ;
#339 = VERTEX_POINT ( 'NONE', #3114 ) ;
#340 = ORIENTED_EDGE ( 'NONE', *, *, #5802, .T. ) ;
#341 = DIRECTION ( 'NONE',  ( -0.000000000000000000, -0.000000000000000000, -1.000000000000000000 ) ) ;
#342 = ORIENTED_EDGE ( 'NONE', *, *, #3321, .T. ) ;
#343 = DIRECTION ( 'NONE',  ( 1.000000000000000000, 0.000000000000000000, 0.000000000000000000 ) ) ;
#344 = EDGE_CURVE ( 'NONE', #6481, #2692, #804, .T. ) ;
#345 = EDGE_CURVE ( 'NONE', #1841, #1304, #3187, .T. ) ;
#346 = DIRECTION ( 'NONE',  ( 1.000000000000000000, -8.031127203596320741E-16, -0.000000000000000000 ) ) ;
#347 = VECTOR ( 'NONE', #7019, 1000.000000000000000 ) ;
#348 = DIRECTION ( 'NONE',  ( -8.993001040601393045E-16, -1.000000000000000000, -0.000000000000000000 ) ) ;
#349 = ORIENTED_EDGE ( 'NONE', *, *, #1085, .F. ) ;
#350 = ADVANCED_FACE ( 'NONE', ( #300 ), #6688, .T. ) ;
#351 = CARTESIAN_POINT ( 'NONE',  ( 1.949999999999999512, 0.8900000000000123368, 4.949999999999999289 ) ) ;
#352 = VECTOR ( 'NONE', #832, 1000.000000000000000 ) ;
#353 = DIRECTION ( 'NONE',  ( 1.000000000000000000, 0.000000000000000000, 0.000000000000000000 ) ) ;
#354 = DIRECTION ( 'NONE',  ( -0.9975640502598246417, -0.06975647374411851620, 0.000000000000000000 ) ) ;
#355 = VECTOR ( 'NONE', #1045, 1000.000000000000000 ) ;
#356 = CARTESIAN_POINT ( 'NONE',  ( 2.454999999999975646, 0.3327573459224363317, -1.694999999999999840 ) ) ;
#357 = EDGE_CURVE ( 'NONE', #779, #269, #3762, .T. ) ;
#358 = CARTESIAN_POINT ( 'NONE',  ( 2.379999999999975913, 0.8150000000000123812, -0.4250000000000000444 ) ) ;
#359 = ORIENTED_EDGE ( 'NONE', *, *, #2528, .F. ) ;
#360 = VECTOR ( 'NONE', #3450, 1000.000000000000114 ) ;
#361 = ORIENTED_EDGE ( 'NONE', *, *, #2965, .F. ) ;
#362 = CARTESIAN_POINT ( 'NONE',  ( -1.950000000000000400, 1.750000000000000000, -4.837150732346583659 ) ) ;
#363 = CARTESIAN_POINT ( 'NONE',  ( -1.950000000000000400, 0.8900000000000123368, -1.694999999999999840 ) ) ;
#364 = CARTESIAN_POINT ( 'NONE',  ( 1.949999999999999956, 0.8900000000000123368, -1.694999999999999840 ) ) ;
#365 = EDGE_CURVE ( 'NONE', #10, #6811, #116, .T. ) ;
#366 = VECTOR ( 'NONE', #557, 1000.000000000000000 ) ;
#367 = ORIENTED_EDGE ( 'NONE', *, *, #6014, .F. ) ;
#368 = VERTEX_POINT ( 'NONE', #2648 ) ;
#369 = DIRECTION ( 'NONE',  ( 0.000000000000000000, 0.000000000000000000, 1.000000000000000000 ) ) ;
#370 = ORIENTED_EDGE ( 'NONE', *, *, #423, .T. ) ;
#371 = PLANE ( 'NONE',  #2091 ) ;
#372 = LINE ( 'NONE', #6905, #6268 ) ;
#373 = VECTOR ( 'NONE', #3244, 1000.000000000000000 ) ;
#374 = ADVANCED_FACE ( 'NONE', ( #4989 ), #5422, .F. ) ;
#375 = DIRECTION ( 'NONE',  ( -0.000000000000000000, -0.000000000000000000, -1.000000000000000000 ) ) ;
#376 = ORIENTED_EDGE ( 'NONE', *, *, #1584, .T. ) ;
#377 = ORIENTED_EDGE ( 'NONE', *, *, #6381, .F. ) ;
#378 = FACE_OUTER_BOUND ( 'NONE', #1159, .T. ) ;
#379 = ORIENTED_EDGE ( 'NONE', *, *, #7493, .T. ) ;
#380 = CARTESIAN_POINT ( 'NONE',  ( 3.000000000000000000, 0.2194640910571372949, 0.4250000000000000444 ) ) ;
#381 = AXIS2_PLACEMENT_3D ( 'NONE', #6600, #3670, #752 ) ;
#382 = FACE_OUTER_BOUND ( 'NONE', #7220, .T. ) ;
#383 = DIRECTION ( 'NONE',  ( -0.9975640502598246417, 0.06975647374411912682, 0.000000000000000000 ) ) ;
#384 = ORIENTED_EDGE ( 'NONE', *, *, #2495, .T. ) ;
#385 = AXIS2_PLACEMENT_3D ( 'NONE', #3420, #5115, #7456 ) ;
#386 = FACE_OUTER_BOUND ( 'NONE', #4232, .T. ) ;
#387 = VECTOR ( 'NONE', #5887, 1000.000000000000000 ) ;
#388 = DIRECTION ( 'NONE',  ( -1.000000000000000000, 8.993001040601393045E-16, 0.000000000000000000 ) ) ;
#389 = DIRECTION ( 'NONE',  ( -0.1710878697460324060, -0.9702875252478150303, -0.1710878697460324060 ) ) ;
#390 = CARTESIAN_POINT ( 'NONE',  ( 2.159999999999999698, 0.3327573459224363317, 3.384999999999999787 ) ) ;
#391 = DIRECTION ( 'NONE',  ( -0.9975640502598246417, 0.06975647374411851620, -0.000000000000000000 ) ) ;
#392 = LINE ( 'NONE', #3966, #5785 ) ;
#393 = VERTEX_POINT ( 'NONE', #6620 ) ;
#394 = ORIENTED_EDGE ( 'NONE', *, *, #7439, .T. ) ;
#395 = ADVANCED_FACE ( 'NONE', ( #1970 ), #4847, .F. ) ;
#396 = CARTESIAN_POINT ( 'NONE',  ( 2.084999999999999964, 0.8150000000000123812, -2.115000000000000213 ) ) ;
#397 = CLOSED_SHELL ( 'NONE', ( #6610, #4307, #3343, #2089 ) ) ;
#398 = CARTESIAN_POINT ( 'NONE',  ( 3.000000000000000000, 0.2194640910571372949, -1.694999999999999840 ) ) ;
#399 = CYLINDRICAL_SURFACE ( 'NONE', #2706, 0.07499999999999998335 ) ;
#400 = EDGE_LOOP ( 'NONE', ( #3366, #2586, #6523, #7293, #7558, #3900, #7202, #5558, #85, #4486, #3047, #2405 ) ) ;
#401 = ORIENTED_EDGE ( 'NONE', *, *, #7341, .F. ) ;
#402 = CARTESIAN_POINT ( 'NONE',  ( 2.379999999999975469, 0.3327573459224363317, 0.8450000000000003064 ) ) ;
#403 = EDGE_CURVE ( 'NONE', #5023, #4034, #1474, .T. ) ;
#404 = ORIENTED_EDGE ( 'NONE', *, *, #4713, .F. ) ;
#405 = CARTESIAN_POINT ( 'NONE',  ( 1.949999999999999956, 0.8900000000000123368, 3.384999999999999787 ) ) ;
#406 = DIRECTION ( 'NONE',  ( -0.9975640502598246417, -0.06975647374411912682, 0.000000000000000000 ) ) ;
#407 = CARTESIAN_POINT ( 'NONE',  ( -2.454999999999975646, 0.3327573459224363317, 1.695000000000000284 ) ) ;
#408 = COLOUR_RGB ( '',0.7921568627450980005, 0.8196078431372548767, 0.9333333333333333481 ) ;
#409 = VERTEX_POINT ( 'NONE', #2219 ) ;
#410 = EDGE_CURVE ( 'NONE', #6533, #4293, #5132, .T. ) ;
#411 = ORIENTED_EDGE ( 'NONE', *, *, #1100, .T. ) ;
#412 = CARTESIAN_POINT ( 'NONE',  ( -2.084999999999999964, 0.8150000000000123812, 1.695000000000000284 ) ) ;
#413 = ORIENTED_EDGE ( 'NONE', *, *, #5849, .T. ) ;
#414 = CARTESIAN_POINT ( 'NONE',  ( -2.454999999999975646, 0.3327573459224363317, -4.235000000000000320 ) ) ;
#415 = EDGE_CURVE ( 'NONE', #3541, #7542, #7473, .T. ) ;
#416 = DIRECTION ( 'NONE',  ( -0.000000000000000000, -0.000000000000000000, -1.000000000000000000 ) ) ;
#417 = LINE ( 'NONE', #5804, #5591 ) ;
#418 = EDGE_LOOP ( 'NONE', ( #703, #6347, #5601, #3732 ) ) ;
#419 = LINE ( 'NONE', #3535, #6327 ) ;
#420 = DIRECTION ( 'NONE',  ( -0.000000000000000000, -0.000000000000000000, -1.000000000000000000 ) ) ;
#421 = CARTESIAN_POINT ( 'NONE',  ( -1.783375384548076203, 2.054975152313295972, -4.783375384548076426 ) ) ;
#422 = DIRECTION ( 'NONE',  ( 0.000000000000000000, 0.000000000000000000, 1.000000000000000000 ) ) ;
#423 = EDGE_CURVE ( 'NONE', #4204, #5243, #2681, .T. ) ;
#424 = MECHANICAL_DESIGN_GEOMETRIC_PRESENTATION_REPRESENTATION (  '', ( #1923 ), #4367 ) ;
#425 = SURFACE_STYLE_USAGE ( .BOTH. , #7422 ) ;
#426 = DIRECTION ( 'NONE',  ( -0.000000000000000000, -0.000000000000000000, -1.000000000000000000 ) ) ;
#427 = EDGE_LOOP ( 'NONE', ( #1036, #1999, #2579, #3483 ) ) ;
#428 = VERTEX_POINT ( 'NONE', #3254 ) ;
#429 = DIRECTION ( 'NONE',  ( -1.000000000000000000, -0.000000000000000000, -0.000000000000000000 ) ) ;
#430 = VECTOR ( 'NONE', #7376, 1000.000000000000227 ) ;
#431 = DIRECTION ( 'NONE',  ( -8.993001040601393045E-16, -1.000000000000000000, -0.000000000000000000 ) ) ;
#432 = AXIS2_PLACEMENT_3D ( 'NONE', #5092, #7437, #2180 ) ;
#433 = EDGE_CURVE ( 'NONE', #307, #7063, #3292, .T. ) ;
#434 = EDGE_CURVE ( 'NONE', #7393, #6079, #4455, .T. ) ;
#435 = VECTOR ( 'NONE', #1892, 1000.000000000000114 ) ;
#436 = ORIENTED_EDGE ( 'NONE', *, *, #6945, .T. ) ;
#437 = VERTEX_POINT ( 'NONE', #6907 ) ;
#438 = ADVANCED_FACE ( 'NONE', ( #2751 ), #5170, .F. ) ;
#439 = FACE_OUTER_BOUND ( 'NONE', #4424, .T. ) ;
#440 = VECTOR ( 'NONE', #5696, 1000.000000000000114 ) ;
#441 = LINE ( 'NONE', #3868, #6379 ) ;
#442 = CARTESIAN_POINT ( 'NONE',  ( -2.984653575776294865, -3.794707603699265519E-16, -4.235000000000000320 ) ) ;
#443 = AXIS2_PLACEMENT_3D ( 'NONE', #5545, #5438, #1982 ) ;
#444 = CARTESIAN_POINT ( 'NONE',  ( -2.984653575776294865, -3.794707603699265519E-16, -2.115000000000000213 ) ) ;
#445 = VERTEX_POINT ( 'NONE', #2147 ) ;
#446 = ORIENTED_EDGE ( 'NONE', *, *, #5350, .T. ) ;
#447 = CARTESIAN_POINT ( 'NONE',  ( 2.984653575776294865, -3.794707603699265519E-16, 0.4250000000000000444 ) ) ;
#448 = ORIENTED_EDGE ( 'NONE', *, *, #2072, .F. ) ;
#449 = LINE ( 'NONE', #5034, #732 ) ;
#450 = EDGE_CURVE ( 'NONE', #4460, #4023, #1024, .T. ) ;
#451 = ADVANCED_FACE ( 'NONE', ( #2114 ), #4491, .T. ) ;
#452 = CARTESIAN_POINT ( 'NONE',  ( -1.050000000000000266, 1.750000000000000000, -4.550000000000002487 ) ) ;
#453 = CARTESIAN_POINT ( 'NONE',  ( -2.084999999999999964, 0.8900000000000123368, -2.964999999999999858 ) ) ;
#454 = ORIENTED_EDGE ( 'NONE', *, *, #6646, .F. ) ;
#455 = DIRECTION ( 'NONE',  ( 1.000000000000000000, 0.000000000000000000, -0.000000000000000000 ) ) ;
#456 = LINE ( 'NONE', #6851, #1425 ) ;
#457 = CARTESIAN_POINT ( 'NONE',  ( 0.000000000000000000, 1.750000000000000000, -4.837150732346583659 ) ) ;
#458 = DIRECTION ( 'NONE',  ( -0.9975640502598246417, -0.06975647374411912682, 0.000000000000000000 ) ) ;
#459 = PRESENTATION_STYLE_ASSIGNMENT (( #5187 ) ) ;
#460 = DIRECTION ( 'NONE',  ( 1.000000000000000000, 8.031127203596346379E-16, 0.000000000000000000 ) ) ;
#461 = ORIENTED_EDGE ( 'NONE', *, *, #6862, .F. ) ;
#462 = EDGE_CURVE ( 'NONE', #2150, #7255, #6752, .T. ) ;
#463 = CARTESIAN_POINT ( 'NONE',  ( -2.084999999999999964, 0.8900000000000123368, -4.235000000000000320 ) ) ;
#464 = AXIS2_PLACEMENT_3D ( 'NONE', #166, #6051, #5543 ) ;
#465 = ORIENTED_EDGE ( 'NONE', *, *, #1791, .F. ) ;
#466 = EDGE_CURVE ( 'NONE', #1213, #6724, #6137, .T. ) ;
#467 = CARTESIAN_POINT ( 'NONE',  ( -2.084999999999999964, 0.8150000000000123812, 0.8450000000000003064 ) ) ;
#468 = AXIS2_PLACEMENT_3D ( 'NONE', #4982, #7330, #1535 ) ;
#469 = EDGE_CURVE ( 'NONE', #4357, #5137, #1576, .T. ) ;
#470 = CARTESIAN_POINT ( 'NONE',  ( -3.000000000000000000, 0.2194640910571372949, -0.8450000000000003064 ) ) ;
#471 = PLANE ( 'NONE',  #538 ) ;
#472 = CARTESIAN_POINT ( 'NONE',  ( -2.449768264469166734, 0.2579400421529494669, -1.694999999999999840 ) ) ;
#473 = AXIS2_PLACEMENT_3D ( 'NONE', #6475, #6434, #6352 ) ;
#474 = VERTEX_POINT ( 'NONE', #6262 ) ;
#475 = VECTOR ( 'NONE', #5714, 1000.000000000000000 ) ;
#476 = ORIENTED_EDGE ( 'NONE', *, *, #2264, .T. ) ;
#477 = ORIENTED_EDGE ( 'NONE', *, *, #7151, .T. ) ;
#478 = CARTESIAN_POINT ( 'NONE',  ( 2.449768264469166734, 0.2579400421529494669, -2.115000000000000213 ) ) ;
#479 = EDGE_CURVE ( 'NONE', #3910, #3605, #991, .T. ) ;
#480 = DIRECTION ( 'NONE',  ( 1.000000000000000000, 0.000000000000000000, 0.000000000000000000 ) ) ;
#481 = DIRECTION ( 'NONE',  ( -1.000000000000000000, 0.000000000000000000, 0.000000000000000000 ) ) ;
#482 = DIRECTION ( 'NONE',  ( -0.000000000000000000, -0.000000000000000000, -1.000000000000000000 ) ) ;
#483 = DIRECTION ( 'NONE',  ( 1.000000000000000000, 8.031127203596346379E-16, 0.000000000000000000 ) ) ;
#484 = VERTEX_POINT ( 'NONE', #5683 ) ;
#485 = ORIENTED_EDGE ( 'NONE', *, *, #4438, .T. ) ;
#486 = LINE ( 'NONE', #3527, #7071 ) ;
#487 = ORIENTED_EDGE ( 'NONE', *, *, #5691, .T. ) ;
#488 = LINE ( 'NONE', #2725, #6870 ) ;
#489 = EDGE_CURVE ( 'NONE', #3911, #484, #1648, .T. ) ;
#490 = AXIS2_PLACEMENT_3D ( 'NONE', #4218, #7217, #6139 ) ;
#491 = PLANE ( 'NONE',  #6236 ) ;
#492 = DIRECTION ( 'NONE',  ( 1.000000000000000000, 0.000000000000000000, -0.000000000000000000 ) ) ;
#493 = EDGE_LOOP ( 'NONE', ( #5033, #7053, #2722, #3322 ) ) ;
#494 = FACE_OUTER_BOUND ( 'NONE', #5365, .T. ) ;
#495 = LINE ( 'NONE', #5226, #6320 ) ;
#496 = AXIS2_PLACEMENT_3D ( 'NONE', #4290, #6637, #1374 ) ;
#497 = EDGE_CURVE ( 'NONE', #1419, #5494, #3946, .T. ) ;
#498 = FACE_OUTER_BOUND ( 'NONE', #4734, .T. ) ;
#499 = CARTESIAN_POINT ( 'NONE',  ( 2.984653575776294865, -3.794707603699265519E-16, 3.384999999999999787 ) ) ;
#500 = AXIS2_PLACEMENT_3D ( 'NONE', #6346, #426, #5700 ) ;
#501 = DIRECTION ( 'NONE',  ( -0.000000000000000000, 0.000000000000000000, -1.000000000000000000 ) ) ;
#502 = VECTOR ( 'NONE', #6964, 1000.000000000000114 ) ;
#503 = DIRECTION ( 'NONE',  ( 0.000000000000000000, 0.000000000000000000, -1.000000000000000000 ) ) ;
#504 = ORIENTED_EDGE ( 'NONE', *, *, #6825, .T. ) ;
#505 = CARTESIAN_POINT ( 'NONE',  ( -2.379999999999975913, 0.8150000000000123812, -0.4250000000000000444 ) ) ;
#506 = ORIENTED_EDGE ( 'NONE', *, *, #45, .T. ) ;
#508 = FACE_OUTER_BOUND ( 'NONE', #6450, .T. ) ;
#507 = LINE ( 'NONE', #3507, #6341 ) ;
#509 = FILL_AREA_STYLE ('',( #4669 ) ) ;
#510 = DIRECTION ( 'NONE',  ( -0.000000000000000000, -0.000000000000000000, -1.000000000000000000 ) ) ;
#511 = VECTOR ( 'NONE', #354, 1000.000000000000227 ) ;
#512 = DIRECTION ( 'NONE',  ( 0.000000000000000000, 0.000000000000000000, 1.000000000000000000 ) ) ;
#513 = ORIENTED_EDGE ( 'NONE', *, *, #2801, .F. ) ;
#514 = ORIENTED_EDGE ( 'NONE', *, *, #6151, .T. ) ;
#515 = EDGE_LOOP ( 'NONE', ( #796, #4045, #4655, #562 ) ) ;
#516 = DIRECTION ( 'NONE',  ( 0.000000000000000000, 1.000000000000000000, 0.000000000000000000 ) ) ;
#517 = CARTESIAN_POINT ( 'NONE',  ( -2.454999999999975646, 0.3327573459224363317, -0.8450000000000003064 ) ) ;
#518 = DIRECTION ( 'NONE',  ( 8.993001040601393045E-16, 1.000000000000000000, 0.000000000000000000 ) ) ;
#519 = DIRECTION ( 'NONE',  ( 8.993001040601393045E-16, -1.000000000000000000, 0.000000000000000000 ) ) ;
#520 = CARTESIAN_POINT ( 'NONE',  ( -2.084999999999999964, 0.8900000000000122258, -0.4250000000000000444 ) ) ;
#521 = EDGE_LOOP ( 'NONE', ( #3718, #4191, #1854, #4700 ) ) ;
#522 = VERTEX_POINT ( 'NONE', #444 ) ;
#523 = PLANE ( 'NONE',  #3759 ) ;
#524 = VERTEX_POINT ( 'NONE', #2785 ) ;
#525 = CARTESIAN_POINT ( 'NONE',  ( 2.379999999999975469, 0.3327573459224363317, -1.694999999999999840 ) ) ;
#526 = DIRECTION ( 'NONE',  ( -0.06975647374411853008, -0.9975640502598247528, 0.000000000000000000 ) ) ;
#527 = DIRECTION ( 'NONE',  ( 1.000000000000000000, 0.000000000000000000, 0.000000000000000000 ) ) ;
#528 = EDGE_CURVE ( 'NONE', #3675, #5286, #1060, .T. ) ;
#529 = EDGE_CURVE ( 'NONE', #3214, #6213, #2821, .T. ) ;
#530 = CARTESIAN_POINT ( 'NONE',  ( 2.449768264469166734, 0.2579400421529494669, -3.384999999999999787 ) ) ;
#531 = ORIENTED_EDGE ( 'NONE', *, *, #462, .F. ) ;
#532 = LINE ( 'NONE', #2877, #1174 ) ;
#533 = CARTESIAN_POINT ( 'NONE',  ( 2.984653575776294865, -3.794707603699265519E-16, 2.964999999999999858 ) ) ;
#534 = VECTOR ( 'NONE', #348, 1000.000000000000000 ) ;
#535 = EDGE_CURVE ( 'NONE', #1891, #3326, #1182, .T. ) ;
#536 = DIRECTION ( 'NONE',  ( -0.000000000000000000, -0.000000000000000000, -1.000000000000000000 ) ) ;
#537 = DIRECTION ( 'NONE',  ( 0.000000000000000000, 0.000000000000000000, 1.000000000000000000 ) ) ;
#538 = AXIS2_PLACEMENT_3D ( 'NONE', #1762, #4594, #2286 ) ;
#539 = DIRECTION ( 'NONE',  ( 8.993001040601393045E-16, -1.000000000000000000, 0.000000000000000000 ) ) ;
#540 = VERTEX_POINT ( 'NONE', #4061 ) ;
#541 = ORIENTED_EDGE ( 'NONE', *, *, #217, .T. ) ;
#542 = VECTOR ( 'NONE', #5792, 1000.000000000000000 ) ;
#544 = PLANE ( 'NONE',  #1082 ) ;
#543 = CARTESIAN_POINT ( 'NONE',  ( -2.379999999999975913, 0.8150000000000123812, -0.4250000000000000444 ) ) ;
#545 = FACE_OUTER_BOUND ( 'NONE', #7593, .T. ) ;
#546 = CARTESIAN_POINT ( 'NONE',  ( -2.084999999999999964, 0.8900000000000122258, -2.115000000000000213 ) ) ;
#547 = ADVANCED_FACE ( 'NONE', ( #559 ), #2943, .F. ) ;
#548 = ORIENTED_EDGE ( 'NONE', *, *, #7290, .F. ) ;
#549 = ADVANCED_FACE ( 'NONE', ( #6488 ), #5374, .T. ) ;
#550 = AXIS2_PLACEMENT_3D ( 'NONE', #883, #3881, #6157 ) ;
#551 = ORIENTED_EDGE ( 'NONE', *, *, #1041, .T. ) ;
#552 = AXIS2_PLACEMENT_3D ( 'NONE', #7155, #232, #6042 ) ;
#553 = ORIENTED_EDGE ( 'NONE', *, *, #4535, .T. ) ;
#554 = CARTESIAN_POINT ( 'NONE',  ( -2.379999999999975913, 0.8150000000000123812, 0.8450000000000003064 ) ) ;
#555 = DIRECTION ( 'NONE',  ( 1.000000000000000000, 0.000000000000000000, 0.000000000000000000 ) ) ;
#556 = AXIS2_PLACEMENT_3D ( 'NONE', #5166, #1093, #4714 ) ;
#557 = DIRECTION ( 'NONE',  ( 0.000000000000000000, 0.000000000000000000, 1.000000000000000000 ) ) ;
#558 = VECTOR ( 'NONE', #7064, 1000.000000000000114 ) ;
#559 = FACE_OUTER_BOUND ( 'NONE', #3968, .T. ) ;
#560 = LINE ( 'NONE', #1650, #4530 ) ;
#561 = AXIS2_PLACEMENT_3D ( 'NONE', #4089, #2400, #4048 ) ;
#562 = ORIENTED_EDGE ( 'NONE', *, *, #4279, .T. ) ;
#563 = VERTEX_POINT ( 'NONE', #99 ) ;
#564 = CARTESIAN_POINT ( 'NONE',  ( -1.950000000000000400, -10.64048871058091983, -4.950000000000001066 ) ) ;
#565 = ORIENTED_EDGE ( 'NONE', *, *, #7259, .T. ) ;
#566 = DIRECTION ( 'NONE',  ( 0.06975647374412144441, -0.9975640502598245307, 0.000000000000000000 ) ) ;
#567 = LINE ( 'NONE', #645, #4326 ) ;
#568 = VECTOR ( 'NONE', #6885, 1000.000000000000000 ) ;
#569 = DIRECTION ( 'NONE',  ( -0.000000000000000000, -0.000000000000000000, -1.000000000000000000 ) ) ;
#570 = DIRECTION ( 'NONE',  ( -0.000000000000000000, -0.000000000000000000, -1.000000000000000000 ) ) ;
#571 = ORIENTED_EDGE ( 'NONE', *, *, #3514, .F. ) ;
#572 = PLANE ( 'NONE',  #4252 ) ;
#573 = LINE ( 'NONE', #533, #925 ) ;
#574 = CARTESIAN_POINT ( 'NONE',  ( 2.984653575776294865, -3.794707603699265519E-16, -0.4250000000000000444 ) ) ;
#575 = EDGE_CURVE ( 'NONE', #5109, #4298, #4682, .T. ) ;
#576 = FACE_OUTER_BOUND ( 'NONE', #3829, .T. ) ;
#577 = VERTEX_POINT ( 'NONE', #7060 ) ;
#578 = EDGE_CURVE ( 'NONE', #2570, #4436, #5466, .T. ) ;
#579 = DIRECTION ( 'NONE',  ( -1.000000000000000000, -8.031127203596346379E-16, 0.000000000000000000 ) ) ;
#580 = ORIENTED_EDGE ( 'NONE', *, *, #4996, .F. ) ;
#581 = CARTESIAN_POINT ( 'NONE',  ( 2.159999999999999698, 0.3327573459224363317, -0.4250000000000000444 ) ) ;
#582 = ORIENTED_EDGE ( 'NONE', *, *, #6944, .F. ) ;
#584 = DIRECTION ( 'NONE',  ( -0.000000000000000000, -0.000000000000000000, -1.000000000000000000 ) ) ;
#583 = CARTESIAN_POINT ( 'NONE',  ( -2.449768264469166734, 0.2579400421529493004, -2.964999999999999858 ) ) ;
#585 =( NAMED_UNIT ( * ) PLANE_ANGLE_UNIT ( ) SI_UNIT ( $, .RADIAN. ) );
#586 =( NAMED_UNIT ( * ) SI_UNIT ( $, .STERADIAN. ) SOLID_ANGLE_UNIT ( ) );
#587 = EDGE_CURVE ( 'NONE', #5316, #238, #3479, .T. ) ;
#588 = LINE ( 'NONE', #3433, #6645 ) ;
#589 = VECTOR ( 'NONE', #5019, 1000.000000000000000 ) ;
#590 = ORIENTED_EDGE ( 'NONE', *, *, #6955, .F. ) ;
#591 = VECTOR ( 'NONE', #6650, 1000.000000000000000 ) ;
#592 = EDGE_LOOP ( 'NONE', ( #1944, #762, #4779, #2641 ) ) ;
#593 = DIRECTION ( 'NONE',  ( -0.9975640502598246417, -0.06975647374411851620, 0.000000000000000000 ) ) ;
#594 = CYLINDRICAL_SURFACE ( 'NONE', #4492, 0.07499999999999998335 ) ;
#595 = AXIS2_PLACEMENT_3D ( 'NONE', #1924, #4263, #3714 ) ;
#596 = CARTESIAN_POINT ( 'NONE',  ( -2.449768264469166734, 0.2579400421529493004, 2.964999999999999858 ) ) ;
#597 = ADVANCED_FACE ( 'NONE', ( #5830 ), #2414, .F. ) ;
#598 = AXIS2_PLACEMENT_3D ( 'NONE', #7011, #5857, #2284 ) ;
#599 = LINE ( 'NONE', #4717, #188 ) ;
#600 = CARTESIAN_POINT ( 'NONE',  ( 1.949999999999999956, 0.8900000000000123368, 2.964999999999999858 ) ) ;
#601 = ORIENTED_EDGE ( 'NONE', *, *, #6417, .T. ) ;
#602 = ORIENTED_EDGE ( 'NONE', *, *, #6899, .F. ) ;
#603 = PLANE ( 'NONE',  #2543 ) ;
#604 = VECTOR ( 'NONE', #6914, 1000.000000000000000 ) ;
#605 = VERTEX_POINT ( 'NONE', #3021 ) ;
#606 = CYLINDRICAL_SURFACE ( 'NONE', #3417, 0.07500000000000041356 ) ;
#607 = CARTESIAN_POINT ( 'NONE',  ( 1.949999999999999956, 0.8900000000000123368, 2.115000000000000657 ) ) ;
#608 = EDGE_CURVE ( 'NONE', #3159, #7542, #1259, .T. ) ;
#609 = CARTESIAN_POINT ( 'NONE',  ( 2.084999999999999964, 0.8900000000000122258, 0.4250000000000000444 ) ) ;
#610 = CARTESIAN_POINT ( 'NONE',  ( 2.084999999999999964, 1.109999999999987885, 2.115000000000000657 ) ) ;
#611 = ORIENTED_EDGE ( 'NONE', *, *, #6304, .F. ) ;
#612 = CARTESIAN_POINT ( 'NONE',  ( 2.084999999999999964, 1.109999999999987885, 3.384999999999999787 ) ) ;
#613 = AXIS2_PLACEMENT_3D ( 'NONE', #2027, #6099, #3138 ) ;
#614 = DIRECTION ( 'NONE',  ( -0.000000000000000000, -0.000000000000000000, -1.000000000000000000 ) ) ;
#615 = DIRECTION ( 'NONE',  ( 1.000000000000000000, 0.000000000000000000, 0.000000000000000000 ) ) ;
#616 = CARTESIAN_POINT ( 'NONE',  ( -3.000000000000000000, 0.2194640910571372949, 3.384999999999999787 ) ) ;
#617 = AXIS2_PLACEMENT_3D ( 'NONE', #7430, #6209, #4519 ) ;
#618 = ORIENTED_EDGE ( 'NONE', *, *, #673, .T. ) ;
#619 = EDGE_CURVE ( 'NONE', #5980, #6429, #4605, .T. ) ;
#620 = CARTESIAN_POINT ( 'NONE',  ( 2.379999999999975913, 0.8150000000000123812, -2.964999999999999858 ) ) ;
#621 = ORIENTED_EDGE ( 'NONE', *, *, #2428, .T. ) ;
#622 = SURFACE_SIDE_STYLE ('',( #701 ) ) ;
#623 = EDGE_LOOP ( 'NONE', ( #4877, #2378, #5384, #4710, #1428, #2713, #7467, #2386, #2969, #2183, #2710, #6542 ) ) ;
#625 = LINE ( 'NONE', #2440, #2932 ) ;
#624 = LINE ( 'NONE', #86, #4264 ) ;
#626 = AXIS2_PLACEMENT_3D ( 'NONE', #647, #5841, #687 ) ;
#627 = PLANE ( 'NONE',  #318 ) ;
#628 = FACE_OUTER_BOUND ( 'NONE', #1907, .T. ) ;
#629 = DIRECTION ( 'NONE',  ( -0.000000000000000000, -0.000000000000000000, -1.000000000000000000 ) ) ;
#630 = AXIS2_PLACEMENT_3D ( 'NONE', #1209, #5739, #3551 ) ;
#631 = ORIENTED_EDGE ( 'NONE', *, *, #3731, .T. ) ;
#632 = ADVANCED_FACE ( 'NONE', ( #1099 ), #2338, .F. ) ;
#633 = ORIENTED_EDGE ( 'NONE', *, *, #1584, .F. ) ;
#634 = AXIS2_PLACEMENT_3D ( 'NONE', #6035, #6579, #4270 ) ;
#635 = DIRECTION ( 'NONE',  ( -0.000000000000000000, -0.000000000000000000, -1.000000000000000000 ) ) ;
#636 = LINE ( 'NONE', #1257, #1556 ) ;
#637 = PLANE ( 'NONE',  #6026 ) ;
#638 = CARTESIAN_POINT ( 'NONE',  ( 2.159999999999999698, 0.3327573459224363317, 4.655000000000000249 ) ) ;
#639 = FACE_OUTER_BOUND ( 'NONE', #1401, .T. ) ;
#640 = ORIENTED_EDGE ( 'NONE', *, *, #4101, .F. ) ;
#641 = VERTEX_POINT ( 'NONE', #1770 ) ;
#642 = DIRECTION ( 'NONE',  ( 0.000000000000000000, 0.000000000000000000, -1.000000000000000000 ) ) ;
#643 = ORIENTED_EDGE ( 'NONE', *, *, #4661, .T. ) ;
#644 = LINE ( 'NONE', #3486, #360 ) ;
#645 = CARTESIAN_POINT ( 'NONE',  ( 3.000000000000000000, 0.2194640910571372949, -0.8450000000000003064 ) ) ;
#646 = EDGE_CURVE ( 'NONE', #3526, #2436, #676, .T. ) ;
#647 = CARTESIAN_POINT ( 'NONE',  ( -2.454999999999975646, 0.3327573459224363317, 3.384999999999999787 ) ) ;
#648 =( NAMED_UNIT ( * ) SI_UNIT ( $, .STERADIAN. ) SOLID_ANGLE_UNIT ( ) );
#649 = ORIENTED_EDGE ( 'NONE', *, *, #608, .F. ) ;
#650 = EDGE_CURVE ( 'NONE', #4373, #6172, #3861, .T. ) ;
#651 = FACE_OUTER_BOUND ( 'NONE', #5134, .T. ) ;
#652 = DIRECTION ( 'NONE',  ( 0.9975640502598246417, -0.06975647374411912682, -0.000000000000000000 ) ) ;
#653 = PLANE ( 'NONE',  #2055 ) ;
#654 = LINE ( 'NONE', #3086, #4691 ) ;
#655 = ORIENTED_EDGE ( 'NONE', *, *, #4333, .T. ) ;
#656 = PLANE ( 'NONE',  #2629 ) ;
#657 = ORIENTED_EDGE ( 'NONE', *, *, #2519, .T. ) ;
#658 = VECTOR ( 'NONE', #6665, 1000.000000000000000 ) ;
#659 = FACE_OUTER_BOUND ( 'NONE', #3111, .T. ) ;
#660 = ADVANCED_FACE ( 'NONE', ( #4098 ), #1686, .T. ) ;
#661 = ORIENTED_EDGE ( 'NONE', *, *, #3100, .F. ) ;
#663 = CARTESIAN_POINT ( 'NONE',  ( -1.950000000000000400, 0.8900000000000123368, 3.384999999999999787 ) ) ;
#662 = LINE ( 'NONE', #3624, #5111 ) ;
#664 = CARTESIAN_POINT ( 'NONE',  ( 2.160000000000000142, 0.8150000000000123812, 4.235000000000000320 ) ) ;
#665 = EDGE_CURVE ( 'NONE', #6172, #826, #3443, .T. ) ;
#666 = DIRECTION ( 'NONE',  ( -0.000000000000000000, -0.000000000000000000, -1.000000000000000000 ) ) ;
#667 = VECTOR ( 'NONE', #5976, 1000.000000000000000 ) ;
#668 = EDGE_LOOP ( 'NONE', ( #618, #2899, #1981, #3986 ) ) ;
#669 = ORIENTED_EDGE ( 'NONE', *, *, #7495, .T. ) ;
#670 = FACE_OUTER_BOUND ( 'NONE', #6118, .T. ) ;
#671 = SURFACE_STYLE_FILL_AREA ( #2599 ) ;
#672 = PLANE ( 'NONE',  #4671 ) ;
#673 = EDGE_CURVE ( 'NONE', #6047, #6802, #599, .T. ) ;
#674 = ADVANCED_FACE ( 'NONE', ( #2862 ), #5208, .F. ) ;
#675 = CIRCLE ( 'NONE', #7421, 0.07500000000000041356 ) ;
#676 = LINE ( 'NONE', #7098, #5085 ) ;
#677 = EDGE_CURVE ( 'NONE', #3295, #1869, #6571, .T. ) ;
#678 = DIRECTION ( 'NONE',  ( -0.000000000000000000, -0.000000000000000000, -1.000000000000000000 ) ) ;
#679 = ORIENTED_EDGE ( 'NONE', *, *, #2272, .F. ) ;
#680 = ORIENTED_EDGE ( 'NONE', *, *, #1647, .F. ) ;
#681 = CARTESIAN_POINT ( 'NONE',  ( 3.000000000000000000, 0.2194640910571372949, 2.115000000000000657 ) ) ;
#682 = VERTEX_POINT ( 'NONE', #2021 ) ;
#683 = LINE ( 'NONE', #3028, #2578 ) ;
#684 = CARTESIAN_POINT ( 'NONE',  ( 3.000000000000000000, 0.2194640910571372949, 0.4250000000000000444 ) ) ;
#685 = VECTOR ( 'NONE', #5387, 1000.000000000000000 ) ;
#686 = STYLED_ITEM ( 'NONE', ( #7395 ), #6367 ) ;
#687 = DIRECTION ( 'NONE',  ( -1.000000000000000000, 0.000000000000000000, 0.000000000000000000 ) ) ;
#688 = LINE ( 'NONE', #3493, #6561 ) ;
#689 = VERTEX_POINT ( 'NONE', #2666 ) ;
#690 = CARTESIAN_POINT ( 'NONE',  ( 2.084999999999999964, 0.8150000000000123812, -4.655000000000000249 ) ) ;
#691 = CARTESIAN_POINT ( 'NONE',  ( -2.160000000000000142, 0.8150000000000123812, -0.8450000000000003064 ) ) ;
#692 = CIRCLE ( 'NONE', #4009, 0.2949999999999756151 ) ;
#693 = DIRECTION ( 'NONE',  ( -0.000000000000000000, -0.000000000000000000, -1.000000000000000000 ) ) ;
#694 = LINE ( 'NONE', #3041, #4816 ) ;
#695 = ADVANCED_FACE ( 'NONE', ( #719 ), #3238, .F. ) ;
#696 = ADVANCED_FACE ( 'NONE', ( #3639 ), #5585, .T. ) ;
#697 = ORIENTED_EDGE ( 'NONE', *, *, #2881, .T. ) ;
#698 = CIRCLE ( 'NONE', #3273, 0.2949999999999762812 ) ;
#699 = PLANE ( 'NONE',  #1156 ) ;
#700 = ORIENTED_EDGE ( 'NONE', *, *, #6044, .F. ) ;
#701 = SURFACE_STYLE_FILL_AREA ( #3544 ) ;
#702 = ORIENTED_EDGE ( 'NONE', *, *, #6852, .F. ) ;
#703 = ORIENTED_EDGE ( 'NONE', *, *, #4924, .T. ) ;
#705 = FACE_OUTER_BOUND ( 'NONE', #3316, .T. ) ;
#704 = CARTESIAN_POINT ( 'NONE',  ( -3.000000000000000000, 0.2194640910571372949, 4.235000000000000320 ) ) ;
#706 = LINE ( 'NONE', #3010, #3380 ) ;
#707 = FACE_OUTER_BOUND ( 'NONE', #2046, .T. ) ;
#708 = DIRECTION ( 'NONE',  ( 0.000000000000000000, 0.000000000000000000, 1.000000000000000000 ) ) ;
#709 = EDGE_CURVE ( 'NONE', #4203, #6429, #3853, .T. ) ;
#710 = CIRCLE ( 'NONE', #5248, 0.2949999999999762812 ) ;
#711 = VERTEX_POINT ( 'NONE', #6241 ) ;
#712 = EDGE_CURVE ( 'NONE', #7342, #524, #6746, .T. ) ;
#713 = ADVANCED_FACE ( 'NONE', ( #2496 ), #1524, .F. ) ;
#714 = ORIENTED_EDGE ( 'NONE', *, *, #6739, .T. ) ;
#715 = CARTESIAN_POINT ( 'NONE',  ( 2.449768264469166734, 0.2579400421529494669, -1.694999999999999840 ) ) ;
#716 = PRESENTATION_STYLE_ASSIGNMENT (( #4905 ) ) ;
#717 = DIRECTION ( 'NONE',  ( 0.000000000000000000, 0.000000000000000000, 1.000000000000000000 ) ) ;
#718 = VECTOR ( 'NONE', #1660, 1000.000000000000000 ) ;
#719 = FACE_OUTER_BOUND ( 'NONE', #5481, .T. ) ;
#720 = EDGE_CURVE ( 'NONE', #2692, #1891, #1638, .T. ) ;
#721 = FACE_OUTER_BOUND ( 'NONE', #4100, .T. ) ;
#722 = ORIENTED_EDGE ( 'NONE', *, *, #3649, .F. ) ;
#723 = EDGE_CURVE ( 'NONE', #269, #7016, #284, .T. ) ;
#724 = ORIENTED_EDGE ( 'NONE', *, *, #3300, .F. ) ;
#725 = CARTESIAN_POINT ( 'NONE',  ( 2.984653575776294865, -3.794707603699265519E-16, 0.8450000000000003064 ) ) ;
#726 = AXIS2_PLACEMENT_3D ( 'NONE', #6348, #1078, #2281 ) ;
#727 = ORIENTED_EDGE ( 'NONE', *, *, #2390, .T. ) ;
#728 = CARTESIAN_POINT ( 'NONE',  ( -1.050000000000000266, 1.700000000000000178, -4.100000000000002309 ) ) ;
#729 = VECTOR ( 'NONE', #12, 1000.000000000000000 ) ;
#730 = CARTESIAN_POINT ( 'NONE',  ( 1.949999999999999956, 0.8900000000000123368, 3.384999999999999787 ) ) ;
#731 = DIRECTION ( 'NONE',  ( -1.000000000000000000, 0.000000000000000000, 0.000000000000000000 ) ) ;
#732 = VECTOR ( 'NONE', #6192, 1000.000000000000000 ) ;
#733 = DIRECTION ( 'NONE',  ( -0.000000000000000000, -0.000000000000000000, -1.000000000000000000 ) ) ;
#734 = ORIENTED_EDGE ( 'NONE', *, *, #3735, .F. ) ;
#735 = EDGE_CURVE ( 'NONE', #3984, #1928, #7178, .T. ) ;
#736 = CARTESIAN_POINT ( 'NONE',  ( 2.454999999999975646, 0.3327573459224363317, 0.8450000000000003064 ) ) ;
#737 = DIRECTION ( 'NONE',  ( 0.9975640502598246417, 0.06975647374411912682, 0.000000000000000000 ) ) ;
#738 = DIRECTION ( 'NONE',  ( 1.000000000000000000, 8.031127203596346379E-16, 0.000000000000000000 ) ) ;
#739 = VECTOR ( 'NONE', #3359, 1000.000000000000000 ) ;
#740 = DIRECTION ( 'NONE',  ( -0.000000000000000000, -0.000000000000000000, -1.000000000000000000 ) ) ;
#741 = VERTEX_POINT ( 'NONE', #6784 ) ;
#742 = VECTOR ( 'NONE', #4881, 1000.000000000000000 ) ;
#743 = CARTESIAN_POINT ( 'NONE',  ( -1.950000000000000400, 1.109999999999987663, -3.384999999999999787 ) ) ;
#744 = ORIENTED_EDGE ( 'NONE', *, *, #2473, .T. ) ;
#745 = EDGE_LOOP ( 'NONE', ( #6092, #7294, #62, #1472 ) ) ;
#746 = EDGE_CURVE ( 'NONE', #4371, #7254, #5046, .T. ) ;
#747 = VERTEX_POINT ( 'NONE', #4971 ) ;
#748 = CARTESIAN_POINT ( 'NONE',  ( 2.454999999999975646, 0.3327573459224363317, -1.694999999999999840 ) ) ;
#749 = PRESENTATION_STYLE_ASSIGNMENT (( #4247 ) ) ;
#750 = DIRECTION ( 'NONE',  ( -1.000000000000000000, 0.000000000000000000, 0.000000000000000000 ) ) ;
#751 = VECTOR ( 'NONE', #7325, 1000.000000000000000 ) ;
#752 = DIRECTION ( 'NONE',  ( -0.06975647374412144441, 0.9975640502598245307, 0.000000000000000000 ) ) ;
#753 = ORIENTED_EDGE ( 'NONE', *, *, #2524, .T. ) ;
#754 = ADVANCED_FACE ( 'NONE', ( #6203 ), #2453, .T. ) ;
#755 = EDGE_LOOP ( 'NONE', ( #4291, #2789, #3724, #5097 ) ) ;
#756 = FACE_OUTER_BOUND ( 'NONE', #3950, .T. ) ;
#757 = AXIS2_PLACEMENT_3D ( 'NONE', #6467, #2317, #458 ) ;
#758 = DIRECTION ( 'NONE',  ( 8.993001040601393045E-16, -1.000000000000000000, 0.000000000000000000 ) ) ;
#759 = AXIS2_PLACEMENT_3D ( 'NONE', #4856, #6592, #1868 ) ;
#760 = CIRCLE ( 'NONE', #3099, 0.07500000000000041356 ) ;
#761 = DIRECTION ( 'NONE',  ( -1.000000000000000000, 0.000000000000000000, 0.000000000000000000 ) ) ;
#762 = ORIENTED_EDGE ( 'NONE', *, *, #450, .F. ) ;
#763 = ORIENTED_EDGE ( 'NONE', *, *, #6405, .F. ) ;
#764 = DIRECTION ( 'NONE',  ( 0.000000000000000000, 0.000000000000000000, 1.000000000000000000 ) ) ;
#765 = VERTEX_POINT ( 'NONE', #1564 ) ;
#766 = DIRECTION ( 'NONE',  ( 0.000000000000000000, 0.000000000000000000, 1.000000000000000000 ) ) ;
#767 = EDGE_CURVE ( 'NONE', #5450, #113, #2618, .T. ) ;
#768 = CARTESIAN_POINT ( 'NONE',  ( -2.084999999999999964, 0.8150000000000123812, -2.964999999999999858 ) ) ;
#769 = DIRECTION ( 'NONE',  ( -1.000000000000000000, 0.000000000000000000, 0.000000000000000000 ) ) ;
#770 = CARTESIAN_POINT ( 'NONE',  ( 2.084999999999999964, 1.109999999999987885, 0.8450000000000003064 ) ) ;
#771 = ORIENTED_EDGE ( 'NONE', *, *, #1278, .T. ) ;
#772 = CARTESIAN_POINT ( 'NONE',  ( -2.084999999999999964, 0.8150000000000123812, 0.4250000000000000444 ) ) ;
#773 = FACE_OUTER_BOUND ( 'NONE', #5951, .T. ) ;
#774 = PLANE ( 'NONE',  #2488 ) ;
#775 = EDGE_CURVE ( 'NONE', #6403, #6103, #2010, .T. ) ;
#776 = EDGE_CURVE ( 'NONE', #437, #3585, #7141, .T. ) ;
#777 = ORIENTED_EDGE ( 'NONE', *, *, #6646, .T. ) ;
#778 = PLANE ( 'NONE',  #3972 ) ;
#779 = VERTEX_POINT ( 'NONE', #2702 ) ;
#780 = EDGE_CURVE ( 'NONE', #2184, #1261, #894, .T. ) ;
#781 = ORIENTED_EDGE ( 'NONE', *, *, #7226, .F. ) ;
#782 = ORIENTED_EDGE ( 'NONE', *, *, #2137, .T. ) ;
#783 = CARTESIAN_POINT ( 'NONE',  ( -2.160000000000000142, 0.8150000000000123812, 4.655000000000000249 ) ) ;
#784 = SURFACE_STYLE_USAGE ( .BOTH. , #246 ) ;
#785 = FACE_OUTER_BOUND ( 'NONE', #1838, .T. ) ;
#786 = LINE ( 'NONE', #4170, #4930 ) ;
#787 = VECTOR ( 'NONE', #2914, 1000.000000000000000 ) ;
#788 = ORIENTED_EDGE ( 'NONE', *, *, #4755, .T. ) ;
#789 = ORIENTED_EDGE ( 'NONE', *, *, #6357, .F. ) ;
#790 = CARTESIAN_POINT ( 'NONE',  ( 2.379999999999975469, 0.3327573459224363317, 2.115000000000000657 ) ) ;
#791 = LINE ( 'NONE', #2449, #313 ) ;
#792 = DIRECTION ( 'NONE',  ( 1.000000000000000000, 0.000000000000000000, -0.000000000000000000 ) ) ;
#793 = EDGE_CURVE ( 'NONE', #4436, #7133, #1302, .T. ) ;
#794 = EDGE_CURVE ( 'NONE', #3974, #6281, #6428, .T. ) ;
#795 = CARTESIAN_POINT ( 'NONE',  ( -2.160000000000000142, 0.8150000000000123812, -0.4250000000000000444 ) ) ;
#796 = ORIENTED_EDGE ( 'NONE', *, *, #3391, .T. ) ;
#797 = ORIENTED_EDGE ( 'NONE', *, *, #96, .T. ) ;
#798 = FACE_OUTER_BOUND ( 'NONE', #7062, .T. ) ;
#799 = ORIENTED_EDGE ( 'NONE', *, *, #7595, .F. ) ;
#800 = CARTESIAN_POINT ( 'NONE',  ( -2.449768264469166734, 0.2579400421529494669, 2.115000000000000657 ) ) ;
#801 = FACE_OUTER_BOUND ( 'NONE', #7424, .T. ) ;
#802 = AXIS2_PLACEMENT_3D ( 'NONE', #7116, #4276, #160 ) ;
#803 = ADVANCED_FACE ( 'NONE', ( #4551 ), #6889, .F. ) ;
#804 = LINE ( 'NONE', #5497, #6276 ) ;
#805 = VERTEX_POINT ( 'NONE', #2885 ) ;
#806 = ORIENTED_EDGE ( 'NONE', *, *, #535, .T. ) ;
#807 = ADVANCED_FACE ( 'NONE', ( #6391 ), #1122, .F. ) ;
#808 = LINE ( 'NONE', #6155, #2653 ) ;
#809 = AXIS2_PLACEMENT_3D ( 'NONE', #412, #6912, #5718 ) ;
#810 = DIRECTION ( 'NONE',  ( -1.000000000000000000, 0.000000000000000000, 0.000000000000000000 ) ) ;
#811 = CARTESIAN_POINT ( 'NONE',  ( -2.160000000000000142, 0.8150000000000123812, -2.964999999999999858 ) ) ;
#812 = STYLED_ITEM ( 'NONE', ( #716 ), #6271 ) ;
#813 = AXIS2_PLACEMENT_3D ( 'NONE', #4067, #2948, #4687 ) ;
#814 = VERTEX_POINT ( 'NONE', #5188 ) ;
#815 = CARTESIAN_POINT ( 'NONE',  ( 2.159999999999999698, 0.3327573459224363317, 3.384999999999999787 ) ) ;
#816 = VERTEX_POINT ( 'NONE', #6855 ) ;
#817 = CYLINDRICAL_SURFACE ( 'NONE', #1585, 0.2949999999999756151 ) ;
#818 = PRESENTATION_LAYER_ASSIGNMENT (  '', '', ( #4132 ) ) ;
#819 = ORIENTED_EDGE ( 'NONE', *, *, #5938, .T. ) ;
#820 = ADVANCED_FACE ( 'NONE', ( #4621 ), #3465, .F. ) ;
#821 = DIRECTION ( 'NONE',  ( 0.000000000000000000, 1.000000000000000000, 0.000000000000000000 ) ) ;
#822 = DIRECTION ( 'NONE',  ( 0.000000000000000000, 1.000000000000000000, 0.000000000000000000 ) ) ;
#823 = CARTESIAN_POINT ( 'NONE',  ( 2.379999999999975913, 0.8150000000000123812, -2.964999999999999858 ) ) ;
#824 = FACE_OUTER_BOUND ( 'NONE', #7257, .T. ) ;
#825 = VECTOR ( 'NONE', #3547, 1000.000000000000000 ) ;
#826 = VERTEX_POINT ( 'NONE', #1076 ) ;
#827 = ORIENTED_EDGE ( 'NONE', *, *, #365, .F. ) ;
#828 = EDGE_CURVE ( 'NONE', #6728, #4666, #4442, .T. ) ;
#829 = PLANE ( 'NONE',  #3175 ) ;
#830 = LINE ( 'NONE', #1413, #1050 ) ;
#831 = DIRECTION ( 'NONE',  ( -1.000000000000000000, 0.000000000000000000, 0.000000000000000000 ) ) ;
#832 = DIRECTION ( 'NONE',  ( -0.000000000000000000, -0.000000000000000000, -1.000000000000000000 ) ) ;
#833 = ORIENTED_EDGE ( 'NONE', *, *, #5994, .T. ) ;
#834 = ORIENTED_EDGE ( 'NONE', *, *, #1518, .F. ) ;
#835 = CARTESIAN_POINT ( 'NONE',  ( 2.379999999999975913, 0.8150000000000123812, -1.694999999999999840 ) ) ;
#836 = EDGE_CURVE ( 'NONE', #332, #437, #6043, .T. ) ;
#837 = EDGE_LOOP ( 'NONE', ( #6918, #6759, #165, #1616, #4408, #4202, #2527, #3772, #6013, #4514, #1066, #5717 ) ) ;
#838 = LINE ( 'NONE', #5495, #3680 ) ;
#839 = DIRECTION ( 'NONE',  ( -1.000000000000000000, 0.000000000000000000, 0.000000000000000000 ) ) ;
#840 = DIRECTION ( 'NONE',  ( -1.000000000000000000, 0.000000000000000000, 0.000000000000000000 ) ) ;
#841 = MECHANICAL_DESIGN_GEOMETRIC_PRESENTATION_REPRESENTATION (  '', ( #1704 ), #5256 ) ;
#842 = ORIENTED_EDGE ( 'NONE', *, *, #3379, .F. ) ;
#843 = EDGE_LOOP ( 'NONE', ( #5423, #7407, #4213, #1200 ) ) ;
#844 = FACE_OUTER_BOUND ( 'NONE', #5940, .T. ) ;
#845 = PLANE ( 'NONE',  #971 ) ;
#846 = ADVANCED_FACE ( 'NONE', ( #5811 ), #1161, .F. ) ;
#847 = AXIS2_PLACEMENT_3D ( 'NONE', #3508, #2850, #2325 ) ;
#848 = ORIENTED_EDGE ( 'NONE', *, *, #489, .T. ) ;
#849 = DIRECTION ( 'NONE',  ( -0.1710878697460324060, 0.9702875252478150303, -0.1710878697460324060 ) ) ;
#850 = EDGE_LOOP ( 'NONE', ( #4315, #1873, #789, #3315 ) ) ;
#851 = FILL_AREA_STYLE ('',( #3231 ) ) ;
#852 = ORIENTED_EDGE ( 'NONE', *, *, #3131, .F. ) ;
#853 = CARTESIAN_POINT ( 'NONE',  ( -1.950000000000000400, 0.8900000000000123368, -1.694999999999999840 ) ) ;
#854 = AXIS2_PLACEMENT_3D ( 'NONE', #6953, #921, #2688 ) ;
#855 = CYLINDRICAL_SURFACE ( 'NONE', #2050, 0.2250000000000003664 ) ;
#856 = CARTESIAN_POINT ( 'NONE',  ( 3.000000000000000000, 0.2194640910571372949, -0.8450000000000003064 ) ) ;
#857 = CARTESIAN_POINT ( 'NONE',  ( 2.084999999999999964, 0.8900000000000122258, -2.964999999999999858 ) ) ;
#858 = EDGE_CURVE ( 'NONE', #1280, #1608, #3707, .T. ) ;
#859 = CARTESIAN_POINT ( 'NONE',  ( 2.454999999999975646, 0.3327573459224363317, 4.235000000000000320 ) ) ;
#860 = ORIENTED_EDGE ( 'NONE', *, *, #7280, .F. ) ;
#861 = VERTEX_POINT ( 'NONE', #4083 ) ;
#862 = DIRECTION ( 'NONE',  ( 0.9975640502598246417, 0.06975647374411912682, 0.000000000000000000 ) ) ;
#863 = AXIS2_PLACEMENT_3D ( 'NONE', #6943, #5207, #4176 ) ;
#864 = FACE_OUTER_BOUND ( 'NONE', #3382, .T. ) ;
#865 = CARTESIAN_POINT ( 'NONE',  ( -2.449768264469166734, 0.2579400421529493004, -4.655000000000000249 ) ) ;
#866 = EDGE_CURVE ( 'NONE', #4919, #3644, #2320, .T. ) ;
#867 = DIRECTION ( 'NONE',  ( 1.000000000000000000, 0.000000000000000000, 0.000000000000000000 ) ) ;
#868 = ORIENTED_EDGE ( 'NONE', *, *, #1021, .T. ) ;
#869 = VERTEX_POINT ( 'NONE', #2736 ) ;
#870 = EDGE_CURVE ( 'NONE', #7245, #4204, #1751, .T. ) ;
#871 = DIRECTION ( 'NONE',  ( 1.000000000000000000, 0.000000000000000000, 0.000000000000000000 ) ) ;
#872 = AXIS2_PLACEMENT_3D ( 'NONE', #1719, #1131, #3472 ) ;
#873 = VERTEX_POINT ( 'NONE', #7005 ) ;
#874 = CARTESIAN_POINT ( 'NONE',  ( 1.949999999999999956, 1.109999999999987663, 0.4250000000000000444 ) ) ;
#875 = FACE_OUTER_BOUND ( 'NONE', #3524, .T. ) ;
#876 = VECTOR ( 'NONE', #6057, 1000.000000000000114 ) ;
#877 = CARTESIAN_POINT ( 'NONE',  ( -2.379999999999975913, 0.8150000000000123812, 2.115000000000000657 ) ) ;
#878 = VERTEX_POINT ( 'NONE', #1631 ) ;
#879 = EDGE_LOOP ( 'NONE', ( #6898, #7273, #2729, #6266 ) ) ;
#880 = DIRECTION ( 'NONE',  ( -0.9975640502598245307, 0.06975647374412144441, 0.000000000000000000 ) ) ;
#881 = CARTESIAN_POINT ( 'NONE',  ( -2.084999999999999964, 0.8150000000000123812, -4.655000000000000249 ) ) ;
#882 = AXIS2_PLACEMENT_3D ( 'NONE', #108, #526, #7107 ) ;
#883 = CARTESIAN_POINT ( 'NONE',  ( 0.000000000000000000, 0.000000000000000000, 0.000000000000000000 ) ) ;
#884 = EDGE_CURVE ( 'NONE', #6131, #6603, #392, .T. ) ;
#885 = EDGE_CURVE ( 'NONE', #1841, #1781, #6311, .T. ) ;
#886 = ORIENTED_EDGE ( 'NONE', *, *, #4896, .F. ) ;
#887 = CARTESIAN_POINT ( 'NONE',  ( -2.449768264469166734, 0.2579400421529493004, -3.384999999999999787 ) ) ;
#888 = ORIENTED_EDGE ( 'NONE', *, *, #1522, .T. ) ;
#889 = LINE ( 'NONE', #4858, #2565 ) ;
#890 = FACE_OUTER_BOUND ( 'NONE', #1516, .T. ) ;
#891 = CARTESIAN_POINT ( 'NONE',  ( 2.449768264469166734, 0.2579400421529494669, -1.694999999999999840 ) ) ;
#892 = DIRECTION ( 'NONE',  ( -0.000000000000000000, -0.000000000000000000, -1.000000000000000000 ) ) ;
#893 = PLANE ( 'NONE',  #6400 ) ;
#894 = CIRCLE ( 'NONE', #7283, 0.07499999999999998335 ) ;
#895 = CARTESIAN_POINT ( 'NONE',  ( -2.084999999999999964, 0.8150000000000123812, -2.964999999999999858 ) ) ;
#896 = EDGE_LOOP ( 'NONE', ( #3266, #5303, #1088, #6030 ) ) ;
#897 = VERTEX_POINT ( 'NONE', #3348 ) ;
#898 = EDGE_CURVE ( 'NONE', #1070, #987, #1042, .T. ) ;
#899 = DIRECTION ( 'NONE',  ( 0.000000000000000000, 0.000000000000000000, 1.000000000000000000 ) ) ;
#900 = UNCERTAINTY_MEASURE_WITH_UNIT (LENGTH_MEASURE( 1.000000000000000082E-05 ), #4929, 'distance_accuracy_value', 'NONE');
#901 = DIRECTION ( 'NONE',  ( -0.9848077530122086864, 0.1736481776669271393, 0.000000000000000000 ) ) ;
#902 = CARTESIAN_POINT ( 'NONE',  ( 2.984653575776294865, -3.794707603699265519E-16, 4.235000000000000320 ) ) ;
#903 = STYLED_ITEM ( 'NONE', ( #6459 ), #1335 ) ;
#904 = LINE ( 'NONE', #463, #1837 ) ;
#905 = ORIENTED_EDGE ( 'NONE', *, *, #1164, .F. ) ;
#906 = EDGE_LOOP ( 'NONE', ( #631, #4727, #6041, #1597 ) ) ;
#907 = VECTOR ( 'NONE', #849, 1000.000000000000114 ) ;
#908 = DIRECTION ( 'NONE',  ( -1.000000000000000000, -8.993001040601393045E-16, 0.000000000000000000 ) ) ;
#909 = VERTEX_POINT ( 'NONE', #2803 ) ;
#910 = DIRECTION ( 'NONE',  ( 0.9975640502598246417, 0.06975647374411912682, 0.000000000000000000 ) ) ;
#911 = EDGE_CURVE ( 'NONE', #6302, #6768, #5152, .T. ) ;
#912 = EDGE_CURVE ( 'NONE', #5628, #5971, #4587, .T. ) ;
#913 = CARTESIAN_POINT ( 'NONE',  ( 2.159999999999999698, 0.3327573459224363317, -0.4250000000000000444 ) ) ;
#914 = AXIS2_PLACEMENT_3D ( 'NONE', #3431, #2328, #4670 ) ;
#915 = ADVANCED_FACE ( 'NONE', ( #1942 ), #7122, .T. ) ;
#916 = CARTESIAN_POINT ( 'NONE',  ( 2.159999999999999698, 0.3327573459224363317, -2.964999999999999858 ) ) ;
#917 = ORIENTED_EDGE ( 'NONE', *, *, #6077, .F. ) ;
#918 = ORIENTED_EDGE ( 'NONE', *, *, #7429, .F. ) ;
#919 = CARTESIAN_POINT ( 'NONE',  ( -2.084999999999999964, 0.8150000000000123812, 4.655000000000000249 ) ) ;
#920 = EDGE_LOOP ( 'NONE', ( #5274, #1336, #5124, #2080, #3305, #3016, #640, #240, #2650, #5639, #5735, #2333 ) ) ;
#921 = DIRECTION ( 'NONE',  ( 0.000000000000000000, 1.000000000000000000, 0.000000000000000000 ) ) ;
#922 = ADVANCED_FACE ( 'NONE', ( #81 ), #5968, .T. ) ;
#923 = APPLICATION_PROTOCOL_DEFINITION ( 'draft international standard', 'automotive_design', 1998, #5728 ) ;
#924 = ORIENTED_EDGE ( 'NONE', *, *, #6117, .F. ) ;
#925 = VECTOR ( 'NONE', #1072, 1000.000000000000227 ) ;
#926 = CARTESIAN_POINT ( 'NONE',  ( -2.159999999999999698, 0.3327573459224363317, -3.384999999999999787 ) ) ;
#927 = AXIS2_PLACEMENT_3D ( 'NONE', #4310, #159, #4886 ) ;
#928 = VERTEX_POINT ( 'NONE', #5311 ) ;
#929 = CARTESIAN_POINT ( 'NONE',  ( -2.379999999999975913, 0.8150000000000123812, 3.384999999999999787 ) ) ;
#930 = DIRECTION ( 'NONE',  ( 0.9975640502598246417, -0.06975647374411912682, -0.000000000000000000 ) ) ;
#931 = CIRCLE ( 'NONE', #7431, 0.2949999999999762812 ) ;
#932 = ADVANCED_FACE ( 'NONE', ( #1281 ), #2923, .F. ) ;
#933 = CARTESIAN_POINT ( 'NONE',  ( -1.950000000000000400, 0.8900000000000123368, 3.384999999999999787 ) ) ;
#934 = CARTESIAN_POINT ( 'NONE',  ( -1.524154985015796715, 1.750000000000000222, -4.837150732346583659 ) ) ;
#935 = EDGE_CURVE ( 'NONE', #4980, #1699, #2394, .T. ) ;
#936 = DIRECTION ( 'NONE',  ( -0.9975640502598246417, 0.06975647374411851620, -0.000000000000000000 ) ) ;
#937 = VECTOR ( 'NONE', #3564, 1000.000000000000000 ) ;
#938 = DIRECTION ( 'NONE',  ( 0.000000000000000000, 0.000000000000000000, 1.000000000000000000 ) ) ;
#939 = ORIENTED_EDGE ( 'NONE', *, *, #1217, .T. ) ;
#940 = ORIENTED_EDGE ( 'NONE', *, *, #6563, .F. ) ;
#941 = LINE ( 'NONE', #7359, #3913 ) ;
#942 = VECTOR ( 'NONE', #4005, 1000.000000000000000 ) ;
#943 = CARTESIAN_POINT ( 'NONE',  ( 3.000000000000000000, 0.2194640910571372949, -2.115000000000000213 ) ) ;
#944 = FACE_OUTER_BOUND ( 'NONE', #3601, .T. ) ;
#945 = AXIS2_PLACEMENT_3D ( 'NONE', #1403, #4322, #7165 ) ;
#946 = ORIENTED_EDGE ( 'NONE', *, *, #1292, .T. ) ;
#947 = ORIENTED_EDGE ( 'NONE', *, *, #3451, .F. ) ;
#948 = LINE ( 'NONE', #7434, #1341 ) ;
#949 = ORIENTED_EDGE ( 'NONE', *, *, #3263, .F. ) ;
#950 = CARTESIAN_POINT ( 'NONE',  ( -2.449768264469166734, 0.2579400421529494669, 1.695000000000000284 ) ) ;
#951 = CARTESIAN_POINT ( 'NONE',  ( -3.000000000000000000, 0.2194640910571372949, 0.4250000000000000444 ) ) ;
#952 = EDGE_CURVE ( 'NONE', #3142, #7063, #3661, .T. ) ;
#953 = CARTESIAN_POINT ( 'NONE',  ( -2.160000000000000142, 0.8150000000000123812, -0.4250000000000000444 ) ) ;
#954 = VECTOR ( 'NONE', #6382, 1000.000000000000114 ) ;
#955 = VERTEX_POINT ( 'NONE', #620 ) ;
#956 = ORIENTED_EDGE ( 'NONE', *, *, #3785, .F. ) ;
#957 = DIRECTION ( 'NONE',  ( -0.000000000000000000, -0.000000000000000000, -1.000000000000000000 ) ) ;
#958 = ORIENTED_EDGE ( 'NONE', *, *, #6730, .F. ) ;
#959 = PLANE ( 'NONE',  #2204 ) ;
#960 = AXIS2_PLACEMENT_3D ( 'NONE', #1906, #2887, #6430 ) ;
#961 = CARTESIAN_POINT ( 'NONE',  ( -3.000000000000000000, 0.2194640910571372949, -1.694999999999999840 ) ) ;
#962 = ADVANCED_FACE ( 'NONE', ( #3582 ), #699, .T. ) ;
#963 = AXIS2_PLACEMENT_3D ( 'NONE', #6940, #1766, #4602 ) ;
#964 = DIRECTION ( 'NONE',  ( -0.000000000000000000, -0.000000000000000000, -1.000000000000000000 ) ) ;
#965 = ORIENTED_EDGE ( 'NONE', *, *, #3735, .T. ) ;
#966 = SURFACE_STYLE_FILL_AREA ( #7450 ) ;
#967 = CARTESIAN_POINT ( 'NONE',  ( -2.449768264469166734, 0.2579400421529493004, 2.115000000000000657 ) ) ;
#968 = CIRCLE ( 'NONE', #595, 0.2949999999999756151 ) ;
#969 = DIRECTION ( 'NONE',  ( 0.9975640502598246417, -0.06975647374411851620, 0.000000000000000000 ) ) ;
#970 = FACE_OUTER_BOUND ( 'NONE', #2987, .T. ) ;
#971 = AXIS2_PLACEMENT_3D ( 'NONE', #881, #1833, #7306 ) ;
#972 = DIRECTION ( 'NONE',  ( 0.06975647374412144441, -0.9975640502598245307, 0.000000000000000000 ) ) ;
#973 =( NAMED_UNIT ( * ) SI_UNIT ( $, .STERADIAN. ) SOLID_ANGLE_UNIT ( ) );
#974 = EDGE_CURVE ( 'NONE', #955, #339, #7160, .T. ) ;
#975 = DIRECTION ( 'NONE',  ( -0.000000000000000000, -0.000000000000000000, -1.000000000000000000 ) ) ;
#976 = VERTEX_POINT ( 'NONE', #1239 ) ;
#977 = AXIS2_PLACEMENT_3D ( 'NONE', #1189, #5874, #2950 ) ;
#978 = ORIENTED_EDGE ( 'NONE', *, *, #2229, .F. ) ;
#979 = CARTESIAN_POINT ( 'NONE',  ( 2.160000000000000142, 0.8150000000000123812, -0.4250000000000000444 ) ) ;
#980 = DIRECTION ( 'NONE',  ( -8.993001040601393045E-16, 1.000000000000000000, 0.000000000000000000 ) ) ;
#981 = CARTESIAN_POINT ( 'NONE',  ( 2.159999999999999698, 0.3327573459224363317, -1.694999999999999840 ) ) ;
#982 = EDGE_CURVE ( 'NONE', #805, #5980, #2140, .T. ) ;
#983 = VECTOR ( 'NONE', #1922, 1000.000000000000000 ) ;
#984 = ORIENTED_EDGE ( 'NONE', *, *, #1661, .T. ) ;
#985 = VERTEX_POINT ( 'NONE', #6631 ) ;
#986 = DIRECTION ( 'NONE',  ( -0.000000000000000000, -0.000000000000000000, -1.000000000000000000 ) ) ;
#987 = VERTEX_POINT ( 'NONE', #1201 ) ;
#988 = DIRECTION ( 'NONE',  ( -0.9975640502598246417, -0.06975647374411851620, 0.000000000000000000 ) ) ;
#989 = FACE_OUTER_BOUND ( 'NONE', #3664, .T. ) ;
#990 = AXIS2_PLACEMENT_3D ( 'NONE', #4559, #1492, #7360 ) ;
#991 = LINE ( 'NONE', #3981, #475 ) ;
#992 = ORIENTED_EDGE ( 'NONE', *, *, #7139, .T. ) ;
#993 = VERTEX_POINT ( 'NONE', #125 ) ;
#994 = CARTESIAN_POINT ( 'NONE',  ( 1.949999999999999956, 1.109999999999987663, 1.695000000000000284 ) ) ;
#995 = VECTOR ( 'NONE', #4108, 1000.000000000000114 ) ;
#996 = ORIENTED_EDGE ( 'NONE', *, *, #161, .T. ) ;
#997 = DIRECTION ( 'NONE',  ( 0.000000000000000000, -0.000000000000000000, -1.000000000000000000 ) ) ;
#998 = ADVANCED_FACE ( 'NONE', ( #43 ), #4735, .F. ) ;
#999 = VECTOR ( 'NONE', #7208, 1000.000000000000000 ) ;
#1000 = DIRECTION ( 'NONE',  ( -8.993001040601393045E-16, 1.000000000000000000, 0.000000000000000000 ) ) ;
#1001 = DIRECTION ( 'NONE',  ( 8.993001040601393045E-16, -1.000000000000000000, 0.000000000000000000 ) ) ;
#1002 = VERTEX_POINT ( 'NONE', #5273 ) ;
#1003 = DIRECTION ( 'NONE',  ( 1.000000000000000000, 8.993001040601393045E-16, -0.000000000000000000 ) ) ;
#1004 = DIRECTION ( 'NONE',  ( -0.000000000000000000, -0.000000000000000000, -1.000000000000000000 ) ) ;
#1005 = DIRECTION ( 'NONE',  ( -0.000000000000000000, -0.000000000000000000, -1.000000000000000000 ) ) ;
#1006 = EDGE_CURVE ( 'NONE', #6066, #5399, #1904, .T. ) ;
#1007 = EDGE_CURVE ( 'NONE', #7254, #4633, #2358, .T. ) ;
#1008 = FACE_OUTER_BOUND ( 'NONE', #7552, .T. ) ;
#1009 = FILL_AREA_STYLE_COLOUR ( '', #2635 ) ;
#1010 = EDGE_CURVE ( 'NONE', #6194, #7229, #5433, .T. ) ;
#1011 = CARTESIAN_POINT ( 'NONE',  ( -2.159999999999999698, 0.3327573459224363317, 3.384999999999999787 ) ) ;
#1012 = ORIENTED_EDGE ( 'NONE', *, *, #7308, .T. ) ;
#1013 = ORIENTED_EDGE ( 'NONE', *, *, #6245, .F. ) ;
#1014 = DIRECTION ( 'NONE',  ( -8.031127203596346379E-16, 1.000000000000000000, 0.000000000000000000 ) ) ;
#1015 = SURFACE_STYLE_FILL_AREA ( #2634 ) ;
#1016 = CARTESIAN_POINT ( 'NONE',  ( -2.984653575776294865, -3.794707603699265519E-16, 3.384999999999999787 ) ) ;
#1017 = ORIENTED_EDGE ( 'NONE', *, *, #2264, .F. ) ;
#1018 = ORIENTED_EDGE ( 'NONE', *, *, #4800, .F. ) ;
#1019 = FACE_OUTER_BOUND ( 'NONE', #4876, .T. ) ;
#1020 = CARTESIAN_POINT ( 'NONE',  ( -2.379999999999975469, 0.3327573459224363317, 0.8450000000000003064 ) ) ;
#1021 = EDGE_CURVE ( 'NONE', #3177, #5450, #4159, .T. ) ;
#1022 = DIRECTION ( 'NONE',  ( 0.9975640502598246417, 0.06975647374411912682, 0.000000000000000000 ) ) ;
#1023 = ADVANCED_FACE ( 'NONE', ( #3043 ), #656, .F. ) ;
#1024 = LINE ( 'NONE', #916, #7466 ) ;
#1025 = AXIS2_PLACEMENT_3D ( 'NONE', #5852, #4701, #6470 ) ;
#1026 = VERTEX_POINT ( 'NONE', #5394 ) ;
#1027 = ORIENTED_EDGE ( 'NONE', *, *, #5502, .F. ) ;
#1028 = CARTESIAN_POINT ( 'NONE',  ( 2.160000000000000142, 0.8150000000000123812, -0.8450000000000003064 ) ) ;
#1029 = ORIENTED_EDGE ( 'NONE', *, *, #5430, .T. ) ;
#1030 = CYLINDRICAL_SURFACE ( 'NONE', #6755, 0.2949999999999758371 ) ;
#1031 = AXIS2_PLACEMENT_3D ( 'NONE', #1289, #1911, #7207 ) ;
#1032 = EDGE_CURVE ( 'NONE', #861, #6194, #1324, .T. ) ;
#1033 = CARTESIAN_POINT ( 'NONE',  ( -2.159999999999999698, 0.3327573459224363317, 4.655000000000000249 ) ) ;
#1034 = EDGE_CURVE ( 'NONE', #3475, #330, #1301, .T. ) ;
#1035 = DIRECTION ( 'NONE',  ( -1.000000000000000000, 0.000000000000000000, 0.000000000000000000 ) ) ;
#1036 = ORIENTED_EDGE ( 'NONE', *, *, #111, .T. ) ;
#1037 = LINE ( 'NONE', #6740, #7193 ) ;
#1038 = CARTESIAN_POINT ( 'NONE',  ( 2.434421840245462487, 0.03847595109581208178, -1.694999999999999840 ) ) ;
#1039 = DIRECTION ( 'NONE',  ( -1.000000000000000000, 0.000000000000000000, 0.000000000000000000 ) ) ;
#1040 = VECTOR ( 'NONE', #930, 1000.000000000000227 ) ;
#1041 = EDGE_CURVE ( 'NONE', #148, #2754, #7382, .T. ) ;
#1042 = LINE ( 'NONE', #3381, #7384 ) ;
#1043 = ORIENTED_EDGE ( 'NONE', *, *, #2079, .T. ) ;
#1044 = EDGE_LOOP ( 'NONE', ( #2369, #4598, #7172, #2580 ) ) ;
#1045 = DIRECTION ( 'NONE',  ( -0.000000000000000000, -1.000000000000000000, -0.000000000000000000 ) ) ;
#1046 = PLANE ( 'NONE',  #561 ) ;
#1047 = VECTOR ( 'NONE', #6505, 1000.000000000000227 ) ;
#1048 = FACE_OUTER_BOUND ( 'NONE', #5133, .T. ) ;
#1049 = DIRECTION ( 'NONE',  ( -1.000000000000000000, 0.000000000000000000, 0.000000000000000000 ) ) ;
#1050 = VECTOR ( 'NONE', #1338, 1000.000000000000000 ) ;
#1051 = ORIENTED_EDGE ( 'NONE', *, *, #6496, .T. ) ;
#1052 = EDGE_CURVE ( 'NONE', #4025, #2876, #6774, .T. ) ;
#1053 = ORIENTED_EDGE ( 'NONE', *, *, #2198, .T. ) ;
#1054 = ORIENTED_EDGE ( 'NONE', *, *, #4081, .F. ) ;
#1055 = LINE ( 'NONE', #1681, #7343 ) ;
#1056 = MECHANICAL_DESIGN_GEOMETRIC_PRESENTATION_REPRESENTATION (  '', ( #4132 ), #4617 ) ;
#1057 = LINE ( 'NONE', #5678, #3188 ) ;
#1058 = DIRECTION ( 'NONE',  ( 0.06975647374412144441, -0.9975640502598245307, 0.000000000000000000 ) ) ;
#1059 = VECTOR ( 'NONE', #5269, 1000.000000000000000 ) ;
#1060 = LINE ( 'NONE', #5750, #7188 ) ;
#1061 = CARTESIAN_POINT ( 'NONE',  ( 2.084999999999999964, 0.8900000000000122258, 0.4250000000000000444 ) ) ;
#1062 = EDGE_CURVE ( 'NONE', #5451, #6524, #4387, .T. ) ;
#1063 = ORIENTED_EDGE ( 'NONE', *, *, #2896, .T. ) ;
#1064 = ORIENTED_EDGE ( 'NONE', *, *, #4394, .F. ) ;
#1065 = LINE ( 'NONE', #6876, #430 ) ;
#1066 = ORIENTED_EDGE ( 'NONE', *, *, #5751, .F. ) ;
#1067 = PLANE ( 'NONE',  #3424 ) ;
#1068 = CARTESIAN_POINT ( 'NONE',  ( 2.084999999999999964, 0.8150000000000123812, -4.235000000000000320 ) ) ;
#1069 = DIRECTION ( 'NONE',  ( 0.000000000000000000, 0.000000000000000000, 1.000000000000000000 ) ) ;
#1070 = VERTEX_POINT ( 'NONE', #2587 ) ;
#1071 = DIRECTION ( 'NONE',  ( 0.000000000000000000, -0.000000000000000000, 1.000000000000000000 ) ) ;
#1072 = DIRECTION ( 'NONE',  ( 0.9975640502598246417, -0.06975647374411912682, -0.000000000000000000 ) ) ;
#1073 = FACE_OUTER_BOUND ( 'NONE', #4075, .T. ) ;
#1074 = DIRECTION ( 'NONE',  ( 1.000000000000000000, 0.000000000000000000, 0.000000000000000000 ) ) ;
#1075 = VECTOR ( 'NONE', #6144, 1000.000000000000000 ) ;
#1076 = CARTESIAN_POINT ( 'NONE',  ( -2.379999999999975469, 0.3327573459224363317, 4.235000000000000320 ) ) ;
#1077 = ORIENTED_EDGE ( 'NONE', *, *, #4456, .T. ) ;
#1078 = DIRECTION ( 'NONE',  ( -0.000000000000000000, -0.000000000000000000, -1.000000000000000000 ) ) ;
#1079 = ORIENTED_EDGE ( 'NONE', *, *, #1278, .F. ) ;
#1081 = CARTESIAN_POINT ( 'NONE',  ( -2.984653575776294865, -3.794707603699265519E-16, -0.4250000000000000444 ) ) ;
#1080 = CARTESIAN_POINT ( 'NONE',  ( 1.949999999999999956, 1.109999999999987663, -2.115000000000000213 ) ) ;
#1082 = AXIS2_PLACEMENT_3D ( 'NONE', #1081, #2773, #7570 ) ;
#1083 = DIRECTION ( 'NONE',  ( -0.000000000000000000, -1.000000000000000000, -0.000000000000000000 ) ) ;
#1084 = CARTESIAN_POINT ( 'NONE',  ( 2.454999999999975646, 0.3327573459224363317, -4.235000000000000320 ) ) ;
#1085 = EDGE_CURVE ( 'NONE', #5451, #873, #5327, .T. ) ;
#1086 = CARTESIAN_POINT ( 'NONE',  ( 2.379999999999975913, 0.8150000000000123812, 0.4250000000000000444 ) ) ;
#1087 = CIRCLE ( 'NONE', #5402, 0.07500000000000041356 ) ;
#1088 = ORIENTED_EDGE ( 'NONE', *, *, #6417, .F. ) ;
#1089 = VECTOR ( 'NONE', #2255, 1000.000000000000000 ) ;
#1090 = ORIENTED_EDGE ( 'NONE', *, *, #6915, .F. ) ;
#1091 = ORIENTED_EDGE ( 'NONE', *, *, #5553, .F. ) ;
#1092 = CARTESIAN_POINT ( 'NONE',  ( -2.084999999999999964, 0.8900000000000123368, -4.655000000000000249 ) ) ;
#1093 = DIRECTION ( 'NONE',  ( 1.000000000000000000, 8.993001040601393045E-16, -0.000000000000000000 ) ) ;
#1094 = VECTOR ( 'NONE', #910, 1000.000000000000227 ) ;
#1095 = CARTESIAN_POINT ( 'NONE',  ( 1.949999999999999512, 1.109999999999987663, 4.949999999999999289 ) ) ;
#1096 = EDGE_CURVE ( 'NONE', #7449, #4900, #200, .T. ) ;
#1097 = ADVANCED_FACE ( 'NONE', ( #3697 ), #778, .F. ) ;
#1098 = VECTOR ( 'NONE', #4097, 1000.000000000000000 ) ;
#1099 = FACE_OUTER_BOUND ( 'NONE', #2924, .T. ) ;
#1100 = EDGE_CURVE ( 'NONE', #3974, #6651, #275, .T. ) ;
#1101 = DIRECTION ( 'NONE',  ( -1.000000000000000000, 0.000000000000000000, 0.000000000000000000 ) ) ;
#1102 = VERTEX_POINT ( 'NONE', #5469 ) ;
#1103 = ORIENTED_EDGE ( 'NONE', *, *, #5250, .F. ) ;
#1104 = DIRECTION ( 'NONE',  ( -0.000000000000000000, -0.000000000000000000, -1.000000000000000000 ) ) ;
#1105 = EDGE_LOOP ( 'NONE', ( #2097, #7239, #349, #1851 ) ) ;
#1106 = DIRECTION ( 'NONE',  ( -1.000000000000000000, 0.000000000000000000, 0.000000000000000000 ) ) ;
#1107 = VECTOR ( 'NONE', #431, 1000.000000000000000 ) ;
#1108 = PLANE ( 'NONE',  #1512 ) ;
#1109 = CARTESIAN_POINT ( 'NONE',  ( -2.084999999999999964, 0.8900000000000123368, 1.695000000000000284 ) ) ;
#1110 =( NAMED_UNIT ( * ) SI_UNIT ( $, .STERADIAN. ) SOLID_ANGLE_UNIT ( ) );
#1111 = ORIENTED_EDGE ( 'NONE', *, *, #357, .T. ) ;
#1112 = DIRECTION ( 'NONE',  ( -1.000000000000000000, 0.000000000000000000, 0.000000000000000000 ) ) ;
#1113 = FACE_OUTER_BOUND ( 'NONE', #2683, .T. ) ;
#1114 = VECTOR ( 'NONE', #972, 1000.000000000000114 ) ;
#1115 = DIRECTION ( 'NONE',  ( -0.9975640502598245307, 0.06975647374412144441, 0.000000000000000000 ) ) ;
#1116 = EDGE_CURVE ( 'NONE', #4023, #211, #5944, .T. ) ;
#1117 = CARTESIAN_POINT ( 'NONE',  ( -1.950000000000000400, 0.8900000000000123368, 3.384999999999999787 ) ) ;
#1118 = EDGE_CURVE ( 'NONE', #6, #1914, #6810, .T. ) ;
#1119 = VECTOR ( 'NONE', #7, 1000.000000000000000 ) ;
#1120 = FILL_AREA_STYLE_COLOUR ( '', #6187 ) ;
#1121 = AXIS2_PLACEMENT_3D ( 'NONE', #1140, #5334, #3982 ) ;
#1122 = PLANE ( 'NONE',  #3098 ) ;
#1123 = VERTEX_POINT ( 'NONE', #7237 ) ;
#1124 = CARTESIAN_POINT ( 'NONE',  ( 2.379999999999975913, 0.8150000000000123812, 0.8450000000000003064 ) ) ;
#1125 = EDGE_LOOP ( 'NONE', ( #5619, #2381, #1484, #4803 ) ) ;
#1127 = CARTESIAN_POINT ( 'NONE',  ( 2.449768264469166734, 0.2579400421529494669, 0.8450000000000003064 ) ) ;
#1126 = FACE_OUTER_BOUND ( 'NONE', #592, .T. ) ;
#1128 =( LENGTH_UNIT ( ) NAMED_UNIT ( * ) SI_UNIT ( .MILLI., .METRE. ) );
#1129 = CARTESIAN_POINT ( 'NONE',  ( 2.434421840245462487, 0.03847595109581208178, 0.8450000000000003064 ) ) ;
#1130 = AXIS2_PLACEMENT_3D ( 'NONE', #4360, #315, #2663 ) ;
#1131 = DIRECTION ( 'NONE',  ( -0.000000000000000000, -0.000000000000000000, -1.000000000000000000 ) ) ;
#1132 = ORIENTED_EDGE ( 'NONE', *, *, #4944, .F. ) ;
#1133 = EDGE_CURVE ( 'NONE', #3541, #4820, #5457, .T. ) ;
#1134 = ORIENTED_EDGE ( 'NONE', *, *, #2528, .T. ) ;
#1135 = ORIENTED_EDGE ( 'NONE', *, *, #3426, .F. ) ;
#1136 = LINE ( 'NONE', #2900, #6003 ) ;
#1137 = CARTESIAN_POINT ( 'NONE',  ( -1.050000000000000266, 1.700000000000000178, -4.325000000000002842 ) ) ;
#1138 = CARTESIAN_POINT ( 'NONE',  ( -2.159999999999999698, 0.3327573459224363317, 4.235000000000000320 ) ) ;
#1139 = DIRECTION ( 'NONE',  ( -0.000000000000000000, -0.000000000000000000, -1.000000000000000000 ) ) ;
#1140 = CARTESIAN_POINT ( 'NONE',  ( -2.159999999999999698, 0.3327573459224363317, -0.4250000000000000444 ) ) ;
#1141 = ORIENTED_EDGE ( 'NONE', *, *, #1133, .F. ) ;
#1142 = VERTEX_POINT ( 'NONE', #2552 ) ;
#1143 = DIRECTION ( 'NONE',  ( -0.000000000000000000, -0.000000000000000000, -1.000000000000000000 ) ) ;
#1144 = EDGE_CURVE ( 'NONE', #4381, #3349, #3253, .T. ) ;
#1145 = ORIENTED_EDGE ( 'NONE', *, *, #5751, .T. ) ;
#1146 = LINE ( 'NONE', #4689, #3302 ) ;
#1147 = CARTESIAN_POINT ( 'NONE',  ( 2.160000000000000142, 0.8150000000000123812, 4.655000000000000249 ) ) ;
#1148 = EDGE_CURVE ( 'NONE', #955, #6595, #4596, .T. ) ;
#1149 = MECHANICAL_DESIGN_GEOMETRIC_PRESENTATION_REPRESENTATION (  '', ( #5939 ), #4841 ) ;
#1150 = CARTESIAN_POINT ( 'NONE',  ( 2.084999999999999964, 0.8900000000000122258, -0.4250000000000000444 ) ) ;
#1151 = SURFACE_SIDE_STYLE ('',( #2465 ) ) ;
#1152 = ORIENTED_EDGE ( 'NONE', *, *, #5814, .F. ) ;
#1153 = EDGE_CURVE ( 'NONE', #7393, #2724, #6049, .T. ) ;
#1154 = CARTESIAN_POINT ( 'NONE',  ( -2.379999999999975913, 0.8150000000000123812, -2.115000000000000213 ) ) ;
#1155 = CARTESIAN_POINT ( 'NONE',  ( -2.434421840245462487, 0.03847595109581208178, -4.235000000000000320 ) ) ;
#1156 = AXIS2_PLACEMENT_3D ( 'NONE', #1788, #7201, #2968 ) ;
#1157 = LINE ( 'NONE', #1197, #5233 ) ;
#1158 = DIRECTION ( 'NONE',  ( -0.000000000000000000, 0.000000000000000000, -1.000000000000000000 ) ) ;
#1159 = EDGE_LOOP ( 'NONE', ( #978, #7144, #2824, #5088 ) ) ;
#1160 = CIRCLE ( 'NONE', #4601, 0.07500000000000041356 ) ;
#1161 = PLANE ( 'NONE',  #6776 ) ;
#1162 = VERTEX_POINT ( 'NONE', #1515 ) ;
#1163 = FACE_OUTER_BOUND ( 'NONE', #6612, .T. ) ;
#1164 = EDGE_CURVE ( 'NONE', #2179, #765, #6195, .T. ) ;
#1165 = ORIENTED_EDGE ( 'NONE', *, *, #5119, .T. ) ;
#1166 = VECTOR ( 'NONE', #5007, 1000.000000000000000 ) ;
#1168 = DIRECTION ( 'NONE',  ( 0.000000000000000000, 1.000000000000000000, 0.000000000000000000 ) ) ;
#1167 = DIRECTION ( 'NONE',  ( -0.000000000000000000, -0.000000000000000000, -1.000000000000000000 ) ) ;
#1169 = LINE ( 'NONE', #5157, #4260 ) ;
#1170 = FACE_OUTER_BOUND ( 'NONE', #7055, .T. ) ;
#1171 = VECTOR ( 'NONE', #1783, 1000.000000000000000 ) ;
#1172 = DIRECTION ( 'NONE',  ( 1.000000000000000000, 0.000000000000000000, 0.000000000000000000 ) ) ;
#1173 = ORIENTED_EDGE ( 'NONE', *, *, #5117, .F. ) ;
#1174 = VECTOR ( 'NONE', #1746, 1000.000000000000000 ) ;
#1175 = EDGE_LOOP ( 'NONE', ( #4575, #1692, #4991, #6849 ) ) ;
#1176 = FACE_OUTER_BOUND ( 'NONE', #1421, .T. ) ;
#1177 = LINE ( 'NONE', #1728, #6330 ) ;
#1178 = EDGE_CURVE ( 'NONE', #3007, #2748, #4463, .T. ) ;
#1179 = VECTOR ( 'NONE', #4095, 1000.000000000000000 ) ;
#1180 = CARTESIAN_POINT ( 'NONE',  ( 2.159999999999999698, 0.3327573459224363317, 2.115000000000000657 ) ) ;
#1181 = VECTOR ( 'NONE', #1187, 1000.000000000000000 ) ;
#1182 = LINE ( 'NONE', #638, #542 ) ;
#1183 = LINE ( 'NONE', #6370, #3454 ) ;
#1184 = CIRCLE ( 'NONE', #3760, 0.07500000000000041356 ) ;
#1185 = EDGE_LOOP ( 'NONE', ( #379, #2321, #2813, #3774 ) ) ;
#1186 = ORIENTED_EDGE ( 'NONE', *, *, #575, .T. ) ;
#1187 = DIRECTION ( 'NONE',  ( -0.000000000000000000, -1.000000000000000000, -0.000000000000000000 ) ) ;
#1188 = VERTEX_POINT ( 'NONE', #3807 ) ;
#1189 = CARTESIAN_POINT ( 'NONE',  ( -1.050000000000000266, 1.750000000000000000, -4.325000000000002842 ) ) ;
#1190 = DIRECTION ( 'NONE',  ( -8.993001040601393045E-16, -1.000000000000000000, -0.000000000000000000 ) ) ;
#1191 = VECTOR ( 'NONE', #5964, 1000.000000000000000 ) ;
#1192 = DIRECTION ( 'NONE',  ( -0.000000000000000000, 1.000000000000000000, -0.000000000000000000 ) ) ;
#1193 = LINE ( 'NONE', #5920, #787 ) ;
#1194 = VERTEX_POINT ( 'NONE', #6699 ) ;
#1195 = FACE_OUTER_BOUND ( 'NONE', #6697, .T. ) ;
#1196 = LINE ( 'NONE', #5307, #1171 ) ;
#1197 = CARTESIAN_POINT ( 'NONE',  ( 2.449768264469166734, 0.2579400421529494669, 1.695000000000000284 ) ) ;
#1198 = LINE ( 'NONE', #2200, #387 ) ;
#1199 = EDGE_CURVE ( 'NONE', #7331, #1358, #6120, .T. ) ;
#1200 = ORIENTED_EDGE ( 'NONE', *, *, #6701, .T. ) ;
#1201 = CARTESIAN_POINT ( 'NONE',  ( -2.159999999999999698, 0.3327573459224363317, 1.695000000000000284 ) ) ;
#1202 = VERTEX_POINT ( 'NONE', #887 ) ;
#1203 = DIRECTION ( 'NONE',  ( -1.000000000000000000, 8.993001040601393045E-16, 0.000000000000000000 ) ) ;
#1204 = VERTEX_POINT ( 'NONE', #3229 ) ;
#1206 = LINE ( 'NONE', #2808, #107 ) ;
#1205 = DIRECTION ( 'NONE',  ( 1.000000000000000000, 0.000000000000000000, 0.000000000000000000 ) ) ;
#1207 =( NAMED_UNIT ( * ) SI_UNIT ( $, .STERADIAN. ) SOLID_ANGLE_UNIT ( ) );
#1208 = LINE ( 'NONE', #2810, #2999 ) ;
#1209 = CARTESIAN_POINT ( 'NONE',  ( -2.454999999999975646, 0.3327573459224363317, -4.655000000000000249 ) ) ;
#1210 = MECHANICAL_DESIGN_GEOMETRIC_PRESENTATION_REPRESENTATION (  '', ( #4154 ), #6975 ) ;
#1211 = EDGE_LOOP ( 'NONE', ( #3802, #1641, #3620, #3036, #5172, #258, #4143, #2292, #4065, #3877, #3004, #3107 ) ) ;
#1212 = AXIS2_PLACEMENT_3D ( 'NONE', #93, #3712, #5408 ) ;
#1213 = VERTEX_POINT ( 'NONE', #3412 ) ;
#1214 = CARTESIAN_POINT ( 'NONE',  ( -2.084999999999999964, 0.8900000000000122258, -2.964999999999999858 ) ) ;
#1215 = LINE ( 'NONE', #3595, #1307 ) ;
#1216 = CARTESIAN_POINT ( 'NONE',  ( 2.084999999999999964, 0.8900000000000122258, -0.4250000000000000444 ) ) ;
#1217 = EDGE_CURVE ( 'NONE', #428, #474, #417, .T. ) ;
#1218 = AXIS2_PLACEMENT_3D ( 'NONE', #6859, #2059, #4940 ) ;
#1219 = EDGE_CURVE ( 'NONE', #2459, #6015, #3304, .T. ) ;
#1220 = DIRECTION ( 'NONE',  ( 1.000000000000000000, -8.031127203596320741E-16, -0.000000000000000000 ) ) ;
#1221 = DIRECTION ( 'NONE',  ( 0.000000000000000000, 1.000000000000000000, 0.000000000000000000 ) ) ;
#1222 = ORIENTED_EDGE ( 'NONE', *, *, #6628, .T. ) ;
#1223 = ORIENTED_EDGE ( 'NONE', *, *, #3064, .T. ) ;
#1224 = DIRECTION ( 'NONE',  ( -0.000000000000000000, -0.000000000000000000, -1.000000000000000000 ) ) ;
#1225 = VECTOR ( 'NONE', #5455, 1000.000000000000000 ) ;
#1226 = VERTEX_POINT ( 'NONE', #4033 ) ;
#1227 = DIRECTION ( 'NONE',  ( 1.000000000000000000, -8.993001040601393045E-16, 0.000000000000000000 ) ) ;
#1228 = MANIFOLD_SOLID_BREP ( 'LPattern1[14]', #4334 ) ;
#1229 = DIRECTION ( 'NONE',  ( -1.000000000000000000, 0.000000000000000000, 0.000000000000000000 ) ) ;
#1230 = DIRECTION ( 'NONE',  ( 1.000000000000000000, 8.031127203596346379E-16, 0.000000000000000000 ) ) ;
#1231 = ORIENTED_EDGE ( 'NONE', *, *, #6563, .T. ) ;
#1232 = ADVANCED_FACE ( 'NONE', ( #5108 ), #1588, .T. ) ;
#1233 = CARTESIAN_POINT ( 'NONE',  ( 1.949999999999999956, 0.8900000000000123368, -1.694999999999999840 ) ) ;
#1234 = CIRCLE ( 'NONE', #5531, 0.07499999999999998335 ) ;
#1235 = LINE ( 'NONE', #5146, #1550 ) ;
#1236 = DIRECTION ( 'NONE',  ( -0.000000000000000000, -0.000000000000000000, -1.000000000000000000 ) ) ;
#1237 = DIRECTION ( 'NONE',  ( -8.993001040601393045E-16, 1.000000000000000000, 0.000000000000000000 ) ) ;
#1238 = ORIENTED_EDGE ( 'NONE', *, *, #1382, .F. ) ;
#1239 = CARTESIAN_POINT ( 'NONE',  ( 2.434421840245462487, 0.03847595109581208178, -0.8450000000000003064 ) ) ;
#1240 = VERTEX_POINT ( 'NONE', #3992 ) ;
#1241 = DIRECTION ( 'NONE',  ( -8.993001040601393045E-16, 1.000000000000000000, 0.000000000000000000 ) ) ;
#1242 = VERTEX_POINT ( 'NONE', #2193 ) ;
#1243 = ADVANCED_FACE ( 'NONE', ( #4503 ), #3955, .T. ) ;
#1245 = CARTESIAN_POINT ( 'NONE',  ( -2.984653575776294865, -3.794707603699265519E-16, -2.964999999999999858 ) ) ;
#1244 = CARTESIAN_POINT ( 'NONE',  ( -2.084999999999999964, 1.109999999999987663, -0.4250000000000000444 ) ) ;
#1246 = EDGE_CURVE ( 'NONE', #3920, #5099, #2514, .T. ) ;
#1247 = VECTOR ( 'NONE', #6150, 1000.000000000000000 ) ;
#1248 = CARTESIAN_POINT ( 'NONE',  ( -2.984653575776294865, -3.794707603699265519E-16, 3.384999999999999787 ) ) ;
#1249 = LINE ( 'NONE', #2558, #4355 ) ;
#1250 = DIRECTION ( 'NONE',  ( -0.1710878697460324060, 0.9702875252478150303, 0.1710878697460324060 ) ) ;
#1251 = EDGE_CURVE ( 'NONE', #1348, #1162, #6383, .T. ) ;
#1252 = AXIS2_PLACEMENT_3D ( 'NONE', #1332, #708, #6021 ) ;
#1253 = EDGE_LOOP ( 'NONE', ( #1667, #2003, #3436, #7134 ) ) ;
#1254 = ORIENTED_EDGE ( 'NONE', *, *, #2218, .F. ) ;
#1255 = AXIS2_PLACEMENT_3D ( 'NONE', #3184, #299, #1460 ) ;
#1256 = CARTESIAN_POINT ( 'NONE',  ( 2.984653575776294865, -3.794707603699265519E-16, -2.115000000000000213 ) ) ;
#1257 = CARTESIAN_POINT ( 'NONE',  ( -2.379999999999975913, 0.8150000000000123812, 2.964999999999999858 ) ) ;
#1258 = CARTESIAN_POINT ( 'NONE',  ( 2.454999999999975646, 0.3327573459224363317, -2.964999999999999858 ) ) ;
#1259 = LINE ( 'NONE', #7025, #6443 ) ;
#1260 = CARTESIAN_POINT ( 'NONE',  ( 2.984653575776294865, -3.794707603699265519E-16, 1.695000000000000284 ) ) ;
#1261 = VERTEX_POINT ( 'NONE', #5143 ) ;
#1262 = EDGE_CURVE ( 'NONE', #605, #6, #7484, .T. ) ;
#1263 = ORIENTED_EDGE ( 'NONE', *, *, #6915, .T. ) ;
#1264 = CARTESIAN_POINT ( 'NONE',  ( 1.949999999999999956, 0.8900000000000123368, 0.8450000000000003064 ) ) ;
#1265 = ORIENTED_EDGE ( 'NONE', *, *, #7392, .T. ) ;
#1266 = CARTESIAN_POINT ( 'NONE',  ( -2.084999999999999964, 0.8900000000000122258, -1.694999999999999840 ) ) ;
#1267 = ADVANCED_FACE ( 'NONE', ( #4578 ), #6917, .F. ) ;
#1268 = FACE_OUTER_BOUND ( 'NONE', #1571, .T. ) ;
#1269 = AXIS2_PLACEMENT_3D ( 'NONE', #1483, #4435, #3314 ) ;
#1270 = PLANE ( 'NONE',  #5906 ) ;
#1271 = FACE_OUTER_BOUND ( 'NONE', #4972, .T. ) ;
#1272 = ORIENTED_EDGE ( 'NONE', *, *, #4510, .F. ) ;
#1273 = DIRECTION ( 'NONE',  ( -0.9975640502598246417, -0.06975647374411851620, 0.000000000000000000 ) ) ;
#1274 = CARTESIAN_POINT ( 'NONE',  ( -2.984653575776294865, -3.794707603699265519E-16, 4.235000000000000320 ) ) ;
#1275 = CARTESIAN_POINT ( 'NONE',  ( -3.000000000000000000, 0.2194640910571372949, -4.235000000000000320 ) ) ;
#1276 = VECTOR ( 'NONE', #7191, 1000.000000000000000 ) ;
#1277 = DIRECTION ( 'NONE',  ( 0.000000000000000000, 0.000000000000000000, 1.000000000000000000 ) ) ;
#1278 = EDGE_CURVE ( 'NONE', #3632, #1376, #4223, .T. ) ;
#1279 = ADVANCED_FACE ( 'NONE', ( #1698 ), #7413, .F. ) ;
#1280 = VERTEX_POINT ( 'NONE', #530 ) ;
#1281 = FACE_OUTER_BOUND ( 'NONE', #3150, .T. ) ;
#1282 = ORIENTED_EDGE ( 'NONE', *, *, #1949, .F. ) ;
#1283 = VECTOR ( 'NONE', #3265, 1000.000000000000000 ) ;
#1284 = DIRECTION ( 'NONE',  ( -8.031127203596346379E-16, 1.000000000000000000, 0.000000000000000000 ) ) ;
#1285 = ORIENTED_EDGE ( 'NONE', *, *, #5027, .T. ) ;
#1286 = EDGE_LOOP ( 'NONE', ( #3756, #4884, #1632, #1510 ) ) ;
#1288 = CARTESIAN_POINT ( 'NONE',  ( -3.000000000000000000, 0.2194640910571372949, -2.964999999999999858 ) ) ;
#1287 = CARTESIAN_POINT ( 'NONE',  ( -3.000000000000000000, 0.2194640910571372949, 1.695000000000000284 ) ) ;
#1289 = CARTESIAN_POINT ( 'NONE',  ( -1.950000000000000400, -10.64048871058091983, 4.949999999999999289 ) ) ;
#1290 = CARTESIAN_POINT ( 'NONE',  ( -3.000000000000000000, 0.2194640910571372949, -3.384999999999999787 ) ) ;
#1291 = AXIS2_PLACEMENT_3D ( 'NONE', #5896, #510, #7535 ) ;
#1292 = EDGE_CURVE ( 'NONE', #4957, #861, #2875, .T. ) ;
#1293 = ORIENTED_EDGE ( 'NONE', *, *, #5596, .F. ) ;
#1294 = MANIFOLD_SOLID_BREP ( 'Boss-Extrude3[2]', #6906 ) ;
#1295 = ORIENTED_EDGE ( 'NONE', *, *, #7429, .T. ) ;
#1296 = LINE ( 'NONE', #7214, #3906 ) ;
#1297 = UNCERTAINTY_MEASURE_WITH_UNIT (LENGTH_MEASURE( 1.000000000000000082E-05 ), #207, 'distance_accuracy_value', 'NONE');
#1298 = DIRECTION ( 'NONE',  ( -0.000000000000000000, -0.000000000000000000, -1.000000000000000000 ) ) ;
#1299 = DIRECTION ( 'NONE',  ( -0.000000000000000000, -0.000000000000000000, -1.000000000000000000 ) ) ;
#1300 = EDGE_CURVE ( 'NONE', #3914, #474, #4809, .T. ) ;
#1301 = CIRCLE ( 'NONE', #4250, 0.2949999999999762812 ) ;
#1302 = LINE ( 'NONE', #2843, #7512 ) ;
#1303 = LINE ( 'NONE', #4335, #4162 ) ;
#1304 = VERTEX_POINT ( 'NONE', #4074 ) ;
#1305 = ORIENTED_EDGE ( 'NONE', *, *, #2657, .F. ) ;
#1306 = CARTESIAN_POINT ( 'NONE',  ( 1.949999999999999512, 0.8900000000000123368, -4.950000000000001066 ) ) ;
#1307 = VECTOR ( 'NONE', #7544, 1000.000000000000227 ) ;
#1308 = EDGE_LOOP ( 'NONE', ( #506, #1570, #917, #4066 ) ) ;
#1309 = DIRECTION ( 'NONE',  ( -0.9975640502598246417, -0.06975647374411851620, 0.000000000000000000 ) ) ;
#1310 = CARTESIAN_POINT ( 'NONE',  ( -2.434421840245462487, 0.03847595109581208178, -4.235000000000000320 ) ) ;
#1311 = VECTOR ( 'NONE', #2581, 1000.000000000000000 ) ;
#1312 = COLOUR_RGB ( '',0.7921568627450980005, 0.8196078431372548767, 0.9333333333333333481 ) ;
#1313 = EDGE_CURVE ( 'NONE', #3286, #2152, #688, .T. ) ;
#1314 = CARTESIAN_POINT ( 'NONE',  ( 2.160000000000000142, 0.8150000000000123812, 2.115000000000000657 ) ) ;
#1315 = CARTESIAN_POINT ( 'NONE',  ( -2.084999999999999964, 0.8900000000000123368, -2.964999999999999858 ) ) ;
#1316 = ORIENTED_EDGE ( 'NONE', *, *, #4456, .F. ) ;
#1317 = DIRECTION ( 'NONE',  ( 0.000000000000000000, 0.000000000000000000, 1.000000000000000000 ) ) ;
#1318 = CARTESIAN_POINT ( 'NONE',  ( 2.984653575776294865, -3.794707603699265519E-16, -1.694999999999999840 ) ) ;
#1319 = VECTOR ( 'NONE', #4087, 1000.000000000000000 ) ;
#1320 = FACE_OUTER_BOUND ( 'NONE', #3743, .T. ) ;
#1321 = DIRECTION ( 'NONE',  ( 0.000000000000000000, 0.000000000000000000, 1.000000000000000000 ) ) ;
#1322 = ORIENTED_EDGE ( 'NONE', *, *, #3363, .T. ) ;
#1323 = VECTOR ( 'NONE', #4358, 1000.000000000000000 ) ;
#1324 = LINE ( 'NONE', #3196, #1283 ) ;
#1325 = ORIENTED_EDGE ( 'NONE', *, *, #4554, .F. ) ;
#1326 = DIRECTION ( 'NONE',  ( -1.000000000000000000, 0.000000000000000000, 0.000000000000000000 ) ) ;
#1327 = ORIENTED_EDGE ( 'NONE', *, *, #6836, .T. ) ;
#1328 = ORIENTED_EDGE ( 'NONE', *, *, #1856, .F. ) ;
#1329 = DIRECTION ( 'NONE',  ( -0.000000000000000000, -0.000000000000000000, -1.000000000000000000 ) ) ;
#1330 = DIRECTION ( 'NONE',  ( 0.000000000000000000, 0.000000000000000000, 1.000000000000000000 ) ) ;
#1331 = CARTESIAN_POINT ( 'NONE',  ( 2.454999999999975646, 0.3327573459224363317, -2.115000000000000213 ) ) ;
#1332 = CARTESIAN_POINT ( 'NONE',  ( 2.084999999999999964, 0.8150000000000123812, -1.694999999999999840 ) ) ;
#1333 = VECTOR ( 'NONE', #4612, 1000.000000000000000 ) ;
#1334 = ORIENTED_EDGE ( 'NONE', *, *, #2836, .T. ) ;
#1335 = MANIFOLD_SOLID_BREP ( 'LPattern1[4]', #5682 ) ;
#1336 = ORIENTED_EDGE ( 'NONE', *, *, #1639, .F. ) ;
#1337 = LINE ( 'NONE', #252, #1471 ) ;
#1338 = DIRECTION ( 'NONE',  ( 0.000000000000000000, 1.000000000000000000, 0.000000000000000000 ) ) ;
#1339 = LINE ( 'NONE', #218, #5897 ) ;
#1340 = AXIS2_PLACEMENT_3D ( 'NONE', #2239, #3383, #4979 ) ;
#1341 = VECTOR ( 'NONE', #2178, 1000.000000000000227 ) ;
#1342 = DIRECTION ( 'NONE',  ( -1.000000000000000000, -0.000000000000000000, -0.000000000000000000 ) ) ;
#1343 = AXIS2_PLACEMENT_3D ( 'NONE', #1697, #2191, #4577 ) ;
#1344 = ORIENTED_EDGE ( 'NONE', *, *, #433, .T. ) ;
#1345 = VERTEX_POINT ( 'NONE', #4110 ) ;
#1346 = CARTESIAN_POINT ( 'NONE',  ( 2.084999999999999964, 0.8150000000000123812, -3.384999999999999787 ) ) ;
#1347 = AXIS2_PLACEMENT_3D ( 'NONE', #7511, #2257, #1809 ) ;
#1348 = VERTEX_POINT ( 'NONE', #1315 ) ;
#1349 = DIRECTION ( 'NONE',  ( -1.000000000000000000, 0.000000000000000000, 0.000000000000000000 ) ) ;
#1350 = ADVANCED_FACE ( 'NONE', ( #1271 ), #1820, .F. ) ;
#1351 = EDGE_CURVE ( 'NONE', #7046, #805, #1193, .T. ) ;
#1352 = CIRCLE ( 'NONE', #1218, 0.07500000000000041356 ) ;
#1353 = DIRECTION ( 'NONE',  ( 0.000000000000000000, 0.000000000000000000, 1.000000000000000000 ) ) ;
#1354 = EDGE_CURVE ( 'NONE', #3295, #6412, #1859, .T. ) ;
#1355 = CARTESIAN_POINT ( 'NONE',  ( -2.159999999999999698, 0.3327573459224363317, -2.964999999999999858 ) ) ;
#1356 = CIRCLE ( 'NONE', #3916, 0.2949999999999762812 ) ;
#1357 = CARTESIAN_POINT ( 'NONE',  ( -1.950000000000000400, 1.109999999999987663, 0.8450000000000003064 ) ) ;
#1358 = VERTEX_POINT ( 'NONE', #4190 ) ;
#1359 = PLANE ( 'NONE',  #3631 ) ;
#1360 = LINE ( 'NONE', #5389, #6207 ) ;
#1361 = DIRECTION ( 'NONE',  ( -0.000000000000000000, -0.000000000000000000, -1.000000000000000000 ) ) ;
#1362 = ORIENTED_EDGE ( 'NONE', *, *, #3492, .F. ) ;
#1363 = AXIS2_PLACEMENT_3D ( 'NONE', #2372, #7545, #6408 ) ;
#1364 = DIRECTION ( 'NONE',  ( 1.000000000000000000, 0.000000000000000000, -0.000000000000000000 ) ) ;
#1365 = ORIENTED_EDGE ( 'NONE', *, *, #7184, .F. ) ;
#1366 = DIRECTION ( 'NONE',  ( -1.000000000000000000, -0.000000000000000000, -0.000000000000000000 ) ) ;
#1367 = ORIENTED_EDGE ( 'NONE', *, *, #6332, .F. ) ;
#1368 = EDGE_CURVE ( 'NONE', #2684, #42, #7598, .T. ) ;
#1369 = VERTEX_POINT ( 'NONE', #610 ) ;
#1370 = CARTESIAN_POINT ( 'NONE',  ( 2.454999999999975646, 0.3327573459224363317, 4.655000000000000249 ) ) ;
#1371 = FACE_OUTER_BOUND ( 'NONE', #3135, .T. ) ;
#1372 = ADVANCED_FACE ( 'NONE', ( #5302 ), #36, .F. ) ;
#1373 = VECTOR ( 'NONE', #6479, 1000.000000000000000 ) ;
#1374 = DIRECTION ( 'NONE',  ( -1.000000000000000000, 0.000000000000000000, 0.000000000000000000 ) ) ;
#1375 = ORIENTED_EDGE ( 'NONE', *, *, #1459, .F. ) ;
#1376 = VERTEX_POINT ( 'NONE', #770 ) ;
#1377 = FACE_OUTER_BOUND ( 'NONE', #3983, .T. ) ;
#1378 = UNCERTAINTY_MEASURE_WITH_UNIT (LENGTH_MEASURE( 1.000000000000000082E-05 ), #6552, 'distance_accuracy_value', 'NONE');
#1379 = AXIS2_PLACEMENT_3D ( 'NONE', #2664, #7389, #5548 ) ;
#1380 = DIRECTION ( 'NONE',  ( 1.000000000000000000, 0.000000000000000000, 0.000000000000000000 ) ) ;
#1381 = EDGE_CURVE ( 'NONE', #297, #6073, #3115, .T. ) ;
#1382 = EDGE_CURVE ( 'NONE', #1735, #6131, #3689, .T. ) ;
#1383 = VECTOR ( 'NONE', #4732, 1000.000000000000000 ) ;
#1384 = PLANE ( 'NONE',  #2322 ) ;
#1385 = VERTEX_POINT ( 'NONE', #192 ) ;
#1386 = ORIENTED_EDGE ( 'NONE', *, *, #4677, .T. ) ;
#1387 = CARTESIAN_POINT ( 'NONE',  ( -0.7737430971006734604, 2.500411887915114928, -4.704832869862774380 ) ) ;
#1388 = ORIENTED_EDGE ( 'NONE', *, *, #1300, .T. ) ;
#1389 = LINE ( 'NONE', #800, #2458 ) ;
#1390 = MANIFOLD_SOLID_BREP ( 'LPattern1[5]', #5927 ) ;
#1391 = FACE_OUTER_BOUND ( 'NONE', #6438, .T. ) ;
#1392 = CARTESIAN_POINT ( 'NONE',  ( -2.984653575776294865, -3.794707603699265519E-16, 1.695000000000000284 ) ) ;
#1393 = VERTEX_POINT ( 'NONE', #2842 ) ;
#1394 = LINE ( 'NONE', #1429, #7428 ) ;
#1395 = CARTESIAN_POINT ( 'NONE',  ( 2.160000000000000142, 0.8150000000000123812, 0.8450000000000003064 ) ) ;
#1396 = PLANE ( 'NONE',  #6163 ) ;
#1397 = MANIFOLD_SOLID_BREP ( 'LPattern1[6]', #6291 ) ;
#1398 = VERTEX_POINT ( 'NONE', #4472 ) ;
#1399 = EDGE_CURVE ( 'NONE', #3144, #6831, #1562, .T. ) ;
#1400 = DIRECTION ( 'NONE',  ( 0.000000000000000000, 0.000000000000000000, 1.000000000000000000 ) ) ;
#1401 = EDGE_LOOP ( 'NONE', ( #3837, #2186, #4150, #1455 ) ) ;
#1402 = ORIENTED_EDGE ( 'NONE', *, *, #746, .T. ) ;
#1403 = CARTESIAN_POINT ( 'NONE',  ( 1.949999999999999956, 0.8900000000000123368, -4.235000000000000320 ) ) ;
#1404 = CARTESIAN_POINT ( 'NONE',  ( 3.000000000000000000, 0.2194640910571372949, 2.115000000000000657 ) ) ;
#1405 = CARTESIAN_POINT ( 'NONE',  ( 2.449768264469166734, 0.2579400421529494669, -3.384999999999999787 ) ) ;
#1406 = LINE ( 'NONE', #4935, #4196 ) ;
#1407 = AXIS2_PLACEMENT_3D ( 'NONE', #3456, #5222, #383 ) ;
#1408 = ADVANCED_FACE ( 'NONE', ( #3891 ), #3926, .T. ) ;
#1409 = ORIENTED_EDGE ( 'NONE', *, *, #4501, .T. ) ;
#1410 = MANIFOLD_SOLID_BREP ( 'LPattern1[12]', #4943 ) ;
#1411 = ORIENTED_EDGE ( 'NONE', *, *, #226, .F. ) ;
#1412 = PLANE ( 'NONE',  #1840 ) ;
#1413 = CARTESIAN_POINT ( 'NONE',  ( -1.950000000000000400, 0.8900000000000123368, 2.115000000000000657 ) ) ;
#1414 = VECTOR ( 'NONE', #2975, 1000.000000000000227 ) ;
#1415 = CARTESIAN_POINT ( 'NONE',  ( -2.084999999999999964, 0.8150000000000123812, 2.115000000000000657 ) ) ;
#1416 = CARTESIAN_POINT ( 'NONE',  ( 1.949999999999999956, 1.109999999999987663, 2.115000000000000657 ) ) ;
#1417 = ORIENTED_EDGE ( 'NONE', *, *, #1767, .F. ) ;
#1418 = ADVANCED_FACE ( 'NONE', ( #1170 ), #4558, .F. ) ;
#1419 = VERTEX_POINT ( 'NONE', #6478 ) ;
#1420 = DIRECTION ( 'NONE',  ( -0.000000000000000000, -1.000000000000000000, -0.000000000000000000 ) ) ;
#1421 = EDGE_LOOP ( 'NONE', ( #4068, #1633, #6690, #3602 ) ) ;
#1422 = DIRECTION ( 'NONE',  ( -0.000000000000000000, -0.000000000000000000, -1.000000000000000000 ) ) ;
#1423 = MANIFOLD_SOLID_BREP ( 'LPattern1[2]', #7281 ) ;
#1424 = DIRECTION ( 'NONE',  ( -8.993001040601393045E-16, 1.000000000000000000, 0.000000000000000000 ) ) ;
#1425 = VECTOR ( 'NONE', #4468, 1000.000000000000000 ) ;
#1426 = CARTESIAN_POINT ( 'NONE',  ( -2.454999999999975646, 0.3327573459224363317, 2.115000000000000657 ) ) ;
#1427 = ORIENTED_EDGE ( 'NONE', *, *, #5178, .F. ) ;
#1428 = ORIENTED_EDGE ( 'NONE', *, *, #6458, .T. ) ;
#1429 = CARTESIAN_POINT ( 'NONE',  ( 1.949999999999999956, 1.109999999999987663, 3.384999999999999787 ) ) ;
#1430 = VECTOR ( 'NONE', #2616, 1000.000000000000227 ) ;
#1431 = FACE_OUTER_BOUND ( 'NONE', #4093, .T. ) ;
#1432 = DIRECTION ( 'NONE',  ( -0.000000000000000000, -0.000000000000000000, -1.000000000000000000 ) ) ;
#1433 = MECHANICAL_DESIGN_GEOMETRIC_PRESENTATION_REPRESENTATION (  '', ( #3375 ), #4865 ) ;
#1434 = AXIS2_PLACEMENT_3D ( 'NONE', #5098, #957, #304 ) ;
#1435 = VERTEX_POINT ( 'NONE', #1129 ) ;
#1436 = CARTESIAN_POINT ( 'NONE',  ( -1.950000000000000400, 1.109999999999987663, 3.384999999999999787 ) ) ;
#1437 = ORIENTED_EDGE ( 'NONE', *, *, #1459, .T. ) ;
#1438 = LINE ( 'NONE', #3160, #2919 ) ;
#1439 = VECTOR ( 'NONE', #6742, 1000.000000000000000 ) ;
#1440 = VERTEX_POINT ( 'NONE', #6973 ) ;
#1441 = FACE_OUTER_BOUND ( 'NONE', #6703, .T. ) ;
#1442 = CARTESIAN_POINT ( 'NONE',  ( 1.949999999999999956, 1.109999999999987663, -1.694999999999999840 ) ) ;
#1443 = LINE ( 'NONE', #390, #7269 ) ;
#1444 = EDGE_CURVE ( 'NONE', #5763, #985, #6310, .T. ) ;
#1445 = CARTESIAN_POINT ( 'NONE',  ( -2.984653575776294865, -3.794707603699265519E-16, -2.964999999999999858 ) ) ;
#1446 = AXIS2_PLACEMENT_3D ( 'NONE', #748, #5973, #7240 ) ;
#1447 = CARTESIAN_POINT ( 'NONE',  ( 2.084999999999999964, 0.8900000000000122258, 3.384999999999999787 ) ) ;
#1448 = ORIENTED_EDGE ( 'NONE', *, *, #3516, .F. ) ;
#1449 = ORIENTED_EDGE ( 'NONE', *, *, #3871, .F. ) ;
#1450 = DIRECTION ( 'NONE',  ( -0.000000000000000000, -0.000000000000000000, -1.000000000000000000 ) ) ;
#1451 = FILL_AREA_STYLE_COLOUR ( '', #5095 ) ;
#1452 = FACE_BOUND ( 'NONE', #6548, .T. ) ;
#1453 = DIRECTION ( 'NONE',  ( 0.000000000000000000, -1.000000000000000000, 0.000000000000000000 ) ) ;
#1454 = ORIENTED_EDGE ( 'NONE', *, *, #6458, .F. ) ;
#1455 = ORIENTED_EDGE ( 'NONE', *, *, #5626, .T. ) ;
#1456 = CARTESIAN_POINT ( 'NONE',  ( 3.000000000000000000, 0.2194640910571372949, 3.384999999999999787 ) ) ;
#1457 = ORIENTED_EDGE ( 'NONE', *, *, #3088, .T. ) ;
#1458 = CARTESIAN_POINT ( 'NONE',  ( 1.949999999999999956, 0.8900000000000123368, -1.694999999999999840 ) ) ;
#1459 = EDGE_CURVE ( 'NONE', #5709, #5244, #2893, .T. ) ;
#1460 = DIRECTION ( 'NONE',  ( 1.000000000000000000, 0.000000000000000000, 0.000000000000000000 ) ) ;
#1461 = ADVANCED_FACE ( 'NONE', ( #545 ), #2208, .F. ) ;
#1462 = AXIS2_PLACEMENT_3D ( 'NONE', #2107, #3866, #369 ) ;
#1463 = CARTESIAN_POINT ( 'NONE',  ( -2.449768264469166734, 0.2579400421529493004, 4.235000000000000320 ) ) ;
#1464 = CIRCLE ( 'NONE', #726, 0.07499999999999998335 ) ;
#1465 = ORIENTED_EDGE ( 'NONE', *, *, #6761, .F. ) ;
#1466 = ORIENTED_EDGE ( 'NONE', *, *, #3980, .T. ) ;
#1467 = DIRECTION ( 'NONE',  ( 0.06975647374412144441, -0.9975640502598245307, 0.000000000000000000 ) ) ;
#1468 = CIRCLE ( 'NONE', #2680, 0.2949999999999762812 ) ;
#1469 = DIRECTION ( 'NONE',  ( -0.9975640502598246417, 0.06975647374411851620, -0.000000000000000000 ) ) ;
#1470 = EDGE_CURVE ( 'NONE', #330, #2179, #1796, .T. ) ;
#1471 = VECTOR ( 'NONE', #5942, 1000.000000000000000 ) ;
#1472 = ORIENTED_EDGE ( 'NONE', *, *, #2610, .T. ) ;
#1473 = ADVANCED_FACE ( 'NONE', ( #1048 ), #3387, .F. ) ;
#1474 = CIRCLE ( 'NONE', #6506, 0.2949999999999756151 ) ;
#1475 = DIRECTION ( 'NONE',  ( 0.000000000000000000, 0.000000000000000000, 1.000000000000000000 ) ) ;
#1476 = ORIENTED_EDGE ( 'NONE', *, *, #866, .T. ) ;
#1477 = FACE_OUTER_BOUND ( 'NONE', #5685, .T. ) ;
#1478 = LINE ( 'NONE', #3269, #7309 ) ;
#1479 = AXIS2_PLACEMENT_3D ( 'NONE', #2000, #6685, #3647 ) ;
#1480 = CARTESIAN_POINT ( 'NONE',  ( 2.084999999999999964, 1.109999999999987885, -2.964999999999999858 ) ) ;
#1481 = LINE ( 'NONE', #247, #6660 ) ;
#1482 = CARTESIAN_POINT ( 'NONE',  ( 2.434421840245462487, 0.03847595109581208178, -4.235000000000000320 ) ) ;
#1483 = CARTESIAN_POINT ( 'NONE',  ( -2.454999999999975646, 0.3327573459224363317, -2.964999999999999858 ) ) ;
#1484 = ORIENTED_EDGE ( 'NONE', *, *, #7575, .F. ) ;
#1485 = EDGE_CURVE ( 'NONE', #6429, #2876, #1160, .T. ) ;
#1486 = EDGE_CURVE ( 'NONE', #6483, #7046, #5738, .T. ) ;
#1487 = ORIENTED_EDGE ( 'NONE', *, *, #187, .F. ) ;
#1488 = LINE ( 'NONE', #362, #4783 ) ;
#1489 = AXIS2_PLACEMENT_3D ( 'NONE', #6838, #1730, #2254 ) ;
#1490 = CARTESIAN_POINT ( 'NONE',  ( -2.159999999999999698, 0.3327573459224363317, 2.115000000000000657 ) ) ;
#1491 = EDGE_CURVE ( 'NONE', #6858, #5702, #1208, .T. ) ;
#1492 = DIRECTION ( 'NONE',  ( 0.000000000000000000, 0.000000000000000000, 1.000000000000000000 ) ) ;
#1493 = ADVANCED_FACE ( 'NONE', ( #6354 ), #2775, .T. ) ;
#1494 = PLANE ( 'NONE',  #1340 ) ;
#1495 = ORIENTED_EDGE ( 'NONE', *, *, #5199, .F. ) ;
#1496 = ORIENTED_EDGE ( 'NONE', *, *, #1756, .F. ) ;
#1497 = CYLINDRICAL_SURFACE ( 'NONE', #1462, 0.2250000000000003664 ) ;
#1498 = VECTOR ( 'NONE', #4831, 1000.000000000000114 ) ;
#1499 = ORIENTED_EDGE ( 'NONE', *, *, #4344, .T. ) ;
#1500 = DIRECTION ( 'NONE',  ( -1.000000000000000000, -0.000000000000000000, -0.000000000000000000 ) ) ;
#1501 = CYLINDRICAL_SURFACE ( 'NONE', #2212, 0.2949999999999762812 ) ;
#1502 = VECTOR ( 'NONE', #460, 1000.000000000000000 ) ;
#1503 = VECTOR ( 'NONE', #740, 1000.000000000000000 ) ;
#1504 = CARTESIAN_POINT ( 'NONE',  ( 1.949999999999999956, 1.109999999999987663, -0.4250000000000000444 ) ) ;
#1505 = ADVANCED_FACE ( 'NONE', ( #2243 ), #471, .F. ) ;
#1506 = ORIENTED_EDGE ( 'NONE', *, *, #1507, .F. ) ;
#1507 = EDGE_CURVE ( 'NONE', #1813, #5189, #6056, .T. ) ;
#1508 = EDGE_LOOP ( 'NONE', ( #4340, #3014, #4245, #5988 ) ) ;
#1509 = CARTESIAN_POINT ( 'NONE',  ( -3.000000000000000000, 0.2194640910571372949, 3.384999999999999787 ) ) ;
#1510 = ORIENTED_EDGE ( 'NONE', *, *, #3301, .T. ) ;
#1511 = CARTESIAN_POINT ( 'NONE',  ( 2.084999999999999964, 0.8900000000000122258, -1.694999999999999840 ) ) ;
#1512 = AXIS2_PLACEMENT_3D ( 'NONE', #607, #33, #4106 ) ;
#1513 = SURFACE_STYLE_FILL_AREA ( #5537 ) ;
#1514 = EDGE_LOOP ( 'NONE', ( #3394, #5305, #4825, #6868 ) ) ;
#1515 = CARTESIAN_POINT ( 'NONE',  ( -2.084999999999999964, 0.8900000000000123368, -3.384999999999999787 ) ) ;
#1516 = EDGE_LOOP ( 'NONE', ( #2169, #3715, #1680, #1640 ) ) ;
#1517 = FACE_OUTER_BOUND ( 'NONE', #1890, .T. ) ;
#1518 = EDGE_CURVE ( 'NONE', #2817, #1435, #5204, .T. ) ;
#1519 = CARTESIAN_POINT ( 'NONE',  ( 2.984653575776294865, -3.794707603699265519E-16, -4.655000000000000249 ) ) ;
#1520 = CARTESIAN_POINT ( 'NONE',  ( 2.454999999999975646, 0.3327573459224363317, 2.964999999999999858 ) ) ;
#1521 = DIRECTION ( 'NONE',  ( 1.000000000000000000, -8.031127203596320741E-16, -0.000000000000000000 ) ) ;
#1522 = EDGE_CURVE ( 'NONE', #5820, #1280, #6636, .T. ) ;
#1523 = DIRECTION ( 'NONE',  ( 0.06975647374412144441, -0.9975640502598245307, 0.000000000000000000 ) ) ;
#1524 = CYLINDRICAL_SURFACE ( 'NONE', #3226, 0.07499999999999998335 ) ;
#1525 = ORIENTED_EDGE ( 'NONE', *, *, #952, .T. ) ;
#1526 = ORIENTED_EDGE ( 'NONE', *, *, #5169, .T. ) ;
#1527 = CARTESIAN_POINT ( 'NONE',  ( 1.837150732346581883, 1.750000000000000000, -4.950000000000001066 ) ) ;
#1528 = EDGE_CURVE ( 'NONE', #3939, #641, #5699, .T. ) ;
#1529 = LINE ( 'NONE', #1603, #373 ) ;
#1530 = PRESENTATION_LAYER_ASSIGNMENT (  '', '', ( #3603 ) ) ;
#1531 = CARTESIAN_POINT ( 'NONE',  ( -2.084999999999999964, 0.8150000000000123812, 3.384999999999999787 ) ) ;
#1532 = ORIENTED_EDGE ( 'NONE', *, *, #6619, .T. ) ;
#1533 = ORIENTED_EDGE ( 'NONE', *, *, #1199, .T. ) ;
#1534 = AXIS2_PLACEMENT_3D ( 'NONE', #4889, #1475, #2047 ) ;
#1535 = DIRECTION ( 'NONE',  ( -1.000000000000000000, 8.031127203596320741E-16, 0.000000000000000000 ) ) ;
#1536 = ORIENTED_EDGE ( 'NONE', *, *, #5662, .F. ) ;
#1537 = LINE ( 'NONE', #4985, #739 ) ;
#1538 = DIRECTION ( 'NONE',  ( -0.000000000000000000, -0.000000000000000000, -1.000000000000000000 ) ) ;
#1539 = EDGE_CURVE ( 'NONE', #3818, #3207, #5936, .T. ) ;
#1540 = MECHANICAL_DESIGN_GEOMETRIC_PRESENTATION_REPRESENTATION (  '', ( #2146 ), #180 ) ;
#1541 = DIRECTION ( 'NONE',  ( 0.000000000000000000, -1.000000000000000000, 0.000000000000000000 ) ) ;
#1542 = ORIENTED_EDGE ( 'NONE', *, *, #3139, .T. ) ;
#1544 = ORIENTED_EDGE ( 'NONE', *, *, #6695, .T. ) ;
#1543 = AXIS2_PLACEMENT_3D ( 'NONE', #2300, #1733, #1847 ) ;
#1545 = FACE_OUTER_BOUND ( 'NONE', #5380, .T. ) ;
#1546 = EDGE_LOOP ( 'NONE', ( #1925, #4221, #1079, #5498 ) ) ;
#1547 = LINE ( 'NONE', #5068, #3063 ) ;
#1548 = PRODUCT_CONTEXT ( 'NONE', #136, 'mechanical' ) ;
#1549 = FACE_OUTER_BOUND ( 'NONE', #3402, .T. ) ;
#1550 = VECTOR ( 'NONE', #3995, 1000.000000000000000 ) ;
#1551 =( LENGTH_UNIT ( ) NAMED_UNIT ( * ) SI_UNIT ( .MILLI., .METRE. ) );
#1552 = VECTOR ( 'NONE', #3365, 1000.000000000000000 ) ;
#1553 = ORIENTED_EDGE ( 'NONE', *, *, #5315, .F. ) ;
#1554 = PLANE ( 'NONE',  #4030 ) ;
#1555 = DIRECTION ( 'NONE',  ( 0.000000000000000000, -0.000000000000000000, 1.000000000000000000 ) ) ;
#1556 = VECTOR ( 'NONE', #3440, 1000.000000000000000 ) ;
#1557 = CARTESIAN_POINT ( 'NONE',  ( 1.837150732346581883, 1.750000000000000000, 4.837150732346581883 ) ) ;
#1558 = FACE_OUTER_BOUND ( 'NONE', #3126, .T. ) ;
#1559 = EDGE_CURVE ( 'NONE', #2516, #2525, #4965, .T. ) ;
#1560 = DIRECTION ( 'NONE',  ( -1.000000000000000000, 0.000000000000000000, 0.000000000000000000 ) ) ;
#1561 = CIRCLE ( 'NONE', #198, 0.2949999999999762812 ) ;
#1562 = LINE ( 'NONE', #5151, #2509 ) ;
#1563 = AXIS2_PLACEMENT_3D ( 'NONE', #6283, #3209, #6893 ) ;
#1564 = CARTESIAN_POINT ( 'NONE',  ( -2.160000000000000142, 0.8150000000000123812, -3.384999999999999787 ) ) ;
#1565 = VERTEX_POINT ( 'NONE', #664 ) ;
#1566 = ORIENTED_EDGE ( 'NONE', *, *, #4554, .T. ) ;
#1567 = DIRECTION ( 'NONE',  ( -0.000000000000000000, -0.000000000000000000, -1.000000000000000000 ) ) ;
#1568 = VECTOR ( 'NONE', #536, 1000.000000000000000 ) ;
#1569 = CARTESIAN_POINT ( 'NONE',  ( 2.084999999999999964, 0.8900000000000122258, -4.235000000000000320 ) ) ;
#1570 = ORIENTED_EDGE ( 'NONE', *, *, #322, .F. ) ;
#1571 = EDGE_LOOP ( 'NONE', ( #183, #2240, #3752, #4544, #5684, #5569, #771, #4931, #7459, #5515, #7074, #477 ) ) ;
#1572 = DIRECTION ( 'NONE',  ( -0.9975640502598246417, 0.06975647374411851620, -0.000000000000000000 ) ) ;
#1573 = EDGE_LOOP ( 'NONE', ( #4573, #4833, #3590, #5835 ) ) ;
#1574 = LINE ( 'NONE', #5745, #3071 ) ;
#1575 = CARTESIAN_POINT ( 'NONE',  ( 3.000000000000000000, 0.2194640910571372949, -2.115000000000000213 ) ) ;
#1576 = LINE ( 'NONE', #3399, #6377 ) ;
#1577 = ORIENTED_EDGE ( 'NONE', *, *, #4124, .T. ) ;
#1578 = ADVANCED_FACE ( 'NONE', ( #628 ), #51, .F. ) ;
#1579 = ORIENTED_EDGE ( 'NONE', *, *, #7041, .T. ) ;
#1580 = CYLINDRICAL_SURFACE ( 'NONE', #4118, 0.2250000000000003664 ) ;
#1581 = ADVANCED_FACE ( 'NONE', ( #1371 ), #3705, .F. ) ;
#1582 = ORIENTED_EDGE ( 'NONE', *, *, #255, .F. ) ;
#1583 = CARTESIAN_POINT ( 'NONE',  ( 2.379999999999975469, 0.3327573459224363317, -0.8450000000000003064 ) ) ;
#1584 = EDGE_CURVE ( 'NONE', #5832, #5286, #4862, .T. ) ;
#1585 = AXIS2_PLACEMENT_3D ( 'NONE', #2014, #2123, #4465 ) ;
#1586 = CARTESIAN_POINT ( 'NONE',  ( 3.000000000000000000, 0.2194640910571372949, -2.964999999999999858 ) ) ;
#1587 = VECTOR ( 'NONE', #7400, 1000.000000000000000 ) ;
#1588 = CYLINDRICAL_SURFACE ( 'NONE', #2863, 0.2949999999999758371 ) ;
#1589 = ORIENTED_EDGE ( 'NONE', *, *, #7308, .F. ) ;
#1590 = DIRECTION ( 'NONE',  ( 1.000000000000000000, 0.000000000000000000, 0.000000000000000000 ) ) ;
#1591 = CARTESIAN_POINT ( 'NONE',  ( -1.050000000000000266, 1.700000000000000178, -4.100000000000002309 ) ) ;
#1592 = VECTOR ( 'NONE', #7326, 1000.000000000000227 ) ;
#1593 = CARTESIAN_POINT ( 'NONE',  ( -2.084999999999999964, 0.8150000000000123812, 2.115000000000000657 ) ) ;
#1594 = CIRCLE ( 'NONE', #6864, 0.2949999999999762812 ) ;
#1595 = CARTESIAN_POINT ( 'NONE',  ( -1.950000000000000400, 0.8900000000000123368, -0.8450000000000003064 ) ) ;
#1596 = DIRECTION ( 'NONE',  ( 1.000000000000000000, 0.000000000000000000, 0.000000000000000000 ) ) ;
#1597 = ORIENTED_EDGE ( 'NONE', *, *, #5016, .T. ) ;
#1598 = ADVANCED_FACE ( 'NONE', ( #785 ), #132, .T. ) ;
#1599 = EDGE_CURVE ( 'NONE', #2854, #6938, #7090, .T. ) ;
#1600 = EDGE_LOOP ( 'NONE', ( #1327, #5604, #1367, #323 ) ) ;
#1601 = PLANE ( 'NONE',  #3183 ) ;
#1602 =( NAMED_UNIT ( * ) SI_UNIT ( $, .STERADIAN. ) SOLID_ANGLE_UNIT ( ) );
#1603 = CARTESIAN_POINT ( 'NONE',  ( 1.949999999999999956, 1.109999999999987663, 2.115000000000000657 ) ) ;
#1604 = CIRCLE ( 'NONE', #1977, 0.2949999999999756151 ) ;
#1605 = ORIENTED_EDGE ( 'NONE', *, *, #248, .T. ) ;
#1606 = VERTEX_POINT ( 'NONE', #4168 ) ;
#1607 = DIRECTION ( 'NONE',  ( 1.000000000000000000, 8.031127203596346379E-16, 0.000000000000000000 ) ) ;
#1608 = VERTEX_POINT ( 'NONE', #5361 ) ;
#1609 = FACE_OUTER_BOUND ( 'NONE', #1286, .T. ) ;
#1610 = EDGE_CURVE ( 'NONE', #5181, #7284, #3357, .T. ) ;
#1611 = CARTESIAN_POINT ( 'NONE',  ( -1.950000000000000400, 0.8900000000000123368, -4.235000000000000320 ) ) ;
#1612 = EDGE_CURVE ( 'NONE', #2058, #7550, #1249, .T. ) ;
#1613 = CIRCLE ( 'NONE', #617, 0.2949999999999756151 ) ;
#1614 = CARTESIAN_POINT ( 'NONE',  ( -2.449768264469166734, 0.2579400421529494669, 4.235000000000000320 ) ) ;
#1615 = ORIENTED_EDGE ( 'NONE', *, *, #4279, .F. ) ;
#1616 = ORIENTED_EDGE ( 'NONE', *, *, #489, .F. ) ;
#1617 = DIRECTION ( 'NONE',  ( -1.000000000000000000, 0.000000000000000000, 0.000000000000000000 ) ) ;
#1618 = VECTOR ( 'NONE', #569, 1000.000000000000000 ) ;
#1619 = EDGE_LOOP ( 'NONE', ( #1934, #4042, #2704, #4418 ) ) ;
#1620 = FACE_OUTER_BOUND ( 'NONE', #7265, .T. ) ;
#1621 = ADVANCED_FACE ( 'NONE', ( #1877 ), #4210, .T. ) ;
#1622 = VECTOR ( 'NONE', #1250, 1000.000000000000114 ) ;
#1623 = PLANE ( 'NONE',  #3657 ) ;
#1624 = EDGE_LOOP ( 'NONE', ( #3753, #3222, #5212, #55 ) ) ;
#1625 = VECTOR ( 'NONE', #6618, 1000.000000000000000 ) ;
#1626 = PLANE ( 'NONE',  #2533 ) ;
#1627 = CARTESIAN_POINT ( 'NONE',  ( 1.949999999999999956, 1.109999999999987663, -4.655000000000000249 ) ) ;
#1628 = DIRECTION ( 'NONE',  ( -0.000000000000000000, 1.000000000000000000, -0.000000000000000000 ) ) ;
#1629 = CARTESIAN_POINT ( 'NONE',  ( -2.454999999999975646, 0.3327573459224363317, 2.964999999999999858 ) ) ;
#1630 = ADVANCED_FACE ( 'NONE', ( #707 ), #3050, .T. ) ;
#1631 = CARTESIAN_POINT ( 'NONE',  ( 1.949999999999999956, 1.109999999999987663, 4.655000000000000249 ) ) ;
#1632 = ORIENTED_EDGE ( 'NONE', *, *, #2928, .F. ) ;
#1633 = ORIENTED_EDGE ( 'NONE', *, *, #3301, .F. ) ;
#1634 = CARTESIAN_POINT ( 'NONE',  ( 1.949999999999999956, 0.8900000000000123368, -0.4250000000000000444 ) ) ;
#1635 = CLOSED_SHELL ( 'NONE', ( #6149, #1279, #123, #5899, #2825, #6368, #3259, #6109, #7507, #5795, #7571, #7026, #3168, #2297 ) ) ;
#1636 = FILL_AREA_STYLE_COLOUR ( '', #6572 ) ;
#1637 = DIRECTION ( 'NONE',  ( -8.993001040601393045E-16, -1.000000000000000000, -0.000000000000000000 ) ) ;
#1638 = CIRCLE ( 'NONE', #3597, 0.07499999999999998335 ) ;
#1639 = EDGE_CURVE ( 'NONE', #5979, #5932, #4323, .T. ) ;
#1640 = ORIENTED_EDGE ( 'NONE', *, *, #1262, .F. ) ;
#1641 = ORIENTED_EDGE ( 'NONE', *, *, #4228, .F. ) ;
#1642 = ORIENTED_EDGE ( 'NONE', *, *, #7140, .F. ) ;
#1643 = DIRECTION ( 'NONE',  ( 1.000000000000000000, 8.031127203596346379E-16, 0.000000000000000000 ) ) ;
#1644 = CARTESIAN_POINT ( 'NONE',  ( -2.984653575776294865, -3.794707603699265519E-16, 2.964999999999999858 ) ) ;
#1645 = MECHANICAL_DESIGN_GEOMETRIC_PRESENTATION_REPRESENTATION (  '', ( #903 ), #4096 ) ;
#1646 = PLANE ( 'NONE',  #4179 ) ;
#1647 = EDGE_CURVE ( 'NONE', #1142, #428, #19, .T. ) ;
#1648 = LINE ( 'NONE', #5094, #4786 ) ;
#1649 = AXIS2_PLACEMENT_3D ( 'NONE', #3845, #7310, #6081 ) ;
#1650 = CARTESIAN_POINT ( 'NONE',  ( -2.984653575776294865, -3.794707603699265519E-16, 1.695000000000000284 ) ) ;
#1651 = ORIENTED_EDGE ( 'NONE', *, *, #3999, .F. ) ;
#1652 = ORIENTED_EDGE ( 'NONE', *, *, #5484, .F. ) ;
#1653 = CARTESIAN_POINT ( 'NONE',  ( 1.949999999999999956, 0.8900000000000123368, -0.8450000000000003064 ) ) ;
#1654 = VERTEX_POINT ( 'NONE', #7388 ) ;
#1655 = CARTESIAN_POINT ( 'NONE',  ( 3.000000000000000000, 0.2194640910571372949, 3.384999999999999787 ) ) ;
#1656 = VECTOR ( 'NONE', #7013, 1000.000000000000000 ) ;
#1657 = CARTESIAN_POINT ( 'NONE',  ( -1.695562207025369972, 2.552988429520690605, 4.695562207025369084 ) ) ;
#1658 = CARTESIAN_POINT ( 'NONE',  ( -2.084999999999999964, 0.8150000000000123812, -2.115000000000000213 ) ) ;
#1659 = ORIENTED_EDGE ( 'NONE', *, *, #5767, .F. ) ;
#1660 = DIRECTION ( 'NONE',  ( -1.000000000000000000, 0.000000000000000000, 0.000000000000000000 ) ) ;
#1661 = EDGE_CURVE ( 'NONE', #1781, #7311, #7150, .T. ) ;
#1662 = CARTESIAN_POINT ( 'NONE',  ( -2.159999999999999698, 0.3327573459224363317, 2.964999999999999858 ) ) ;
#1663 = CARTESIAN_POINT ( 'NONE',  ( -2.084999999999999964, 1.109999999999987663, -4.655000000000000249 ) ) ;
#1664 = FACE_OUTER_BOUND ( 'NONE', #2607, .T. ) ;
#1665 = AXIS2_PLACEMENT_3D ( 'NONE', #3887, #388, #6235 ) ;
#1666 = CARTESIAN_POINT ( 'NONE',  ( -1.950000000000000400, 1.109999999999987663, 3.384999999999999787 ) ) ;
#1667 = ORIENTED_EDGE ( 'NONE', *, *, #858, .T. ) ;
#1668 = CARTESIAN_POINT ( 'NONE',  ( 3.000000000000000000, 0.2194640910571372949, -2.964999999999999858 ) ) ;
#1669 = ORIENTED_EDGE ( 'NONE', *, *, #7537, .F. ) ;
#1670 = EDGE_CURVE ( 'NONE', #5109, #3791, #4969, .T. ) ;
#1671 = FACE_OUTER_BOUND ( 'NONE', #6214, .T. ) ;
#1672 = DIRECTION ( 'NONE',  ( -0.06975647374412144441, -0.9975640502598245307, 0.000000000000000000 ) ) ;
#1673 = VECTOR ( 'NONE', #4035, 1000.000000000000227 ) ;
#1674 = SURFACE_SIDE_STYLE ('',( #3511 ) ) ;
#1675 = CARTESIAN_POINT ( 'NONE',  ( -2.160000000000000142, 0.8150000000000123812, -1.694999999999999840 ) ) ;
#1676 = EDGE_CURVE ( 'NONE', #3874, #167, #7418, .T. ) ;
#1677 = MECHANICAL_DESIGN_GEOMETRIC_PRESENTATION_REPRESENTATION (  '', ( #686 ), #5978 ) ;
#1678 = ORIENTED_EDGE ( 'NONE', *, *, #7568, .T. ) ;
#1679 = ORIENTED_EDGE ( 'NONE', *, *, #7024, .F. ) ;
#1680 = ORIENTED_EDGE ( 'NONE', *, *, #1118, .F. ) ;
#1681 = CARTESIAN_POINT ( 'NONE',  ( -1.950000000000000400, 1.109999999999987663, 2.964999999999999858 ) ) ;
#1682 = AXIS2_PLACEMENT_3D ( 'NONE', #4828, #1330, #7349 ) ;
#1683 = DIRECTION ( 'NONE',  ( -0.000000000000000000, -0.000000000000000000, -1.000000000000000000 ) ) ;
#1684 = CARTESIAN_POINT ( 'NONE',  ( 2.449768264469166734, 0.2579400421529494669, -4.235000000000000320 ) ) ;
#1685 = VECTOR ( 'NONE', #2918, 1000.000000000000000 ) ;
#1686 = CYLINDRICAL_SURFACE ( 'NONE', #3491, 0.2949999999999762812 ) ;
#1687 = DIRECTION ( 'NONE',  ( -1.000000000000000000, -0.000000000000000000, -0.000000000000000000 ) ) ;
#1688 = ORIENTED_EDGE ( 'NONE', *, *, #4443, .F. ) ;
#1689 = ADVANCED_FACE ( 'NONE', ( #4391 ), #6166, .T. ) ;
#1690 = VERTEX_POINT ( 'NONE', #6706 ) ;
#1691 = CARTESIAN_POINT ( 'NONE',  ( 2.379999999999975913, 0.8150000000000123812, 4.655000000000000249 ) ) ;
#1692 = ORIENTED_EDGE ( 'NONE', *, *, #57, .T. ) ;
#1693 = CARTESIAN_POINT ( 'NONE',  ( -2.454999999999975646, 0.3327573459224363317, 4.655000000000000249 ) ) ;
#1694 = EDGE_CURVE ( 'NONE', #3874, #211, #4470, .T. ) ;
#1695 = LINE ( 'NONE', #823, #5299 ) ;
#1696 = AXIS2_PLACEMENT_3D ( 'NONE', #1586, #3917, #7447 ) ;
#1697 = CARTESIAN_POINT ( 'NONE',  ( -1.950000000000000400, 1.109999999999987663, -4.235000000000000320 ) ) ;
#1698 = FACE_OUTER_BOUND ( 'NONE', #5881, .T. ) ;
#1699 = VERTEX_POINT ( 'NONE', #856 ) ;
#1700 = LINE ( 'NONE', #4114, #1673 ) ;
#1701 = DIRECTION ( 'NONE',  ( -0.000000000000000000, -1.000000000000000000, -0.000000000000000000 ) ) ;
#1702 = DIRECTION ( 'NONE',  ( 0.000000000000000000, 0.000000000000000000, 1.000000000000000000 ) ) ;
#1703 = EDGE_CURVE ( 'NONE', #1226, #2754, #1443, .T. ) ;
#1704 = STYLED_ITEM ( 'NONE', ( #83 ), #3826 ) ;
#1705 = DIRECTION ( 'NONE',  ( 0.000000000000000000, 1.000000000000000000, 0.000000000000000000 ) ) ;
#1706 = EDGE_CURVE ( 'NONE', #6639, #1242, #3780, .T. ) ;
#1707 = VECTOR ( 'NONE', #516, 1000.000000000000000 ) ;
#1708 =( LENGTH_UNIT ( ) NAMED_UNIT ( * ) SI_UNIT ( .MILLI., .METRE. ) );
#1709 = DIRECTION ( 'NONE',  ( 1.000000000000000000, 0.000000000000000000, 0.000000000000000000 ) ) ;
#1710 = ORIENTED_EDGE ( 'NONE', *, *, #4739, .F. ) ;
#1711 = DIRECTION ( 'NONE',  ( -0.000000000000000000, -0.000000000000000000, -1.000000000000000000 ) ) ;
#1712 = VECTOR ( 'NONE', #5171, 1000.000000000000000 ) ;
#1713 = ORIENTED_EDGE ( 'NONE', *, *, #735, .F. ) ;
#1715 = DIRECTION ( 'NONE',  ( -0.000000000000000000, -0.000000000000000000, -1.000000000000000000 ) ) ;
#1714 = DIRECTION ( 'NONE',  ( 0.06975647374411853008, -0.9975640502598247528, 0.000000000000000000 ) ) ;
#1716 = VECTOR ( 'NONE', #1469, 1000.000000000000227 ) ;
#1717 = CARTESIAN_POINT ( 'NONE',  ( 2.434421840245462487, 0.03847595109581208178, 2.964999999999999858 ) ) ;
#1718 =( NAMED_UNIT ( * ) PLANE_ANGLE_UNIT ( ) SI_UNIT ( $, .RADIAN. ) );
#1719 = CARTESIAN_POINT ( 'NONE',  ( -2.084999999999999964, 0.8150000000000123812, -2.115000000000000213 ) ) ;
#1720 = ADVANCED_FACE ( 'NONE', ( #970 ), #6127, .F. ) ;
#1721 = EDGE_CURVE ( 'NONE', #2268, #1928, #3164, .T. ) ;
#1722 = AXIS2_PLACEMENT_3D ( 'NONE', #3529, #1739, #6495 ) ;
#1723 = EDGE_LOOP ( 'NONE', ( #4163, #3102, #1282, #175 ) ) ;
#1724 = ORIENTED_EDGE ( 'NONE', *, *, #7280, .T. ) ;
#1725 = VERTEX_POINT ( 'NONE', #5547 ) ;
#1726 = EDGE_CURVE ( 'NONE', #524, #2305, #6743, .T. ) ;
#1727 = LINE ( 'NONE', #3438, #6128 ) ;
#1728 = CARTESIAN_POINT ( 'NONE',  ( 3.000000000000000000, 0.2194640910571372949, 3.384999999999999787 ) ) ;
#1729 = AXIS2_PLACEMENT_3D ( 'NONE', #3834, #7470, #4487 ) ;
#1730 = DIRECTION ( 'NONE',  ( -0.000000000000000000, -0.000000000000000000, -1.000000000000000000 ) ) ;
#1731 = ADVANCED_FACE ( 'NONE', ( #1558 ), #2164, .F. ) ;
#1732 = VECTOR ( 'NONE', #1424, 1000.000000000000000 ) ;
#1733 = DIRECTION ( 'NONE',  ( 0.000000000000000000, 0.000000000000000000, 1.000000000000000000 ) ) ;
#1734 = CARTESIAN_POINT ( 'NONE',  ( 2.379999999999975913, 0.8150000000000123812, 4.655000000000000249 ) ) ;
#1735 = VERTEX_POINT ( 'NONE', #934 ) ;
#1736 = ORIENTED_EDGE ( 'NONE', *, *, #3749, .F. ) ;
#1737 = CARTESIAN_POINT ( 'NONE',  ( -2.454999999999975646, 0.3327573459224363317, 2.964999999999999858 ) ) ;
#1738 = ORIENTED_EDGE ( 'NONE', *, *, #2045, .T. ) ;
#1739 = DIRECTION ( 'NONE',  ( 8.031127203596320741E-16, 1.000000000000000000, -0.000000000000000000 ) ) ;
#1740 = CIRCLE ( 'NONE', #3693, 0.2250000000000003664 ) ;
#1741 = CARTESIAN_POINT ( 'NONE',  ( -2.379999999999975469, 0.3327573459224363317, 3.384999999999999787 ) ) ;
#1742 = EDGE_CURVE ( 'NONE', #2546, #2305, #5043, .T. ) ;
#1743 = DIRECTION ( 'NONE',  ( -0.000000000000000000, -0.000000000000000000, -1.000000000000000000 ) ) ;
#1744 = SURFACE_STYLE_FILL_AREA ( #3652 ) ;
#1745 = ORIENTED_EDGE ( 'NONE', *, *, #3490, .T. ) ;
#1746 = DIRECTION ( 'NONE',  ( -0.000000000000000000, -0.000000000000000000, -1.000000000000000000 ) ) ;
#1747 = DIRECTION ( 'NONE',  ( -0.9975640502598246417, 0.06975647374411851620, -0.000000000000000000 ) ) ;
#1748 = CIRCLE ( 'NONE', #1252, 0.2949999999999756151 ) ;
#1749 = LINE ( 'NONE', #2234, #4875 ) ;
#1750 = FACE_OUTER_BOUND ( 'NONE', #400, .T. ) ;
#1751 = CIRCLE ( 'NONE', #3453, 0.2949999999999756151 ) ;
#1752 = ORIENTED_EDGE ( 'NONE', *, *, #6862, .T. ) ;
#1753 = VECTOR ( 'NONE', #5465, 1000.000000000000000 ) ;
#1754 = CARTESIAN_POINT ( 'NONE',  ( -2.379999999999975913, 0.8150000000000123812, 2.115000000000000657 ) ) ;
#1755 = ORIENTED_EDGE ( 'NONE', *, *, #6924, .F. ) ;
#1756 = EDGE_CURVE ( 'NONE', #2745, #955, #1695, .T. ) ;
#1757 = CARTESIAN_POINT ( 'NONE',  ( 3.000000000000000000, 0.2194640910571372949, 4.655000000000000249 ) ) ;
#1758 = ORIENTED_EDGE ( 'NONE', *, *, #336, .F. ) ;
#1760 = FACE_OUTER_BOUND ( 'NONE', #1044, .T. ) ;
#1759 = LINE ( 'NONE', #4126, #5983 ) ;
#1761 = CARTESIAN_POINT ( 'NONE',  ( -2.379999999999975469, 0.3327573459224363317, -0.8450000000000003064 ) ) ;
#1762 = CARTESIAN_POINT ( 'NONE',  ( 2.379999999999975913, 0.8150000000000123812, 4.655000000000000249 ) ) ;
#1763 = CARTESIAN_POINT ( 'NONE',  ( 2.379999999999975469, 0.3327573459224363317, -2.964999999999999858 ) ) ;
#1764 = ORIENTED_EDGE ( 'NONE', *, *, #7351, .F. ) ;
#1765 = ORIENTED_EDGE ( 'NONE', *, *, #479, .T. ) ;
#1766 = DIRECTION ( 'NONE',  ( -0.9975640502598245307, 0.06975647374412144441, 0.000000000000000000 ) ) ;
#1767 = EDGE_CURVE ( 'NONE', #711, #3142, #5624, .T. ) ;
#1768 = CARTESIAN_POINT ( 'NONE',  ( -2.379999999999975913, 0.8150000000000123812, 0.8450000000000003064 ) ) ;
#1769 = DIRECTION ( 'NONE',  ( 1.000000000000000000, -8.993001040601393045E-16, 0.000000000000000000 ) ) ;
#1770 = CARTESIAN_POINT ( 'NONE',  ( -2.379999999999975913, 0.8150000000000123812, -2.115000000000000213 ) ) ;
#1771 = LINE ( 'NONE', #520, #5877 ) ;
#1772 = VERTEX_POINT ( 'NONE', #5510 ) ;
#1773 = ORIENTED_EDGE ( 'NONE', *, *, #4789, .F. ) ;
#1774 = DIRECTION ( 'NONE',  ( 8.993001040601393045E-16, -1.000000000000000000, 0.000000000000000000 ) ) ;
#1775 = ORIENTED_EDGE ( 'NONE', *, *, #1164, .T. ) ;
#1776 = DIRECTION ( 'NONE',  ( 1.000000000000000000, 8.031127203596346379E-16, 0.000000000000000000 ) ) ;
#1777 = EDGE_CURVE ( 'NONE', #3356, #4054, #1481, .T. ) ;
#1778 = CARTESIAN_POINT ( 'NONE',  ( 2.379999999999975913, 0.8150000000000123812, -0.4250000000000000444 ) ) ;
#1779 = STYLED_ITEM ( 'NONE', ( #3079 ), #1294 ) ;
#1780 = LINE ( 'NONE', #3569, #5622 ) ;
#1781 = VERTEX_POINT ( 'NONE', #3235 ) ;
#1782 = CARTESIAN_POINT ( 'NONE',  ( 3.000000000000000000, 0.2194640910571372949, 2.115000000000000657 ) ) ;
#1783 = DIRECTION ( 'NONE',  ( -0.000000000000000000, -0.000000000000000000, -1.000000000000000000 ) ) ;
#1784 = ADVANCED_FACE ( 'NONE', ( #5582 ), #2018, .T. ) ;
#1785 = DIRECTION ( 'NONE',  ( -0.000000000000000000, -0.000000000000000000, -1.000000000000000000 ) ) ;
#1786 = CARTESIAN_POINT ( 'NONE',  ( 2.379999999999975469, 0.3327573459224363317, -4.235000000000000320 ) ) ;
#1787 = ORIENTED_EDGE ( 'NONE', *, *, #650, .F. ) ;
#1788 = CARTESIAN_POINT ( 'NONE',  ( 2.454999999999975646, 0.3327573459224363317, 1.695000000000000284 ) ) ;
#1789 = ORIENTED_EDGE ( 'NONE', *, *, #619, .T. ) ;
#1790 = CYLINDRICAL_SURFACE ( 'NONE', #4646, 0.07499999999999998335 ) ;
#1791 = EDGE_CURVE ( 'NONE', #869, #7449, #5004, .T. ) ;
#1792 = ORIENTED_EDGE ( 'NONE', *, *, #6924, .T. ) ;
#1794 = LINE ( 'NONE', #1127, #6252 ) ;
#1793 = CARTESIAN_POINT ( 'NONE',  ( 2.984653575776294865, -3.794707603699265519E-16, 2.115000000000000657 ) ) ;
#1795 = FACE_OUTER_BOUND ( 'NONE', #3161, .T. ) ;
#1796 = LINE ( 'NONE', #5779, #6926 ) ;
#1797 = ADVANCED_FACE ( 'NONE', ( #4690 ), #4147, .F. ) ;
#1798 = VECTOR ( 'NONE', #6779, 1000.000000000000000 ) ;
#1799 = CARTESIAN_POINT ( 'NONE',  ( 1.949999999999999512, 1.109999999999987663, -4.950000000000001066 ) ) ;
#1800 = ORIENTED_EDGE ( 'NONE', *, *, #3855, .T. ) ;
#1801 = VECTOR ( 'NONE', #341, 1000.000000000000000 ) ;
#1802 = VERTEX_POINT ( 'NONE', #3487 ) ;
#1803 = FACE_OUTER_BOUND ( 'NONE', #5959, .T. ) ;
#1804 = DIRECTION ( 'NONE',  ( -1.000000000000000000, 0.000000000000000000, 0.000000000000000000 ) ) ;
#1805 = DIRECTION ( 'NONE',  ( 0.000000000000000000, 0.000000000000000000, 1.000000000000000000 ) ) ;
#1806 = AXIS2_PLACEMENT_3D ( 'NONE', #4802, #3717, #1998 ) ;
#1807 = ADVANCED_FACE ( 'NONE', ( #7067 ), #1108, .F. ) ;
#1808 = DIRECTION ( 'NONE',  ( -1.000000000000000000, 0.000000000000000000, 0.000000000000000000 ) ) ;
#1809 = DIRECTION ( 'NONE',  ( 0.9975640502598246417, -0.06975647374411851620, 0.000000000000000000 ) ) ;
#1810 = ORIENTED_EDGE ( 'NONE', *, *, #2928, .T. ) ;
#1811 = ORIENTED_EDGE ( 'NONE', *, *, #4867, .F. ) ;
#1812 = FACE_OUTER_BOUND ( 'NONE', #5071, .T. ) ;
#1813 = VERTEX_POINT ( 'NONE', #1741 ) ;
#1814 = DIRECTION ( 'NONE',  ( 0.000000000000000000, 0.000000000000000000, 1.000000000000000000 ) ) ;
#1815 = PLANE ( 'NONE',  #6284 ) ;
#1816 = CIRCLE ( 'NONE', #3268, 0.2949999999999762812 ) ;
#1817 = DIRECTION ( 'NONE',  ( 0.7016738431598675829, 0.7016738431598595893, -0.1237240302064806924 ) ) ;
#1818 = ADVANCED_FACE ( 'NONE', ( #4070 ), #2424, .F. ) ;
#1819 = ADVANCED_FACE ( 'NONE', ( #4028 ), #1815, .T. ) ;
#1820 = PLANE ( 'NONE',  #5190 ) ;
#1821 = ORIENTED_EDGE ( 'NONE', *, *, #665, .F. ) ;
#1822 = EDGE_LOOP ( 'NONE', ( #3546, #5499, #6224, #6613 ) ) ;
#1823 = PLANE ( 'NONE',  #5713 ) ;
#1824 = CARTESIAN_POINT ( 'NONE',  ( 2.449768264469166734, 0.2579400421529494669, 4.235000000000000320 ) ) ;
#1825 = EDGE_CURVE ( 'NONE', #7245, #7229, #5955, .T. ) ;
#1826 = FACE_OUTER_BOUND ( 'NONE', #1546, .T. ) ;
#1827 = CARTESIAN_POINT ( 'NONE',  ( 1.949999999999999956, 1.109999999999987663, -0.4250000000000000444 ) ) ;
#1828 = VERTEX_POINT ( 'NONE', #7596 ) ;
#1829 = CARTESIAN_POINT ( 'NONE',  ( 2.379999999999975913, 0.8150000000000123812, -2.964999999999999858 ) ) ;
#1830 = ORIENTED_EDGE ( 'NONE', *, *, #4535, .F. ) ;
#1831 = VERTEX_POINT ( 'NONE', #4187 ) ;
#1833 = DIRECTION ( 'NONE',  ( 0.000000000000000000, 0.000000000000000000, 1.000000000000000000 ) ) ;
#1832 = DIRECTION ( 'NONE',  ( -0.000000000000000000, -0.000000000000000000, -1.000000000000000000 ) ) ;
#1834 = LINE ( 'NONE', #7167, #7077 ) ;
#1835 = DIRECTION ( 'NONE',  ( -0.000000000000000000, -0.000000000000000000, -1.000000000000000000 ) ) ;
#1836 = DIRECTION ( 'NONE',  ( 1.000000000000000000, 8.031127203596346379E-16, 0.000000000000000000 ) ) ;
#1837 = VECTOR ( 'NONE', #1711, 1000.000000000000000 ) ;
#1838 = EDGE_LOOP ( 'NONE', ( #6371, #6322, #2481, #6749, #727, #7275, #6747, #5757, #7246, #5600, #3323, #4600 ) ) ;
#1839 = ADVANCED_FACE ( 'NONE', ( #1268 ), #4725, .F. ) ;
#1840 = AXIS2_PLACEMENT_3D ( 'NONE', #1842, #4294, #3058 ) ;
#1841 = VERTEX_POINT ( 'NONE', #3567 ) ;
#1842 = CARTESIAN_POINT ( 'NONE',  ( 2.084999999999999964, 0.8900000000000122258, -1.694999999999999840 ) ) ;
#1843 = DIRECTION ( 'NONE',  ( -0.000000000000000000, -0.000000000000000000, -1.000000000000000000 ) ) ;
#1844 = DIRECTION ( 'NONE',  ( 0.06975647374411853008, -0.9975640502598247528, 0.000000000000000000 ) ) ;
#1845 = VECTOR ( 'NONE', #1168, 1000.000000000000000 ) ;
#1846 = AXIS2_PLACEMENT_3D ( 'NONE', #7227, #156, #2504 ) ;
#1847 = DIRECTION ( 'NONE',  ( 1.000000000000000000, 0.000000000000000000, -0.000000000000000000 ) ) ;
#1848 = DIRECTION ( 'NONE',  ( 0.000000000000000000, -1.000000000000000000, 0.000000000000000000 ) ) ;
#1849 = ORIENTED_EDGE ( 'NONE', *, *, #2715, .F. ) ;
#1850 = EDGE_CURVE ( 'NONE', #1654, #148, #7554, .T. ) ;
#1851 = ORIENTED_EDGE ( 'NONE', *, *, #1062, .T. ) ;
#1852 = DIRECTION ( 'NONE',  ( 0.000000000000000000, 1.000000000000000000, 0.000000000000000000 ) ) ;
#1853 = VECTOR ( 'NONE', #4186, 1000.000000000000114 ) ;
#1854 = ORIENTED_EDGE ( 'NONE', *, *, #7151, .F. ) ;
#1855 = FACE_OUTER_BOUND ( 'NONE', #6297, .T. ) ;
#1856 = EDGE_CURVE ( 'NONE', #1123, #6313, #5917, .T. ) ;
#1857 = DIRECTION ( 'NONE',  ( 0.9848077530122086864, -0.1736481776669271393, 0.000000000000000000 ) ) ;
#1858 = CARTESIAN_POINT ( 'NONE',  ( 2.454999999999975646, 0.3327573459224363317, 4.235000000000000320 ) ) ;
#1859 = LINE ( 'NONE', #6000, #4589 ) ;
#1860 = ORIENTED_EDGE ( 'NONE', *, *, #723, .F. ) ;
#1861 = DIRECTION ( 'NONE',  ( 0.9975640502598245307, 0.06975647374412144441, -0.000000000000000000 ) ) ;
#1862 = CIRCLE ( 'NONE', #1363, 0.07499999999999998335 ) ;
#1863 = CARTESIAN_POINT ( 'NONE',  ( 1.949999999999999956, 1.109999999999987663, -3.384999999999999787 ) ) ;
#1864 = EDGE_CURVE ( 'NONE', #2427, #1699, #567, .T. ) ;
#1865 = DIRECTION ( 'NONE',  ( 0.000000000000000000, 1.000000000000000000, 0.000000000000000000 ) ) ;
#1866 = DIRECTION ( 'NONE',  ( -0.000000000000000000, -0.000000000000000000, -1.000000000000000000 ) ) ;
#1867 = VERTEX_POINT ( 'NONE', #6418 ) ;
#1868 = DIRECTION ( 'NONE',  ( -1.000000000000000000, 0.000000000000000000, 0.000000000000000000 ) ) ;
#1869 = VERTEX_POINT ( 'NONE', #684 ) ;
#1870 = LINE ( 'NONE', #4665, #7576 ) ;
#1871 = VECTOR ( 'NONE', #5584, 1000.000000000000000 ) ;
#1872 = ORIENTED_EDGE ( 'NONE', *, *, #1382, .T. ) ;
#1873 = ORIENTED_EDGE ( 'NONE', *, *, #1915, .F. ) ;
#1875 = LINE ( 'NONE', #4165, #1716 ) ;
#1874 = DIRECTION ( 'NONE',  ( -0.000000000000000000, -0.000000000000000000, -1.000000000000000000 ) ) ;
#1876 = PLANE ( 'NONE',  #4500 ) ;
#1877 = FACE_OUTER_BOUND ( 'NONE', #4599, .T. ) ;
#1878 = ADVANCED_FACE ( 'NONE', ( #2461 ), #2953, .F. ) ;
#1879 = CARTESIAN_POINT ( 'NONE',  ( -3.000000000000000000, 0.2194640910571372949, 1.695000000000000284 ) ) ;
#1880 = AXIS2_PLACEMENT_3D ( 'NONE', #4923, #4350, #3155 ) ;
#1881 = ORIENTED_EDGE ( 'NONE', *, *, #3731, .F. ) ;
#1882 = VERTEX_POINT ( 'NONE', #5801 ) ;
#1883 = AXIS2_PLACEMENT_3D ( 'NONE', #1331, #5440, #170 ) ;
#1884 = CARTESIAN_POINT ( 'NONE',  ( -2.984653575776294865, -3.794707603699265519E-16, 0.8450000000000003064 ) ) ;
#1885 =( NAMED_UNIT ( * ) SI_UNIT ( $, .STERADIAN. ) SOLID_ANGLE_UNIT ( ) );
#1886 = CARTESIAN_POINT ( 'NONE',  ( -2.379999999999975913, 0.8150000000000123812, -4.235000000000000320 ) ) ;
#1887 = EDGE_CURVE ( 'NONE', #3585, #4381, #2912, .T. ) ;
#1888 = DIRECTION ( 'NONE',  ( -0.000000000000000000, -0.000000000000000000, -1.000000000000000000 ) ) ;
#1889 = CARTESIAN_POINT ( 'NONE',  ( 2.379999999999975913, 0.8150000000000123812, -0.4250000000000000444 ) ) ;
#1890 = EDGE_LOOP ( 'NONE', ( #7236, #1506, #7414, #6111 ) ) ;
#1891 = VERTEX_POINT ( 'NONE', #1147 ) ;
#1892 = DIRECTION ( 'NONE',  ( 0.06975647374412144441, 0.9975640502598245307, -0.000000000000000000 ) ) ;
#1893 = EDGE_LOOP ( 'NONE', ( #2888, #5254, #1077, #601, #2535, #6770, #4561, #6272, #6577, #2177, #819, #7588 ) ) ;
#1894 = DIRECTION ( 'NONE',  ( -0.9975640502598246417, 0.06975647374411912682, 0.000000000000000000 ) ) ;
#1895 = FACE_OUTER_BOUND ( 'NONE', #6031, .T. ) ;
#1896 = CARTESIAN_POINT ( 'NONE',  ( 2.984653575776294865, -3.794707603699265519E-16, -3.384999999999999787 ) ) ;
#1897 = ORIENTED_EDGE ( 'NONE', *, *, #5826, .F. ) ;
#1898 = CYLINDRICAL_SURFACE ( 'NONE', #6946, 0.2949999999999762812 ) ;
#1899 = CARTESIAN_POINT ( 'NONE',  ( -2.454999999999975646, 0.3327573459224363317, -3.384999999999999787 ) ) ;
#1900 = CARTESIAN_POINT ( 'NONE',  ( -3.000000000000000000, 0.2194640910571372949, 0.8450000000000003064 ) ) ;
#1901 = VECTOR ( 'NONE', #733, 1000.000000000000000 ) ;
#1902 = CARTESIAN_POINT ( 'NONE',  ( -1.950000000000000400, 1.109999999999987663, 2.115000000000000657 ) ) ;
#1903 = ORIENTED_EDGE ( 'NONE', *, *, #6718, .T. ) ;
#1904 = LINE ( 'NONE', #7082, #4960 ) ;
#1905 = ORIENTED_EDGE ( 'NONE', *, *, #7439, .F. ) ;
#1906 = CARTESIAN_POINT ( 'NONE',  ( 2.454999999999975646, 0.3327573459224363317, -0.4250000000000000444 ) ) ;
#1907 = EDGE_LOOP ( 'NONE', ( #2312, #6711, #7162, #2118 ) ) ;
#1908 = EDGE_LOOP ( 'NONE', ( #531, #3662, #1051, #1589 ) ) ;
#1909 = LINE ( 'NONE', #3162, #1941 ) ;
#1910 = CARTESIAN_POINT ( 'NONE',  ( -1.950000000000000400, 1.109999999999987663, -0.4250000000000000444 ) ) ;
#1911 = DIRECTION ( 'NONE',  ( 0.000000000000000000, 0.000000000000000000, 1.000000000000000000 ) ) ;
#1912 = PLANE ( 'NONE',  #381 ) ;
#1913 = PRESENTATION_LAYER_ASSIGNMENT (  '', '', ( #5577 ) ) ;
#1914 = VERTEX_POINT ( 'NONE', #5218 ) ;
#1915 = EDGE_CURVE ( 'NONE', #2536, #2631, #2307, .T. ) ;
#1916 = EDGE_CURVE ( 'NONE', #1654, #1226, #4651, .T. ) ;
#1917 = ORIENTED_EDGE ( 'NONE', *, *, #3029, .F. ) ;
#1918 = CARTESIAN_POINT ( 'NONE',  ( -2.449768264469166734, 0.2579400421529494669, -1.694999999999999840 ) ) ;
#1919 = UNCERTAINTY_MEASURE_WITH_UNIT (LENGTH_MEASURE( 1.000000000000000082E-05 ), #2996, 'distance_accuracy_value', 'NONE');
#1920 = DIRECTION ( 'NONE',  ( -0.000000000000000000, -0.000000000000000000, -1.000000000000000000 ) ) ;
#1921 = EDGE_CURVE ( 'NONE', #7443, #1123, #3531, .T. ) ;
#1922 = DIRECTION ( 'NONE',  ( 1.000000000000000000, 8.031127203596346379E-16, 0.000000000000000000 ) ) ;
#1923 = STYLED_ITEM ( 'NONE', ( #5651 ), #6904 ) ;
#1924 = CARTESIAN_POINT ( 'NONE',  ( -2.084999999999999964, 0.8150000000000123812, 2.964999999999999858 ) ) ;
#1925 = ORIENTED_EDGE ( 'NONE', *, *, #3609, .T. ) ;
#1926 = ORIENTED_EDGE ( 'NONE', *, *, #3321, .F. ) ;
#1927 = PLANE ( 'NONE',  #98 ) ;
#1928 = VERTEX_POINT ( 'NONE', #6726 ) ;
#1929 = CARTESIAN_POINT ( 'NONE',  ( -2.379999999999975913, 0.8150000000000123812, -0.8450000000000003064 ) ) ;
#1930 = DIRECTION ( 'NONE',  ( -1.000000000000000000, 0.000000000000000000, 0.000000000000000000 ) ) ;
#1931 = VECTOR ( 'NONE', #4495, 1000.000000000000000 ) ;
#1932 = ADVANCED_FACE ( 'NONE', ( #1895 ), #5996, .F. ) ;
#1933 = CARTESIAN_POINT ( 'NONE',  ( 2.084999999999999964, 0.8900000000000122258, 0.8450000000000003064 ) ) ;
#1934 = ORIENTED_EDGE ( 'NONE', *, *, #3793, .T. ) ;
#1935 = EDGE_CURVE ( 'NONE', #7321, #4823, #4229, .T. ) ;
#1936 = DIRECTION ( 'NONE',  ( -0.000000000000000000, -0.000000000000000000, -1.000000000000000000 ) ) ;
#1937 = FACE_OUTER_BOUND ( 'NONE', #5850, .T. ) ;
#1938 = CIRCLE ( 'NONE', #7210, 0.07500000000000041356 ) ;
#1939 = CARTESIAN_POINT ( 'NONE',  ( 2.084999999999999964, 0.8150000000000123812, -2.964999999999999858 ) ) ;
#1940 = VERTEX_POINT ( 'NONE', #2576 ) ;
#1941 = VECTOR ( 'NONE', #4246, 1000.000000000000000 ) ;
#1942 = FACE_OUTER_BOUND ( 'NONE', #6112, .T. ) ;
#1943 = ORIENTED_EDGE ( 'NONE', *, *, #4836, .F. ) ;
#1944 = ORIENTED_EDGE ( 'NONE', *, *, #3190, .T. ) ;
#1945 = ORIENTED_EDGE ( 'NONE', *, *, #4915, .T. ) ;
#1946 = DIRECTION ( 'NONE',  ( -0.000000000000000000, -0.000000000000000000, -1.000000000000000000 ) ) ;
#1947 = DIRECTION ( 'NONE',  ( 0.9975640502598246417, 0.06975647374411912682, 0.000000000000000000 ) ) ;
#1948 = DIRECTION ( 'NONE',  ( 0.000000000000000000, 0.000000000000000000, 1.000000000000000000 ) ) ;
#1949 = EDGE_CURVE ( 'NONE', #4452, #1348, #6783, .T. ) ;
#1950 = CARTESIAN_POINT ( 'NONE',  ( -1.950000000000000400, 0.8900000000000123368, 4.235000000000000320 ) ) ;
#1951 = VECTOR ( 'NONE', #5653, 1000.000000000000000 ) ;
#1952 = ORIENTED_EDGE ( 'NONE', *, *, #4818, .F. ) ;
#1953 = ORIENTED_EDGE ( 'NONE', *, *, #6357, .T. ) ;
#1954 = PLANE ( 'NONE',  #4157 ) ;
#1955 = CARTESIAN_POINT ( 'NONE',  ( -2.084999999999999964, 1.109999999999987663, 3.384999999999999787 ) ) ;
#1956 = DIRECTION ( 'NONE',  ( -0.000000000000000000, -0.000000000000000000, -1.000000000000000000 ) ) ;
#1957 = EDGE_CURVE ( 'NONE', #2748, #4192, #155, .T. ) ;
#1958 = VECTOR ( 'NONE', #2571, 1000.000000000000227 ) ;
#1959 = ADVANCED_FACE ( 'NONE', ( #1968 ), #6071, .F. ) ;
#1960 = DIRECTION ( 'NONE',  ( -1.000000000000000000, 0.000000000000000000, 0.000000000000000000 ) ) ;
#1961 = EDGE_LOOP ( 'NONE', ( #7080, #2455, #2709, #261 ) ) ;
#1962 = ORIENTED_EDGE ( 'NONE', *, *, #2859, .T. ) ;
#1963 = CARTESIAN_POINT ( 'NONE',  ( 2.449768264469166734, 0.2579400421529494669, -1.694999999999999840 ) ) ;
#1964 = VECTOR ( 'NONE', #1342, 1000.000000000000000 ) ;
#1965 = ORIENTED_EDGE ( 'NONE', *, *, #3748, .F. ) ;
#1966 = CARTESIAN_POINT ( 'NONE',  ( -2.454999999999975646, 0.3327573459224363317, -0.4250000000000000444 ) ) ;
#1967 = VECTOR ( 'NONE', #862, 1000.000000000000227 ) ;
#1968 = FACE_OUTER_BOUND ( 'NONE', #5056, .T. ) ;
#1969 = EDGE_CURVE ( 'NONE', #1882, #6102, #3758, .T. ) ;
#1970 = FACE_OUTER_BOUND ( 'NONE', #906, .T. ) ;
#1971 = CIRCLE ( 'NONE', #6259, 0.2949999999999762812 ) ;
#1972 = ORIENTED_EDGE ( 'NONE', *, *, #3935, .F. ) ;
#1973 = CARTESIAN_POINT ( 'NONE',  ( -2.449768264469166734, 0.2579400421529494669, 0.8450000000000003064 ) ) ;
#1974 = LINE ( 'NONE', #162, #6662 ) ;
#1975 = EDGE_CURVE ( 'NONE', #6969, #3247, #4569, .T. ) ;
#1976 = VERTEX_POINT ( 'NONE', #6653 ) ;
#1977 = AXIS2_PLACEMENT_3D ( 'NONE', #7261, #6108, #839 ) ;
#1978 = DIRECTION ( 'NONE',  ( 1.000000000000000000, -8.993001040601393045E-16, 0.000000000000000000 ) ) ;
#1979 = ORIENTED_EDGE ( 'NONE', *, *, #776, .T. ) ;
#1980 = LINE ( 'NONE', #2622, #3174 ) ;
#1981 = ORIENTED_EDGE ( 'NONE', *, *, #1381, .F. ) ;
#1982 = DIRECTION ( 'NONE',  ( 1.000000000000000000, 0.000000000000000000, 0.000000000000000000 ) ) ;
#1983 = DIRECTION ( 'NONE',  ( -0.000000000000000000, -0.000000000000000000, -1.000000000000000000 ) ) ;
#1984 = AXIS2_PLACEMENT_3D ( 'NONE', #3211, #2060, #6861 ) ;
#1985 = CARTESIAN_POINT ( 'NONE',  ( -3.000000000000000000, 0.2194640910571372949, 0.8450000000000003064 ) ) ;
#1986 = ADVANCED_FACE ( 'NONE', ( #801 ), #4986, .F. ) ;
#1987 = ORIENTED_EDGE ( 'NONE', *, *, #2715, .T. ) ;
#1988 = VECTOR ( 'NONE', #4343, 1000.000000000000000 ) ;
#1989 = ORIENTED_EDGE ( 'NONE', *, *, #6345, .T. ) ;
#1990 = DIRECTION ( 'NONE',  ( 0.9975640502598245307, 0.06975647374412144441, -0.000000000000000000 ) ) ;
#1991 = CIRCLE ( 'NONE', #7137, 0.2949999999999762812 ) ;
#1992 = CARTESIAN_POINT ( 'NONE',  ( 2.084999999999999964, 1.109999999999987885, -2.964999999999999858 ) ) ;
#1993 = VECTOR ( 'NONE', #6954, 1000.000000000000000 ) ;
#1994 = ADVANCED_FACE ( 'NONE', ( #875 ), #3687, .F. ) ;
#1995 = CARTESIAN_POINT ( 'NONE',  ( 2.379999999999975913, 0.8150000000000123812, 0.8450000000000003064 ) ) ;
#1996 = VERTEX_POINT ( 'NONE', #2611 ) ;
#1997 = ORIENTED_EDGE ( 'NONE', *, *, #4384, .T. ) ;
#1998 = DIRECTION ( 'NONE',  ( -0.9975640502598246417, 0.06975647374411912682, 0.000000000000000000 ) ) ;
#1999 = ORIENTED_EDGE ( 'NONE', *, *, #4489, .F. ) ;
#2000 = CARTESIAN_POINT ( 'NONE',  ( 2.449768264469166734, 0.2579400421529494669, -2.964999999999999858 ) ) ;
#2001 = CARTESIAN_POINT ( 'NONE',  ( -2.159999999999999698, 0.3327573459224363317, -0.4250000000000000444 ) ) ;
#2002 = DIRECTION ( 'NONE',  ( 0.000000000000000000, 0.000000000000000000, 1.000000000000000000 ) ) ;
#2003 = ORIENTED_EDGE ( 'NONE', *, *, #2566, .F. ) ;
#2004 = EDGE_CURVE ( 'NONE', #5971, #605, #3113, .T. ) ;
#2005 = ORIENTED_EDGE ( 'NONE', *, *, #2273, .T. ) ;
#2006 = PLANE ( 'NONE',  #6208 ) ;
#2007 = DIRECTION ( 'NONE',  ( -0.000000000000000000, -0.000000000000000000, -1.000000000000000000 ) ) ;
#2008 = CARTESIAN_POINT ( 'NONE',  ( 2.984653575776294865, -3.794707603699265519E-16, 2.115000000000000657 ) ) ;
#2009 = CARTESIAN_POINT ( 'NONE',  ( -2.984653575776294865, -3.794707603699265519E-16, 2.115000000000000657 ) ) ;
#2010 = CIRCLE ( 'NONE', #6909, 0.2949999999999756151 ) ;
#2011 = ORIENTED_EDGE ( 'NONE', *, *, #5594, .T. ) ;
#2012 = DIRECTION ( 'NONE',  ( 8.993001040601393045E-16, 1.000000000000000000, 0.000000000000000000 ) ) ;
#2013 = ORIENTED_EDGE ( 'NONE', *, *, #982, .F. ) ;
#2014 = CARTESIAN_POINT ( 'NONE',  ( 2.084999999999999964, 0.8150000000000123812, -1.694999999999999840 ) ) ;
#2015 = ORIENTED_EDGE ( 'NONE', *, *, #5681, .T. ) ;
#2016 = LINE ( 'NONE', #278, #6220 ) ;
#2017 = PLANE ( 'NONE',  #7324 ) ;
#2018 = CYLINDRICAL_SURFACE ( 'NONE', #1130, 0.2949999999999762812 ) ;
#2019 = DIRECTION ( 'NONE',  ( -1.000000000000000000, -8.993001040601393045E-16, 0.000000000000000000 ) ) ;
#2020 = VECTOR ( 'NONE', #4120, 1000.000000000000000 ) ;
#2021 = CARTESIAN_POINT ( 'NONE',  ( -2.159999999999999698, 0.3327573459224363317, 0.4250000000000000444 ) ) ;
#2022 = ORIENTED_EDGE ( 'NONE', *, *, #6549, .T. ) ;
#2023 = EDGE_CURVE ( 'NONE', #2359, #5980, #6686, .T. ) ;
#2024 = EDGE_CURVE ( 'NONE', #6335, #3356, #5456, .T. ) ;
#2025 = VERTEX_POINT ( 'NONE', #7225 ) ;
#2026 = DIRECTION ( 'NONE',  ( 1.000000000000000000, 0.000000000000000000, 0.000000000000000000 ) ) ;
#2027 = CARTESIAN_POINT ( 'NONE',  ( -1.050000000000000266, 1.700000000000000178, -4.325000000000002842 ) ) ;
#2028 = FACE_OUTER_BOUND ( 'NONE', #44, .T. ) ;
#2029 = ORIENTED_EDGE ( 'NONE', *, *, #6549, .F. ) ;
#2030 = VERTEX_POINT ( 'NONE', #4305 ) ;
#2031 = DIRECTION ( 'NONE',  ( 8.993001040601393045E-16, 1.000000000000000000, -0.000000000000000000 ) ) ;
#2032 = ORIENTED_EDGE ( 'NONE', *, *, #5636, .F. ) ;
#2033 = CARTESIAN_POINT ( 'NONE',  ( -2.159999999999999698, 0.3327573459224363317, -4.235000000000000320 ) ) ;
#2034 = ADVANCED_FACE ( 'NONE', ( #1391 ), #3721, .F. ) ;
#2035 = LINE ( 'NONE', #2001, #1732 ) ;
#2036 = VECTOR ( 'NONE', #1701, 1000.000000000000000 ) ;
#2037 = LINE ( 'NONE', #3221, #5664 ) ;
#2038 = EDGE_LOOP ( 'NONE', ( #2971, #2361, #700, #1724 ) ) ;
#2039 = ORIENTED_EDGE ( 'NONE', *, *, #6167, .F. ) ;
#2040 = PLANE ( 'NONE',  #552 ) ;
#2041 = AXIS2_PLACEMENT_3D ( 'NONE', #5807, #3037, #4076 ) ;
#2042 = PLANE ( 'NONE',  #7585 ) ;
#2043 = VECTOR ( 'NONE', #980, 1000.000000000000000 ) ;
#2044 = EDGE_CURVE ( 'NONE', #3247, #3541, #2035, .T. ) ;
#2045 = EDGE_CURVE ( 'NONE', #6179, #6084, #1604, .T. ) ;
#2046 = EDGE_LOOP ( 'NONE', ( #4522, #3515, #1860, #1135, #2065, #5210, #6664, #1305, #6936, #5202, #1091, #6949 ) ) ;
#2047 = DIRECTION ( 'NONE',  ( -1.000000000000000000, 0.000000000000000000, 0.000000000000000000 ) ) ;
#2048 = ORIENTED_EDGE ( 'NONE', *, *, #6696, .T. ) ;
#2049 = EDGE_CURVE ( 'NONE', #6831, #3682, #4377, .T. ) ;
#2050 = AXIS2_PLACEMENT_3D ( 'NONE', #3309, #5659, #6237 ) ;
#2051 = CARTESIAN_POINT ( 'NONE',  ( -2.449768264469166734, 0.2579400421529493004, -1.694999999999999840 ) ) ;
#2052 = DIRECTION ( 'NONE',  ( 0.000000000000000000, 1.000000000000000000, 0.000000000000000000 ) ) ;
#2053 = CARTESIAN_POINT ( 'NONE',  ( 2.084999999999999964, 0.8900000000000122258, -4.235000000000000320 ) ) ;
#2054 = FACE_OUTER_BOUND ( 'NONE', #3122, .T. ) ;
#2055 = AXIS2_PLACEMENT_3D ( 'NONE', #2962, #5347, #6588 ) ;
#2056 = CARTESIAN_POINT ( 'NONE',  ( 3.000000000000000000, 0.2194640910571372949, 0.8450000000000003064 ) ) ;
#2057 = ORIENTED_EDGE ( 'NONE', *, *, #7187, .T. ) ;
#2058 = VERTEX_POINT ( 'NONE', #2820 ) ;
#2059 = DIRECTION ( 'NONE',  ( -0.000000000000000000, -0.000000000000000000, -1.000000000000000000 ) ) ;
#2060 = DIRECTION ( 'NONE',  ( 0.000000000000000000, 0.000000000000000000, 1.000000000000000000 ) ) ;
#2061 = VECTOR ( 'NONE', #1230, 1000.000000000000000 ) ;
#2062 = ADVANCED_FACE ( 'NONE', ( #4454 ), #1501, .T. ) ;
#2063 = EDGE_CURVE ( 'NONE', #1123, #3644, #5747, .T. ) ;
#2064 = PLANE ( 'NONE',  #2678 ) ;
#2065 = ORIENTED_EDGE ( 'NONE', *, *, #5564, .F. ) ;
#2066 = EDGE_LOOP ( 'NONE', ( #3711, #5552, #47, #7521 ) ) ;
#2067 = CARTESIAN_POINT ( 'NONE',  ( 1.949999999999999512, -10.64048871058091983, 4.949999999999999289 ) ) ;
#2068 = ORIENTED_EDGE ( 'NONE', *, *, #4836, .T. ) ;
#2069 = DIRECTION ( 'NONE',  ( 1.000000000000000000, 0.000000000000000000, 0.000000000000000000 ) ) ;
#2070 = CARTESIAN_POINT ( 'NONE',  ( -2.084999999999999964, 1.109999999999987663, 2.964999999999999858 ) ) ;
#2071 = VECTOR ( 'NONE', #2409, 1000.000000000000000 ) ;
#2072 = EDGE_CURVE ( 'NONE', #5467, #6728, #5606, .T. ) ;
#2073 = LINE ( 'NONE', #3651, #13 ) ;
#2074 = ORIENTED_EDGE ( 'NONE', *, *, #1706, .F. ) ;
#2075 = ORIENTED_EDGE ( 'NONE', *, *, #587, .F. ) ;
#2076 = ADVANCED_FACE ( 'NONE', ( #3944 ), #4567, .T. ) ;
#2077 = LINE ( 'NONE', #3876, #4129 ) ;
#2078 = CIRCLE ( 'NONE', #3411, 0.07499999999999998335 ) ;
#2079 = EDGE_CURVE ( 'NONE', #2222, #1026, #5150, .T. ) ;
#2080 = ORIENTED_EDGE ( 'NONE', *, *, #1726, .F. ) ;
#2081 = DIRECTION ( 'NONE',  ( 0.7071067811865515695, 0.7071067811865435759, 0.000000000000000000 ) ) ;
#2082 = AXIS2_PLACEMENT_3D ( 'NONE', #1458, #5993, #262 ) ;
#2083 = VERTEX_POINT ( 'NONE', #2070 ) ;
#2084 = AXIS2_PLACEMENT_3D ( 'NONE', #3361, #5062, #3908 ) ;
#2085 = DIRECTION ( 'NONE',  ( -0.000000000000000000, -0.000000000000000000, -1.000000000000000000 ) ) ;
#2086 = ORIENTED_EDGE ( 'NONE', *, *, #3409, .T. ) ;
#2087 = CARTESIAN_POINT ( 'NONE',  ( -2.084999999999999964, 0.8150000000000123812, -0.4250000000000000444 ) ) ;
#2088 = EDGE_CURVE ( 'NONE', #5008, #2631, #2750, .T. ) ;
#2089 = ADVANCED_FACE ( 'NONE', ( #2181 ), #1646, .T. ) ;
#2090 = CARTESIAN_POINT ( 'NONE',  ( -2.160000000000000142, 0.8150000000000123812, -1.694999999999999840 ) ) ;
#2091 = AXIS2_PLACEMENT_3D ( 'NONE', #6257, #2110, #7332 ) ;
#2092 = DIRECTION ( 'NONE',  ( -1.000000000000000000, 0.000000000000000000, 0.000000000000000000 ) ) ;
#2093 = DIRECTION ( 'NONE',  ( -1.000000000000000000, 0.000000000000000000, 0.000000000000000000 ) ) ;
#2094 = LINE ( 'NONE', #5044, #6531 ) ;
#2095 = VECTOR ( 'NONE', #2941, 1000.000000000000000 ) ;
#2096 = DIRECTION ( 'NONE',  ( -1.000000000000000000, 0.000000000000000000, 0.000000000000000000 ) ) ;
#2097 = ORIENTED_EDGE ( 'NONE', *, *, #5232, .T. ) ;
#2098 = ORIENTED_EDGE ( 'NONE', *, *, #433, .F. ) ;
#2099 = ADVANCED_FACE ( 'NONE', ( #5130 ), #7438, .F. ) ;
#2100 = FACE_OUTER_BOUND ( 'NONE', #293, .T. ) ;
#2101 = VECTOR ( 'NONE', #1637, 1000.000000000000000 ) ;
#2102 = CARTESIAN_POINT ( 'NONE',  ( 2.159999999999999698, 0.3327573459224363317, -0.8450000000000003064 ) ) ;
#2103 = LINE ( 'NONE', #2134, #3931 ) ;
#2104 = CARTESIAN_POINT ( 'NONE',  ( -1.950000000000000400, 0.8900000000000123368, -4.655000000000000249 ) ) ;
#2105 = ORIENTED_EDGE ( 'NONE', *, *, #7170, .T. ) ;
#2106 = ORIENTED_EDGE ( 'NONE', *, *, #709, .F. ) ;
#2107 = CARTESIAN_POINT ( 'NONE',  ( -1.050000000000000266, 1.700000000000000178, -4.325000000000002842 ) ) ;
#2108 = AXIS2_PLACEMENT_3D ( 'NONE', #3463, #1705, #2800 ) ;
#2109 = ORIENTED_EDGE ( 'NONE', *, *, #336, .T. ) ;
#2110 = DIRECTION ( 'NONE',  ( -0.9975640502598245307, 0.06975647374412144441, 0.000000000000000000 ) ) ;
#2111 = DIRECTION ( 'NONE',  ( -0.1710878697460324060, 0.9702875252478150303, -0.1710878697460324060 ) ) ;
#2112 = VECTOR ( 'NONE', #3927, 1000.000000000000000 ) ;
#2113 = VECTOR ( 'NONE', #2964, 1000.000000000000000 ) ;
#2114 = FACE_OUTER_BOUND ( 'NONE', #204, .T. ) ;
#2115 = ORIENTED_EDGE ( 'NONE', *, *, #6837, .F. ) ;
#2116 = ORIENTED_EDGE ( 'NONE', *, *, #2647, .F. ) ;
#2117 = DIRECTION ( 'NONE',  ( -0.000000000000000000, 0.000000000000000000, -1.000000000000000000 ) ) ;
#2118 = ORIENTED_EDGE ( 'NONE', *, *, #4225, .T. ) ;
#2119 = LINE ( 'NONE', #7411, #7118 ) ;
#2120 = FACE_OUTER_BOUND ( 'NONE', #1600, .T. ) ;
#2121 = DIRECTION ( 'NONE',  ( -1.000000000000000000, 0.000000000000000000, 0.000000000000000000 ) ) ;
#2122 = ORIENTED_EDGE ( 'NONE', *, *, #357, .F. ) ;
#2123 = DIRECTION ( 'NONE',  ( -0.000000000000000000, -0.000000000000000000, -1.000000000000000000 ) ) ;
#2124 = DIRECTION ( 'NONE',  ( 8.993001040601393045E-16, 1.000000000000000000, 0.000000000000000000 ) ) ;
#2125 = CARTESIAN_POINT ( 'NONE',  ( 1.949999999999999956, 0.8900000000000123368, 0.8450000000000003064 ) ) ;
#2126 = DIRECTION ( 'NONE',  ( -0.000000000000000000, -0.000000000000000000, -1.000000000000000000 ) ) ;
#2127 = EDGE_CURVE ( 'NONE', #4417, #7321, #2679, .T. ) ;
#2128 = FACE_OUTER_BOUND ( 'NONE', #3899, .T. ) ;
#2129 = CARTESIAN_POINT ( 'NONE',  ( -2.084999999999999964, 0.8150000000000123812, 4.235000000000000320 ) ) ;
#2130 = ORIENTED_EDGE ( 'NONE', *, *, #7475, .F. ) ;
#2131 = ORIENTED_EDGE ( 'NONE', *, *, #171, .F. ) ;
#2132 = CARTESIAN_POINT ( 'NONE',  ( -2.084999999999999964, 0.8150000000000123812, 4.655000000000000249 ) ) ;
#2133 = LINE ( 'NONE', #4400, #2411 ) ;
#2134 = CARTESIAN_POINT ( 'NONE',  ( 1.949999999999999956, 0.8900000000000123368, -0.4250000000000000444 ) ) ;
#2135 = PRESENTATION_LAYER_ASSIGNMENT (  '', '', ( #5939 ) ) ;
#2136 = EDGE_CURVE ( 'NONE', #5181, #286, #2217, .T. ) ;
#2137 = EDGE_CURVE ( 'NONE', #747, #6603, #372, .T. ) ;
#2138 = ORIENTED_EDGE ( 'NONE', *, *, #7478, .F. ) ;
#2139 = ORIENTED_EDGE ( 'NONE', *, *, #2462, .T. ) ;
#2140 = CIRCLE ( 'NONE', #1025, 0.2949999999999756151 ) ;
#2141 = EDGE_CURVE ( 'NONE', #139, #3911, #4412, .T. ) ;
#2142 = PLANE ( 'NONE',  #5875 ) ;
#2143 = ORIENTED_EDGE ( 'NONE', *, *, #5229, .F. ) ;
#2144 = DIRECTION ( 'NONE',  ( 0.000000000000000000, 0.000000000000000000, 1.000000000000000000 ) ) ;
#2145 = DIRECTION ( 'NONE',  ( 0.000000000000000000, 1.000000000000000000, 0.000000000000000000 ) ) ;
#2146 = STYLED_ITEM ( 'NONE', ( #5859 ), #1423 ) ;
#2147 = CARTESIAN_POINT ( 'NONE',  ( 2.379999999999975913, 0.8150000000000123812, 0.4250000000000000444 ) ) ;
#2148 = ORIENTED_EDGE ( 'NONE', *, *, #6277, .T. ) ;
#2150 = VERTEX_POINT ( 'NONE', #3905 ) ;
#2149 = AXIS2_PLACEMENT_3D ( 'NONE', #4756, #6530, #2905 ) ;
#2151 = LINE ( 'NONE', #3403, #1931 ) ;
#2152 = VERTEX_POINT ( 'NONE', #6219 ) ;
#2153 = DIRECTION ( 'NONE',  ( -0.000000000000000000, -0.000000000000000000, -1.000000000000000000 ) ) ;
#2154 = VECTOR ( 'NONE', #652, 1000.000000000000227 ) ;
#2155 = EDGE_CURVE ( 'NONE', #1240, #5753, #6184, .T. ) ;
#2156 = CYLINDRICAL_SURFACE ( 'NONE', #4017, 0.07500000000000041356 ) ;
#2157 = DIRECTION ( 'NONE',  ( -1.000000000000000000, 0.000000000000000000, 0.000000000000000000 ) ) ;
#2158 = VECTOR ( 'NONE', #6659, 1000.000000000000000 ) ;
#2159 = ORIENTED_EDGE ( 'NONE', *, *, #673, .F. ) ;
#2160 = DIRECTION ( 'NONE',  ( -0.000000000000000000, -0.000000000000000000, -1.000000000000000000 ) ) ;
#2161 = CARTESIAN_POINT ( 'NONE',  ( 2.159999999999999698, 0.3327573459224363317, 4.655000000000000249 ) ) ;
#2162 = VECTOR ( 'NONE', #216, 1000.000000000000000 ) ;
#2163 = CARTESIAN_POINT ( 'NONE',  ( -2.379999999999975469, 0.3327573459224363317, 0.4250000000000000444 ) ) ;
#2164 = PLANE ( 'NONE',  #2356 ) ;
#2165 = CARTESIAN_POINT ( 'NONE',  ( -3.000000000000000000, 0.2194640910571372949, 2.964999999999999858 ) ) ;
#2166 = AXIS2_PLACEMENT_3D ( 'NONE', #5871, #7030, #1774 ) ;
#2167 = COLOUR_RGB ( '',0.7921568627450980005, 0.8196078431372548767, 0.9333333333333333481 ) ;
#2168 = DIRECTION ( 'NONE',  ( 0.000000000000000000, 0.000000000000000000, 1.000000000000000000 ) ) ;
#2169 = ORIENTED_EDGE ( 'NONE', *, *, #5826, .T. ) ;
#2170 = EDGE_CURVE ( 'NONE', #3791, #6321, #3251, .T. ) ;
#2171 = ORIENTED_EDGE ( 'NONE', *, *, #4012, .F. ) ;
#2172 = EDGE_CURVE ( 'NONE', #2619, #928, #5644, .T. ) ;
#2173 = FACE_OUTER_BOUND ( 'NONE', #3894, .T. ) ;
#2174 = VECTOR ( 'NONE', #5277, 1000.000000000000000 ) ;
#2175 = DIRECTION ( 'NONE',  ( 0.000000000000000000, 0.000000000000000000, 1.000000000000000000 ) ) ;
#2176 = ORIENTED_EDGE ( 'NONE', *, *, #6464, .T. ) ;
#2177 = ORIENTED_EDGE ( 'NONE', *, *, #5580, .T. ) ;
#2178 = DIRECTION ( 'NONE',  ( -0.9975640502598246417, -0.06975647374411851620, 0.000000000000000000 ) ) ;
#2179 = VERTEX_POINT ( 'NONE', #4527 ) ;
#2180 = DIRECTION ( 'NONE',  ( 0.000000000000000000, -0.000000000000000000, -1.000000000000000000 ) ) ;
#2181 = FACE_OUTER_BOUND ( 'NONE', #63, .T. ) ;
#2182 = DIRECTION ( 'NONE',  ( -1.000000000000000000, 0.000000000000000000, 0.000000000000000000 ) ) ;
#2183 = ORIENTED_EDGE ( 'NONE', *, *, #2752, .T. ) ;
#2184 = VERTEX_POINT ( 'NONE', #2716 ) ;
#2185 = FACE_OUTER_BOUND ( 'NONE', #193, .T. ) ;
#2186 = ORIENTED_EDGE ( 'NONE', *, *, #415, .F. ) ;
#2187 = DIRECTION ( 'NONE',  ( 1.000000000000000000, 0.000000000000000000, 0.000000000000000000 ) ) ;
#2188 = ADVANCED_FACE ( 'NONE', ( #989 ), #4488, .F. ) ;
#2189 =( NAMED_UNIT ( * ) PLANE_ANGLE_UNIT ( ) SI_UNIT ( $, .RADIAN. ) );
#2190 = AXIS2_PLACEMENT_3D ( 'NONE', #4161, #5854, #5275 ) ;
#2191 = DIRECTION ( 'NONE',  ( 0.000000000000000000, -1.000000000000000000, 0.000000000000000000 ) ) ;
#2192 = VECTOR ( 'NONE', #4842, 1000.000000000000227 ) ;
#2193 = CARTESIAN_POINT ( 'NONE',  ( 1.949999999999999956, 0.8900000000000123368, 0.4250000000000000444 ) ) ;
#2194 = ORIENTED_EDGE ( 'NONE', *, *, #138, .T. ) ;
#2195 = DIRECTION ( 'NONE',  ( 0.000000000000000000, 0.000000000000000000, 1.000000000000000000 ) ) ;
#2196 = CARTESIAN_POINT ( 'NONE',  ( -1.050000000000000266, 1.700000000000000178, -4.550000000000002487 ) ) ;
#2197 = VECTOR ( 'NONE', #2864, 1000.000000000000000 ) ;
#2198 = EDGE_CURVE ( 'NONE', #873, #3027, #7058, .T. ) ;
#2199 = CARTESIAN_POINT ( 'NONE',  ( 2.379999999999975913, 0.8150000000000123812, 2.964999999999999858 ) ) ;
#2200 = CARTESIAN_POINT ( 'NONE',  ( 1.949999999999999956, 0.8900000000000123368, 3.384999999999999787 ) ) ;
#2201 =( LENGTH_UNIT ( ) NAMED_UNIT ( * ) SI_UNIT ( .MILLI., .METRE. ) );
#2202 = DIRECTION ( 'NONE',  ( 1.000000000000000000, 0.000000000000000000, 0.000000000000000000 ) ) ;
#2203 = ORIENTED_EDGE ( 'NONE', *, *, #5553, .T. ) ;
#2204 = AXIS2_PLACEMENT_3D ( 'NONE', #3299, #5650, #5758 ) ;
#2205 = VERTEX_POINT ( 'NONE', #596 ) ;
#2206 = CARTESIAN_POINT ( 'NONE',  ( 2.454999999999975646, 0.3327573459224363317, -2.964999999999999858 ) ) ;
#2207 = LINE ( 'NONE', #1490, #2043 ) ;
#2208 = PLANE ( 'NONE',  #3243 ) ;
#2209 = LINE ( 'NONE', #5014, #751 ) ;
#2210 = EDGE_CURVE ( 'NONE', #238, #689, #2412, .T. ) ;
#2211 = ORIENTED_EDGE ( 'NONE', *, *, #2390, .F. ) ;
#2212 = AXIS2_PLACEMENT_3D ( 'NONE', #3328, #6798, #7472 ) ;
#2213 = ORIENTED_EDGE ( 'NONE', *, *, #6230, .F. ) ;
#2214 = ORIENTED_EDGE ( 'NONE', *, *, #3186, .T. ) ;
#2215 = DIRECTION ( 'NONE',  ( 1.000000000000000000, -8.993001040601393045E-16, 0.000000000000000000 ) ) ;
#2216 = CARTESIAN_POINT ( 'NONE',  ( -2.379999999999975913, 0.8150000000000123812, -4.235000000000000320 ) ) ;
#2217 = LINE ( 'NONE', #5093, #6879 ) ;
#2218 = EDGE_CURVE ( 'NONE', #3673, #4357, #2860, .T. ) ;
#2219 = CARTESIAN_POINT ( 'NONE',  ( -2.159999999999999698, 0.3327573459224363317, 0.8450000000000003064 ) ) ;
#2220 = DIRECTION ( 'NONE',  ( -1.000000000000000000, 0.000000000000000000, 0.000000000000000000 ) ) ;
#2221 = ORIENTED_EDGE ( 'NONE', *, *, #780, .F. ) ;
#2222 = VERTEX_POINT ( 'NONE', #6984 ) ;
#2223 = CARTESIAN_POINT ( 'NONE',  ( 1.949999999999999956, 1.109999999999987663, 3.384999999999999787 ) ) ;
#2224 = CIRCLE ( 'NONE', #2349, 0.2949999999999756151 ) ;
#2225 = VERTEX_POINT ( 'NONE', #6528 ) ;
#2226 = LINE ( 'NONE', #1655, #2806 ) ;
#2227 = AXIS2_PLACEMENT_3D ( 'NONE', #5477, #2522, #3741 ) ;
#2228 = CARTESIAN_POINT ( 'NONE',  ( 2.454999999999975646, 0.3327573459224363317, -4.655000000000000249 ) ) ;
#2229 = EDGE_CURVE ( 'NONE', #7271, #91, #2296, .T. ) ;
#2230 = DIRECTION ( 'NONE',  ( 0.000000000000000000, 0.000000000000000000, -1.000000000000000000 ) ) ;
#2231 = ORIENTED_EDGE ( 'NONE', *, *, #1100, .F. ) ;
#2232 = CYLINDRICAL_SURFACE ( 'NONE', #3993, 0.07499999999999998335 ) ;
#2233 = CARTESIAN_POINT ( 'NONE',  ( 2.160000000000000142, 0.8150000000000123812, -4.235000000000000320 ) ) ;
#2234 = CARTESIAN_POINT ( 'NONE',  ( -1.050000000000000266, 1.700000000000000178, -4.550000000000002487 ) ) ;
#2235 = CARTESIAN_POINT ( 'NONE',  ( -2.449768264469166734, 0.2579400421529494669, -2.964999999999999858 ) ) ;
#2236 =( NAMED_UNIT ( * ) PLANE_ANGLE_UNIT ( ) SI_UNIT ( $, .RADIAN. ) );
#2237 = DIRECTION ( 'NONE',  ( -0.000000000000000000, -1.000000000000000000, -0.000000000000000000 ) ) ;
#2238 = ORIENTED_EDGE ( 'NONE', *, *, #3441, .T. ) ;
#2239 = CARTESIAN_POINT ( 'NONE',  ( 2.984653575776294865, -3.794707603699265519E-16, 0.8450000000000003064 ) ) ;
#2240 = ORIENTED_EDGE ( 'NONE', *, *, #4321, .T. ) ;
#2241 = LINE ( 'NONE', #5194, #3056 ) ;
#2242 = DIRECTION ( 'NONE',  ( -1.000000000000000000, 0.000000000000000000, 0.000000000000000000 ) ) ;
#2243 = FACE_OUTER_BOUND ( 'NONE', #3777, .T. ) ;
#2244 = CARTESIAN_POINT ( 'NONE',  ( 1.949999999999999956, 1.109999999999987663, 2.115000000000000657 ) ) ;
#2245 = VECTOR ( 'NONE', #7319, 1000.000000000000000 ) ;
#2246 = ADVANCED_FACE ( 'NONE', ( #5328 ), #637, .F. ) ;
#2247 = VERTEX_POINT ( 'NONE', #4639 ) ;
#2248 = EDGE_CURVE ( 'NONE', #4460, #3874, #4796, .T. ) ;
#2249 = ORIENTED_EDGE ( 'NONE', *, *, #5691, .F. ) ;
#2250 = ORIENTED_EDGE ( 'NONE', *, *, #4568, .F. ) ;
#2251 = LINE ( 'NONE', #4636, #7106 ) ;
#2252 = DIRECTION ( 'NONE',  ( 0.000000000000000000, 1.000000000000000000, 0.000000000000000000 ) ) ;
#2253 = COLOUR_RGB ( '',0.7921568627450980005, 0.8196078431372548767, 0.9333333333333333481 ) ;
#2254 = DIRECTION ( 'NONE',  ( -1.000000000000000000, 0.000000000000000000, 0.000000000000000000 ) ) ;
#2255 = DIRECTION ( 'NONE',  ( -0.000000000000000000, -0.000000000000000000, -1.000000000000000000 ) ) ;
#2256 = VECTOR ( 'NONE', #6513, 1000.000000000000000 ) ;
#2257 = DIRECTION ( 'NONE',  ( -0.06975647374411853008, -0.9975640502598247528, 0.000000000000000000 ) ) ;
#2258 = ORIENTED_EDGE ( 'NONE', *, *, #5566, .F. ) ;
#2259 = EDGE_CURVE ( 'NONE', #5048, #2868, #3557, .T. ) ;
#2260 = ORIENTED_EDGE ( 'NONE', *, *, #2846, .F. ) ;
#2261 = FACE_OUTER_BOUND ( 'NONE', #6395, .T. ) ;
#2262 = ORIENTED_EDGE ( 'NONE', *, *, #5479, .T. ) ;
#2263 = CARTESIAN_POINT ( 'NONE',  ( -1.950000000000000400, 1.109999999999987663, 2.115000000000000657 ) ) ;
#2264 = EDGE_CURVE ( 'NONE', #3141, #540, #6486, .T. ) ;
#2265 = AXIS2_PLACEMENT_3D ( 'NONE', #7499, #6894, #6934 ) ;
#2266 = CARTESIAN_POINT ( 'NONE',  ( -1.950000000000000400, 0.8900000000000123368, -0.4250000000000000444 ) ) ;
#2267 = DIRECTION ( 'NONE',  ( 0.000000000000000000, 0.000000000000000000, 1.000000000000000000 ) ) ;
#2268 = VERTEX_POINT ( 'NONE', #7584 ) ;
#2269 = DIRECTION ( 'NONE',  ( -1.000000000000000000, 0.000000000000000000, 0.000000000000000000 ) ) ;
#2270 = LINE ( 'NONE', #4616, #6444 ) ;
#2271 = PLANE ( 'NONE',  #3886 ) ;
#2272 = EDGE_CURVE ( 'NONE', #7006, #1202, #5905, .T. ) ;
#2273 = EDGE_CURVE ( 'NONE', #5399, #1725, #4139, .T. ) ;
#2274 = CARTESIAN_POINT ( 'NONE',  ( -2.159999999999999698, 0.3327573459224363317, -0.8450000000000003064 ) ) ;
#2275 = VECTOR ( 'NONE', #5765, 1000.000000000000000 ) ;
#2276 = STYLED_ITEM ( 'NONE', ( #4654 ), #1228 ) ;
#2277 =( LENGTH_UNIT ( ) NAMED_UNIT ( * ) SI_UNIT ( .MILLI., .METRE. ) );
#2278 = ADVANCED_FACE ( 'NONE', ( #3521 ), #3598, .F. ) ;
#2279 = CARTESIAN_POINT ( 'NONE',  ( 1.949999999999999956, 0.8900000000000123368, 3.384999999999999787 ) ) ;
#2280 = ORIENTED_EDGE ( 'NONE', *, *, #5119, .F. ) ;
#2281 = DIRECTION ( 'NONE',  ( 1.000000000000000000, 0.000000000000000000, 0.000000000000000000 ) ) ;
#2282 = ORIENTED_EDGE ( 'NONE', *, *, #7054, .T. ) ;
#2284 = DIRECTION ( 'NONE',  ( 1.000000000000000000, 0.000000000000000000, 0.000000000000000000 ) ) ;
#2283 = CARTESIAN_POINT ( 'NONE',  ( 2.084999999999999964, 0.8900000000000122258, 4.235000000000000320 ) ) ;
#2285 = SURFACE_STYLE_USAGE ( .BOTH. , #4128 ) ;
#2286 = DIRECTION ( 'NONE',  ( -8.993001040601393045E-16, -1.000000000000000000, 0.000000000000000000 ) ) ;
#2287 = EDGE_CURVE ( 'NONE', #897, #747, #5865, .T. ) ;
#2288 = DIRECTION ( 'NONE',  ( -0.000000000000000000, -0.000000000000000000, -1.000000000000000000 ) ) ;
#2289 = VECTOR ( 'NONE', #1083, 1000.000000000000000 ) ;
#2290 = ORIENTED_EDGE ( 'NONE', *, *, #1351, .T. ) ;
#2291 = ORIENTED_EDGE ( 'NONE', *, *, #6836, .F. ) ;
#2292 = ORIENTED_EDGE ( 'NONE', *, *, #1559, .F. ) ;
#2293 = DIRECTION ( 'NONE',  ( 0.9975640502598246417, 0.06975647374411912682, 0.000000000000000000 ) ) ;
#2294 = VECTOR ( 'NONE', #7038, 1000.000000000000000 ) ;
#2295 = CARTESIAN_POINT ( 'NONE',  ( -1.524154985015796937, 1.750000000000000000, 4.837150732346582771 ) ) ;
#2296 = LINE ( 'NONE', #6365, #3559 ) ;
#2297 = ADVANCED_FACE ( 'NONE', ( #3442 ), #672, .T. ) ;
#2298 = EDGE_CURVE ( 'NONE', #3984, #1654, #3925, .T. ) ;
#2299 = VECTOR ( 'NONE', #130, 1000.000000000000000 ) ;
#2300 = CARTESIAN_POINT ( 'NONE',  ( -2.084999999999999964, 0.8150000000000123812, -4.235000000000000320 ) ) ;
#2301 = LINE ( 'NONE', #4064, #146 ) ;
#2302 = ORIENTED_EDGE ( 'NONE', *, *, #1791, .T. ) ;
#2303 = ORIENTED_EDGE ( 'NONE', *, *, #7039, .F. ) ;
#2304 = FACE_OUTER_BOUND ( 'NONE', #3181, .T. ) ;
#2305 = VERTEX_POINT ( 'NONE', #4018 ) ;
#2306 = DIRECTION ( 'NONE',  ( -0.000000000000000000, -0.000000000000000000, -1.000000000000000000 ) ) ;
#2307 = LINE ( 'NONE', #5260, #2967 ) ;
#2308 = EDGE_CURVE ( 'NONE', #7542, #1802, #1862, .T. ) ;
#2309 = VECTOR ( 'NONE', #346, 1000.000000000000000 ) ;
#2310 = CARTESIAN_POINT ( 'NONE',  ( -3.000000000000000000, 0.2194640910571372949, -2.115000000000000213 ) ) ;
#2311 = SURFACE_STYLE_FILL_AREA ( #5070 ) ;
#2312 = ORIENTED_EDGE ( 'NONE', *, *, #4303, .T. ) ;
#2313 = DIRECTION ( 'NONE',  ( -1.000000000000000000, 0.000000000000000000, 0.000000000000000000 ) ) ;
#2314 = LINE ( 'NONE', #6342, #3495 ) ;
#2315 = LINE ( 'NONE', #2199, #4630 ) ;
#2316 = VECTOR ( 'NONE', #5774, 1000.000000000000000 ) ;
#2317 = DIRECTION ( 'NONE',  ( -0.06975647374411914070, 0.9975640502598247528, 0.000000000000000000 ) ) ;
#2318 = AXIS2_PLACEMENT_3D ( 'NONE', #3754, #4224, #6576 ) ;
#2319 = ORIENTED_EDGE ( 'NONE', *, *, #2415, .T. ) ;
#2320 = LINE ( 'NONE', #5234, #1502 ) ;
#2321 = ORIENTED_EDGE ( 'NONE', *, *, #1368, .F. ) ;
#2322 = AXIS2_PLACEMENT_3D ( 'NONE', #181, #1848, #6064 ) ;
#2323 = EDGE_LOOP ( 'NONE', ( #1566, #465, #7042, #4475 ) ) ;
#2325 = DIRECTION ( 'NONE',  ( -1.000000000000000000, 0.000000000000000000, 0.000000000000000000 ) ) ;
#2324 = CARTESIAN_POINT ( 'NONE',  ( 2.159999999999999698, 0.3327573459224363317, -2.964999999999999858 ) ) ;
#2326 = VECTOR ( 'NONE', #6971, 1000.000000000000000 ) ;
#2327 = FACE_OUTER_BOUND ( 'NONE', #150, .T. ) ;
#2328 = DIRECTION ( 'NONE',  ( 0.000000000000000000, 0.000000000000000000, 1.000000000000000000 ) ) ;
#2329 = LINE ( 'NONE', #4709, #1373 ) ;
#2330 = VECTOR ( 'NONE', #6652, 1000.000000000000000 ) ;
#2331 = VERTEX_POINT ( 'NONE', #1138 ) ;
#2332 = ADVANCED_FACE ( 'NONE', ( #4716 ), #3478, .F. ) ;
#2333 = ORIENTED_EDGE ( 'NONE', *, *, #7209, .F. ) ;
#2334 = LINE ( 'NONE', #5863, #2921 ) ;
#2335 = DIRECTION ( 'NONE',  ( 0.000000000000000000, -0.000000000000000000, 1.000000000000000000 ) ) ;
#2336 = DIRECTION ( 'NONE',  ( -0.000000000000000000, 0.000000000000000000, -1.000000000000000000 ) ) ;
#2337 = AXIS2_PLACEMENT_3D ( 'NONE', #5411, #717, #792 ) ;
#2338 = CYLINDRICAL_SURFACE ( 'NONE', #2874, 0.07500000000000041356 ) ;
#2339 = CARTESIAN_POINT ( 'NONE',  ( 2.084999999999999964, 0.8900000000000122258, 3.384999999999999787 ) ) ;
#2340 = EDGE_LOOP ( 'NONE', ( #2807, #2303, #7153, #1987 ) ) ;
#2341 = VERTEX_POINT ( 'NONE', #6570 ) ;
#2342 = LINE ( 'NONE', #1691, #4869 ) ;
#2343 = ORIENTED_EDGE ( 'NONE', *, *, #5089, .T. ) ;
#2344 = LINE ( 'NONE', #31, #4038 ) ;
#2345 = VECTOR ( 'NONE', #5634, 1000.000000000000227 ) ;
#2346 = DIRECTION ( 'NONE',  ( -0.000000000000000000, -0.000000000000000000, -1.000000000000000000 ) ) ;
#2347 = ADVANCED_FACE ( 'NONE', ( #1452, #5521 ), #256, .F. ) ;
#2348 = DIRECTION ( 'NONE',  ( -0.000000000000000000, -0.000000000000000000, -1.000000000000000000 ) ) ;
#2349 = AXIS2_PLACEMENT_3D ( 'NONE', #6656, #2002, #731 ) ;
#2350 = ORIENTED_EDGE ( 'NONE', *, *, #7174, .F. ) ;
#2351 = CARTESIAN_POINT ( 'NONE',  ( -2.379999999999975469, 0.3327573459224363317, -4.235000000000000320 ) ) ;
#2352 = CARTESIAN_POINT ( 'NONE',  ( -3.000000000000000000, 0.2194640910571372949, -2.964999999999999858 ) ) ;
#2353 = LINE ( 'NONE', #7001, #3031 ) ;
#2354 = PLANE ( 'NONE',  #4063 ) ;
#2355 = EDGE_LOOP ( 'NONE', ( #3298, #611, #5534, #5283 ) ) ;
#2356 = AXIS2_PLACEMENT_3D ( 'NONE', #6201, #280, #2626 ) ;
#2357 = CIRCLE ( 'NONE', #3822, 0.2949999999999762812 ) ;
#2358 = LINE ( 'NONE', #4241, #3852 ) ;
#2359 = VERTEX_POINT ( 'NONE', #3787 ) ;
#2360 = CARTESIAN_POINT ( 'NONE',  ( -2.434421840245462487, 0.03847595109581208178, -2.964999999999999858 ) ) ;
#2361 = ORIENTED_EDGE ( 'NONE', *, *, #4677, .F. ) ;
#2363 = PLANE ( 'NONE',  #3674 ) ;
#2362 = DIRECTION ( 'NONE',  ( 1.000000000000000000, -8.993001040601393045E-16, 0.000000000000000000 ) ) ;
#2364 = LINE ( 'NONE', #4743, #2289 ) ;
#2365 = EDGE_CURVE ( 'NONE', #2817, #6900, #2494, .T. ) ;
#2366 = FACE_OUTER_BOUND ( 'NONE', #6966, .T. ) ;
#2367 = ORIENTED_EDGE ( 'NONE', *, *, #434, .F. ) ;
#2368 = CLOSED_SHELL ( 'NONE', ( #3765, #4765, #2, #321, #6132, #7096, #2278, #374, #4553, #7120, #3638, #713, #549, #5513 ) ) ;
#2369 = ORIENTED_EDGE ( 'NONE', *, *, #2846, .T. ) ;
#2370 = CARTESIAN_POINT ( 'NONE',  ( 2.454999999999975646, 0.3327573459224363317, 3.384999999999999787 ) ) ;
#2371 = PLANE ( 'NONE',  #3755 ) ;
#2372 = CARTESIAN_POINT ( 'NONE',  ( -2.084999999999999964, 0.8150000000000123812, -0.8450000000000003064 ) ) ;
#2373 = EDGE_CURVE ( 'NONE', #2225, #3808, #4835, .T. ) ;
#2374 = EDGE_CURVE ( 'NONE', #5454, #7271, #4549, .T. ) ;
#2375 = DIRECTION ( 'NONE',  ( 1.000000000000000000, 0.000000000000000000, 0.000000000000000000 ) ) ;
#2376 = EDGE_CURVE ( 'NONE', #1261, #2868, #5985, .T. ) ;
#2377 = DIRECTION ( 'NONE',  ( -0.9975640502598246417, -0.06975647374411851620, 0.000000000000000000 ) ) ;
#2378 = ORIENTED_EDGE ( 'NONE', *, *, #7166, .T. ) ;
#2379 = ORIENTED_EDGE ( 'NONE', *, *, #2273, .F. ) ;
#2380 = CARTESIAN_POINT ( 'NONE',  ( -2.984653575776294865, -3.794707603699265519E-16, -4.235000000000000320 ) ) ;
#2381 = ORIENTED_EDGE ( 'NONE', *, *, #4225, .F. ) ;
#2382 = LINE ( 'NONE', #5381, #5141 ) ;
#2383 = DIRECTION ( 'NONE',  ( -0.000000000000000000, -0.000000000000000000, -1.000000000000000000 ) ) ;
#2384 = LINE ( 'NONE', #7034, #2061 ) ;
#2385 =( NAMED_UNIT ( * ) PLANE_ANGLE_UNIT ( ) SI_UNIT ( $, .RADIAN. ) );
#2386 = ORIENTED_EDGE ( 'NONE', *, *, #5726, .T. ) ;
#2387 = CARTESIAN_POINT ( 'NONE',  ( 2.084999999999999964, 0.8150000000000123812, -2.115000000000000213 ) ) ;
#2388 = PLANE ( 'NONE',  #6819 ) ;
#2389 = LINE ( 'NONE', #5390, #4620 ) ;
#2390 = EDGE_CURVE ( 'NONE', #6103, #5181, #6063, .T. ) ;
#2391 = CARTESIAN_POINT ( 'NONE',  ( -2.159999999999999698, 0.3327573459224363317, -0.4250000000000000444 ) ) ;
#2392 = EDGE_CURVE ( 'NONE', #765, #1162, #7131, .T. ) ;
#2393 = ORIENTED_EDGE ( 'NONE', *, *, #7209, .T. ) ;
#2394 = LINE ( 'NONE', #5929, #5052 ) ;
#2395 = ORIENTED_EDGE ( 'NONE', *, *, #4800, .T. ) ;
#2396 = CARTESIAN_POINT ( 'NONE',  ( -2.159999999999999698, 0.3327573459224363317, 1.695000000000000284 ) ) ;
#2397 = ORIENTED_EDGE ( 'NONE', *, *, #6496, .F. ) ;
#2399 = CARTESIAN_POINT ( 'NONE',  ( 2.084999999999999964, 1.109999999999987885, 3.384999999999999787 ) ) ;
#2398 = PLANE ( 'NONE',  #2548 ) ;
#2400 = DIRECTION ( 'NONE',  ( 0.000000000000000000, 0.000000000000000000, 1.000000000000000000 ) ) ;
#2401 = CARTESIAN_POINT ( 'NONE',  ( 2.454999999999975646, 0.3327573459224363317, 0.8450000000000003064 ) ) ;
#2402 = AXIS2_PLACEMENT_3D ( 'NONE', #2352, #6423, #2839 ) ;
#2403 = DIRECTION ( 'NONE',  ( 8.993001040601393045E-16, -1.000000000000000000, 0.000000000000000000 ) ) ;
#2404 = ADVANCED_FACE ( 'NONE', ( #3020 ), #143, .T. ) ;
#2405 = ORIENTED_EDGE ( 'NONE', *, *, #2506, .T. ) ;
#2406 = ADVANCED_FACE ( 'NONE', ( #7289 ), #7251, .F. ) ;
#2407 = VECTOR ( 'NONE', #7036, 1000.000000000000227 ) ;
#2408 = ORIENTED_EDGE ( 'NONE', *, *, #7397, .T. ) ;
#2409 = DIRECTION ( 'NONE',  ( 0.000000000000000000, 1.000000000000000000, 0.000000000000000000 ) ) ;
#2410 = DIRECTION ( 'NONE',  ( -0.000000000000000000, -0.000000000000000000, -1.000000000000000000 ) ) ;
#2411 = VECTOR ( 'NONE', #2707, 1000.000000000000000 ) ;
#2412 = LINE ( 'NONE', #1216, #1098 ) ;
#2413 = CIRCLE ( 'NONE', #3406, 0.2949999999999756151 ) ;
#2414 = CYLINDRICAL_SURFACE ( 'NONE', #2149, 0.07499999999999998335 ) ;
#2415 = EDGE_CURVE ( 'NONE', #42, #4293, #4942, .T. ) ;
#2416 = CARTESIAN_POINT ( 'NONE',  ( 2.449768264469166734, 0.2579400421529494669, -2.964999999999999858 ) ) ;
#2417 = AXIS2_PLACEMENT_3D ( 'NONE', #1520, #6165, #2092 ) ;
#2418 = ORIENTED_EDGE ( 'NONE', *, *, #345, .T. ) ;
#2419 = PRODUCT_RELATED_PRODUCT_CATEGORY ( 'part', '', ( #7427 ) ) ;
#2420 = ORIENTED_EDGE ( 'NONE', *, *, #4443, .T. ) ;
#2421 = DIRECTION ( 'NONE',  ( -1.000000000000000000, 0.000000000000000000, 0.000000000000000000 ) ) ;
#2422 = ORIENTED_EDGE ( 'NONE', *, *, #4973, .F. ) ;
#2423 = CARTESIAN_POINT ( 'NONE',  ( -2.984653575776294865, -3.794707603699265519E-16, 0.8450000000000003064 ) ) ;
#2424 = PLANE ( 'NONE',  #882 ) ;
#2425 = VECTOR ( 'NONE', #7488, 1000.000000000000000 ) ;
#2426 = CARTESIAN_POINT ( 'NONE',  ( -2.160000000000000142, 0.8150000000000123812, 0.8450000000000003064 ) ) ;
#2427 = VERTEX_POINT ( 'NONE', #6607 ) ;
#2428 = EDGE_CURVE ( 'NONE', #4436, #5023, #1339, .T. ) ;
#2429 = DIRECTION ( 'NONE',  ( 0.000000000000000000, 0.000000000000000000, 1.000000000000000000 ) ) ;
#2430 = DIRECTION ( 'NONE',  ( -1.000000000000000000, 0.000000000000000000, 0.000000000000000000 ) ) ;
#2431 = DIRECTION ( 'NONE',  ( -1.000000000000000000, 0.000000000000000000, 0.000000000000000000 ) ) ;
#2432 = DIRECTION ( 'NONE',  ( -1.000000000000000000, 0.000000000000000000, 0.000000000000000000 ) ) ;
#2433 = ORIENTED_EDGE ( 'NONE', *, *, #2539, .F. ) ;
#2434 = CARTESIAN_POINT ( 'NONE',  ( -1.950000000000000400, 1.109999999999987663, 3.384999999999999787 ) ) ;
#2435 = ORIENTED_EDGE ( 'NONE', *, *, #5484, .T. ) ;
#2436 = VERTEX_POINT ( 'NONE', #3679 ) ;
#2437 = EDGE_CURVE ( 'NONE', #2615, #2684, #1234, .T. ) ;
#2438 = EDGE_LOOP ( 'NONE', ( #2319, #5312, #377, #2957 ) ) ;
#2440 = CARTESIAN_POINT ( 'NONE',  ( 2.984653575776294865, -3.794707603699265519E-16, -4.235000000000000320 ) ) ;
#2439 = CARTESIAN_POINT ( 'NONE',  ( 2.984653575776294865, -3.794707603699265519E-16, -2.964999999999999858 ) ) ;
#2441 = DIRECTION ( 'NONE',  ( 0.000000000000000000, 1.000000000000000000, 0.000000000000000000 ) ) ;
#2442 = DIRECTION ( 'NONE',  ( 1.000000000000000000, 0.000000000000000000, -0.000000000000000000 ) ) ;
#2443 = AXIS2_PLACEMENT_3D ( 'NONE', #1918, #215, #4258 ) ;
#2444 = CARTESIAN_POINT ( 'NONE',  ( 2.434421840245462487, 0.03847595109581208178, 1.695000000000000284 ) ) ;
#2445 = ORIENTED_EDGE ( 'NONE', *, *, #2049, .T. ) ;
#2446 = VECTOR ( 'NONE', #5631, 1000.000000000000000 ) ;
#2447 = ORIENTED_EDGE ( 'NONE', *, *, #2657, .T. ) ;
#2448 = DIRECTION ( 'NONE',  ( -1.000000000000000000, 0.000000000000000000, 0.000000000000000000 ) ) ;
#2449 = CARTESIAN_POINT ( 'NONE',  ( -2.379999999999975913, 0.8150000000000123812, 0.4250000000000000444 ) ) ;
#2450 = CARTESIAN_POINT ( 'NONE',  ( -2.084999999999999964, 0.8900000000000122258, 1.695000000000000284 ) ) ;
#2451 = VECTOR ( 'NONE', #3895, 1000.000000000000227 ) ;
#2452 = AXIS2_PLACEMENT_3D ( 'NONE', #3332, #6186, #7373 ) ;
#2453 = PLANE ( 'NONE',  #5931 ) ;
#2454 = DIRECTION ( 'NONE',  ( 0.000000000000000000, 1.000000000000000000, 0.000000000000000000 ) ) ;
#2455 = ORIENTED_EDGE ( 'NONE', *, *, #3220, .F. ) ;
#2456 = ORIENTED_EDGE ( 'NONE', *, *, #4944, .T. ) ;
#2457 = CARTESIAN_POINT ( 'NONE',  ( 1.949999999999999956, 0.8900000000000123368, 2.115000000000000657 ) ) ;
#2458 = VECTOR ( 'NONE', #1309, 1000.000000000000227 ) ;
#2459 = VERTEX_POINT ( 'NONE', #2564 ) ;
#2460 = LINE ( 'NONE', #2869, #1853 ) ;
#2461 = FACE_OUTER_BOUND ( 'NONE', #1105, .T. ) ;
#2462 = EDGE_CURVE ( 'NONE', #6009, #4666, #7138, .T. ) ;
#2463 = VECTOR ( 'NONE', #4952, 1000.000000000000000 ) ;
#2464 = DIRECTION ( 'NONE',  ( 8.993001040601393045E-16, 1.000000000000000000, -0.000000000000000000 ) ) ;
#2465 = SURFACE_STYLE_FILL_AREA ( #6420 ) ;
#2466 = ORIENTED_EDGE ( 'NONE', *, *, #7478, .T. ) ;
#2467 = ORIENTED_EDGE ( 'NONE', *, *, #6619, .F. ) ;
#2468 = LINE ( 'NONE', #2547, #317 ) ;
#2469 = VECTOR ( 'NONE', #3870, 1000.000000000000000 ) ;
#2470 = CARTESIAN_POINT ( 'NONE',  ( 2.084999999999999964, 0.8150000000000123812, 2.115000000000000657 ) ) ;
#2471 = FACE_OUTER_BOUND ( 'NONE', #5794, .T. ) ;
#2472 = FACE_OUTER_BOUND ( 'NONE', #3333, .T. ) ;
#2473 = EDGE_CURVE ( 'NONE', #3865, #6593, #6027, .T. ) ;
#2474 = EDGE_CURVE ( 'NONE', #6595, #1440, #3105, .T. ) ;
#2475 = ORIENTED_EDGE ( 'NONE', *, *, #5016, .F. ) ;
#2476 = DIRECTION ( 'NONE',  ( 0.06975647374412144441, 0.9975640502598245307, -0.000000000000000000 ) ) ;
#2477 = ORIENTED_EDGE ( 'NONE', *, *, #2584, .T. ) ;
#2478 = EDGE_CURVE ( 'NONE', #1996, #7399, #5285, .T. ) ;
#2479 = DIRECTION ( 'NONE',  ( -1.000000000000000000, 0.000000000000000000, 0.000000000000000000 ) ) ;
#2480 = AXIS2_PLACEMENT_3D ( 'NONE', #356, #3346, #6129 ) ;
#2481 = ORIENTED_EDGE ( 'NONE', *, *, #5596, .T. ) ;
#2482 = ORIENTED_EDGE ( 'NONE', *, *, #6292, .F. ) ;
#2483 = DIRECTION ( 'NONE',  ( 1.000000000000000000, -8.031127203596320741E-16, -0.000000000000000000 ) ) ;
#2484 =( NAMED_UNIT ( * ) SI_UNIT ( $, .STERADIAN. ) SOLID_ANGLE_UNIT ( ) );
#2485 = CARTESIAN_POINT ( 'NONE',  ( 3.000000000000000000, 0.2194640910571372949, 4.655000000000000249 ) ) ;
#2486 = CARTESIAN_POINT ( 'NONE',  ( -2.084999999999999964, 0.8150000000000123812, 2.964999999999999858 ) ) ;
#2487 = AXIS2_PLACEMENT_3D ( 'NONE', #5079, #2770, #6279 ) ;
#2488 = AXIS2_PLACEMENT_3D ( 'NONE', #7119, #197, #3121 ) ;
#2489 = EDGE_LOOP ( 'NONE', ( #5163, #3790, #5436, #3833 ) ) ;
#2490 = ORIENTED_EDGE ( 'NONE', *, *, #5662, .T. ) ;
#2491 = VECTOR ( 'NONE', #7149, 1000.000000000000000 ) ;
#2492 = DIRECTION ( 'NONE',  ( -1.000000000000000000, -8.031127203596346379E-16, 0.000000000000000000 ) ) ;
#2493 =( LENGTH_UNIT ( ) NAMED_UNIT ( * ) SI_UNIT ( .MILLI., .METRE. ) );
#2494 = LINE ( 'NONE', #4261, #2815 ) ;
#2495 = EDGE_CURVE ( 'NONE', #689, #4298, #4311, .T. ) ;
#2496 = FACE_OUTER_BOUND ( 'NONE', #7549, .T. ) ;
#2497 = CARTESIAN_POINT ( 'NONE',  ( -2.084999999999999964, 0.8150000000000123812, 3.384999999999999787 ) ) ;
#2498 = VERTEX_POINT ( 'NONE', #2743 ) ;
#2499 = EDGE_LOOP ( 'NONE', ( #7093, #4560, #4912, #782, #4695 ) ) ;
#2500 = DIRECTION ( 'NONE',  ( 0.000000000000000000, -1.000000000000000000, 0.000000000000000000 ) ) ;
#2501 = EDGE_LOOP ( 'NONE', ( #4346, #5989, #7035, #3885, #5235, #5960, #1325, #6596, #1411, #4449, #2249, #2433 ) ) ;
#2502 = CARTESIAN_POINT ( 'NONE',  ( -2.379999999999975913, 0.8150000000000123812, 3.384999999999999787 ) ) ;
#2503 = CARTESIAN_POINT ( 'NONE',  ( 2.454999999999975646, 0.3327573459224363317, 0.8450000000000003064 ) ) ;
#2504 = DIRECTION ( 'NONE',  ( -0.06975647374412144441, 0.9975640502598245307, 0.000000000000000000 ) ) ;
#2505 = VERTEX_POINT ( 'NONE', #6754 ) ;
#2506 = EDGE_CURVE ( 'NONE', #6811, #4460, #3320, .T. ) ;
#2507 = FACE_OUTER_BOUND ( 'NONE', #4496, .T. ) ;
#2508 = CYLINDRICAL_SURFACE ( 'NONE', #4113, 0.07499999999999998335 ) ;
#2509 = VECTOR ( 'NONE', #6309, 1000.000000000000227 ) ;
#2510 = CARTESIAN_POINT ( 'NONE',  ( 2.454999999999975646, 0.3327573459224363317, 2.115000000000000657 ) ) ;
#2511 = ORIENTED_EDGE ( 'NONE', *, *, #5430, .F. ) ;
#2512 = DIRECTION ( 'NONE',  ( -0.000000000000000000, -0.000000000000000000, -1.000000000000000000 ) ) ;
#2513 = VERTEX_POINT ( 'NONE', #6896 ) ;
#2514 = CIRCLE ( 'NONE', #178, 0.07499999999999998335 ) ;
#2515 = FACE_OUTER_BOUND ( 'NONE', #6682, .T. ) ;
#2516 = VERTEX_POINT ( 'NONE', #5593 ) ;
#2517 = ORIENTED_EDGE ( 'NONE', *, *, #7406, .F. ) ;
#2518 = DIRECTION ( 'NONE',  ( -8.993001040601393045E-16, -1.000000000000000000, -0.000000000000000000 ) ) ;
#2519 = EDGE_CURVE ( 'NONE', #3585, #4406, #1613, .T. ) ;
#2520 = SURFACE_SIDE_STYLE ('',( #3163 ) ) ;
#2521 = CARTESIAN_POINT ( 'NONE',  ( 2.084999999999999964, 0.8150000000000123812, 0.8450000000000003064 ) ) ;
#2522 = DIRECTION ( 'NONE',  ( 0.000000000000000000, 0.000000000000000000, 1.000000000000000000 ) ) ;
#2523 = VECTOR ( 'NONE', #6019, 1000.000000000000000 ) ;
#2524 = EDGE_CURVE ( 'NONE', #6802, #1867, #4675, .T. ) ;
#2525 = VERTEX_POINT ( 'NONE', #865 ) ;
#2526 = VECTOR ( 'NONE', #519, 1000.000000000000000 ) ;
#2527 = ORIENTED_EDGE ( 'NONE', *, *, #2717, .F. ) ;
#2528 = EDGE_CURVE ( 'NONE', #4375, #3214, #3318, .T. ) ;
#2529 = FACE_OUTER_BOUND ( 'NONE', #2614, .T. ) ;
#2530 = UNCERTAINTY_MEASURE_WITH_UNIT (LENGTH_MEASURE( 1.000000000000000082E-05 ), #3896, 'distance_accuracy_value', 'NONE');
#2531 = CARTESIAN_POINT ( 'NONE',  ( 2.084999999999999964, 0.8150000000000123812, -0.8450000000000003064 ) ) ;
#2532 = VECTOR ( 'NONE', #4115, 1000.000000000000000 ) ;
#2533 = AXIS2_PLACEMENT_3D ( 'NONE', #929, #6919, #6850 ) ;
#2534 = CARTESIAN_POINT ( 'NONE',  ( -2.434421840245462487, 0.03847595109581208178, 3.384999999999999787 ) ) ;
#2535 = ORIENTED_EDGE ( 'NONE', *, *, #5106, .T. ) ;
#2536 = VERTEX_POINT ( 'NONE', #7396 ) ;
#2537 = LINE ( 'NONE', #681, #435 ) ;
#2538 = COLOUR_RGB ( '',0.7921568627450980005, 0.8196078431372548767, 0.9333333333333333481 ) ;
#2539 = EDGE_CURVE ( 'NONE', #7147, #3087, #2670, .T. ) ;
#2540 = ORIENTED_EDGE ( 'NONE', *, *, #1610, .F. ) ;
#2541 = DIRECTION ( 'NONE',  ( -0.1710878697460324060, 0.9702875252478150303, 0.1710878697460324060 ) ) ;
#2542 = CARTESIAN_POINT ( 'NONE',  ( -1.950000000000000400, 0.8900000000000123368, -1.694999999999999840 ) ) ;
#2543 = AXIS2_PLACEMENT_3D ( 'NONE', #564, #642, #2989 ) ;
#2544 = STYLED_ITEM ( 'NONE', ( #3129 ), #6502 ) ;
#2545 = CYLINDRICAL_SURFACE ( 'NONE', #6887, 0.2949999999999758371 ) ;
#2546 = VERTEX_POINT ( 'NONE', #1569 ) ;
#2547 = CARTESIAN_POINT ( 'NONE',  ( 2.084999999999999964, 1.109999999999987885, 2.115000000000000657 ) ) ;
#2548 = AXIS2_PLACEMENT_3D ( 'NONE', #2324, #2362, #7047 ) ;
#2549 = EDGE_CURVE ( 'NONE', #2687, #3583, #1529, .T. ) ;
#2550 = DIRECTION ( 'NONE',  ( 1.000000000000000000, 0.000000000000000000, 0.000000000000000000 ) ) ;
#2551 = ORIENTED_EDGE ( 'NONE', *, *, #1706, .T. ) ;
#2552 = CARTESIAN_POINT ( 'NONE',  ( 2.449768264469166734, 0.2579400421529494669, -2.115000000000000213 ) ) ;
#2553 = ORIENTED_EDGE ( 'NONE', *, *, #2861, .F. ) ;
#2554 = FACE_OUTER_BOUND ( 'NONE', #4555, .T. ) ;
#2555 = VERTEX_POINT ( 'NONE', #5673 ) ;
#2556 = ORIENTED_EDGE ( 'NONE', *, *, #1887, .T. ) ;
#2557 = LINE ( 'NONE', #7277, #1323 ) ;
#2558 = CARTESIAN_POINT ( 'NONE',  ( 2.159999999999999698, 0.3327573459224363317, -1.694999999999999840 ) ) ;
#2559 = CYLINDRICAL_SURFACE ( 'NONE', #4434, 0.07500000000000041356 ) ;
#2560 = EDGE_LOOP ( 'NONE', ( #3447, #661, #4142, #2011 ) ) ;
#2561 = ORIENTED_EDGE ( 'NONE', *, *, #3199, .T. ) ;
#2562 = CARTESIAN_POINT ( 'NONE',  ( -2.454999999999975646, 0.3327573459224363317, 3.384999999999999787 ) ) ;
#2563 = PLANE ( 'NONE',  #6210 ) ;
#2564 = CARTESIAN_POINT ( 'NONE',  ( -2.379999999999975913, 0.8150000000000123812, 0.8450000000000003064 ) ) ;
#2565 = VECTOR ( 'NONE', #6122, 1000.000000000000000 ) ;
#2566 = EDGE_CURVE ( 'NONE', #2745, #1608, #3897, .T. ) ;
#2567 = CIRCLE ( 'NONE', #6978, 0.2949999999999762812 ) ;
#2568 = CARTESIAN_POINT ( 'NONE',  ( 2.454999999999975646, 0.3327573459224363317, -0.8450000000000003064 ) ) ;
#2569 = ORIENTED_EDGE ( 'NONE', *, *, #111, .F. ) ;
#2570 = VERTEX_POINT ( 'NONE', #5705 ) ;
#2571 = DIRECTION ( 'NONE',  ( -0.9975640502598246417, 0.06975647374411851620, -0.000000000000000000 ) ) ;
#2572 = VECTOR ( 'NONE', #4684, 1000.000000000000000 ) ;
#2573 = ORIENTED_EDGE ( 'NONE', *, *, #794, .F. ) ;
#2574 = DIRECTION ( 'NONE',  ( 1.000000000000000000, -8.031127203596320741E-16, -0.000000000000000000 ) ) ;
#2575 = AXIS2_PLACEMENT_3D ( 'NONE', #663, #5571, #6557 ) ;
#2576 = CARTESIAN_POINT ( 'NONE',  ( -2.984653575776294865, -3.794707603699265519E-16, -3.384999999999999787 ) ) ;
#2577 = DIRECTION ( 'NONE',  ( -1.000000000000000000, 0.000000000000000000, 0.000000000000000000 ) ) ;
#2578 = VECTOR ( 'NONE', #566, 1000.000000000000114 ) ;
#2579 = ORIENTED_EDGE ( 'NONE', *, *, #5300, .F. ) ;
#2580 = ORIENTED_EDGE ( 'NONE', *, *, #2287, .F. ) ;
#2581 = DIRECTION ( 'NONE',  ( -0.000000000000000000, -1.000000000000000000, -0.000000000000000000 ) ) ;
#2582 = LINE ( 'NONE', #1288, #6501 ) ;
#2583 = FACE_OUTER_BOUND ( 'NONE', #37, .T. ) ;
#2584 = EDGE_CURVE ( 'NONE', #873, #2058, #6177, .T. ) ;
#2585 = ADVANCED_FACE ( 'NONE', ( #2778 ), #399, .F. ) ;
#2586 = ORIENTED_EDGE ( 'NONE', *, *, #1676, .T. ) ;
#2587 = CARTESIAN_POINT ( 'NONE',  ( -2.159999999999999698, 0.3327573459224363317, 2.115000000000000657 ) ) ;
#2588 = ORIENTED_EDGE ( 'NONE', *, *, #3710, .T. ) ;
#2589 = ORIENTED_EDGE ( 'NONE', *, *, #1612, .F. ) ;
#2590 = CARTESIAN_POINT ( 'NONE',  ( -3.000000000000000000, 0.2194640910571372949, -1.694999999999999840 ) ) ;
#2591 =( NAMED_UNIT ( * ) PLANE_ANGLE_UNIT ( ) SI_UNIT ( $, .RADIAN. ) );
#2592 = DIRECTION ( 'NONE',  ( -0.000000000000000000, -0.000000000000000000, -1.000000000000000000 ) ) ;
#2593 = DIRECTION ( 'NONE',  ( -0.06975647374412144441, 0.9975640502598245307, 0.000000000000000000 ) ) ;
#2594 = ORIENTED_EDGE ( 'NONE', *, *, #2079, .F. ) ;
#2595 = AXIS2_PLACEMENT_3D ( 'NONE', #4379, #4917, #3149 ) ;
#2596 = ORIENTED_EDGE ( 'NONE', *, *, #6583, .T. ) ;
#2597 = EDGE_CURVE ( 'NONE', #6543, #6640, #4401, .T. ) ;
#2598 = CARTESIAN_POINT ( 'NONE',  ( 1.949999999999999956, 1.109999999999987663, 4.655000000000000249 ) ) ;
#2599 = FILL_AREA_STYLE ('',( #5520 ) ) ;
#2600 = AXIS2_PLACEMENT_3D ( 'NONE', #2235, #5230, #5768 ) ;
#2601 = DIRECTION ( 'NONE',  ( 0.9975640502598246417, 0.06975647374411912682, 0.000000000000000000 ) ) ;
#2602 = AXIS2_PLACEMENT_3D ( 'NONE', #768, #5420, #3797 ) ;
#2603 = LINE ( 'NONE', #2845, #5746 ) ;
#2604 = EDGE_LOOP ( 'NONE', ( #1165, #4857, #5470, #7203 ) ) ;
#2605 = ORIENTED_EDGE ( 'NONE', *, *, #4649, .F. ) ;
#2606 = DIRECTION ( 'NONE',  ( -0.06975647374412144441, 0.9975640502598245307, 0.000000000000000000 ) ) ;
#2607 = EDGE_LOOP ( 'NONE', ( #7112, #513, #1755, #946 ) ) ;
#2608 = LINE ( 'NONE', #3145, #1225 ) ;
#2609 = EDGE_CURVE ( 'NONE', #2886, #1940, #7462, .T. ) ;
#2610 = EDGE_CURVE ( 'NONE', #3177, #7401, #2209, .T. ) ;
#2611 = CARTESIAN_POINT ( 'NONE',  ( 2.159999999999999698, 0.3327573459224363317, -4.235000000000000320 ) ) ;
#2612 = EDGE_CURVE ( 'NONE', #1188, #6079, #5037, .T. ) ;
#2613 = DIRECTION ( 'NONE',  ( -0.000000000000000000, -0.000000000000000000, -1.000000000000000000 ) ) ;
#2614 = EDGE_LOOP ( 'NONE', ( #220, #7436, #2605, #4086 ) ) ;
#2615 = VERTEX_POINT ( 'NONE', #3823 ) ;
#2616 = DIRECTION ( 'NONE',  ( -0.9975640502598246417, -0.06975647374411851620, 0.000000000000000000 ) ) ;
#2617 = DIRECTION ( 'NONE',  ( 0.06975647374411914070, 0.9975640502598247528, -0.000000000000000000 ) ) ;
#2618 = CIRCLE ( 'NONE', #6553, 0.07499999999999998335 ) ;
#2619 = VERTEX_POINT ( 'NONE', #3860 ) ;
#2620 = DIRECTION ( 'NONE',  ( -0.9975640502598246417, 0.06975647374411851620, -0.000000000000000000 ) ) ;
#2621 = EDGE_LOOP ( 'NONE', ( #3572, #5656, #649, #3844, #1582, #79, #4624, #3151, #3703, #2013, #7121, #7303 ) ) ;
#2622 = CARTESIAN_POINT ( 'NONE',  ( 1.949999999999999956, 1.109999999999987663, -4.655000000000000249 ) ) ;
#2623 = EDGE_CURVE ( 'NONE', #5316, #4337, #2103, .T. ) ;
#2624 = FACE_OUTER_BOUND ( 'NONE', #6677, .T. ) ;
#2625 = CARTESIAN_POINT ( 'NONE',  ( -1.050000000000000266, 1.750000000000000000, -4.325000000000002842 ) ) ;
#2626 = DIRECTION ( 'NONE',  ( 1.000000000000000000, 0.000000000000000000, -0.000000000000000000 ) ) ;
#2627 = EDGE_CURVE ( 'NONE', #2025, #2341, #1740, .T. ) ;
#2628 = DIRECTION ( 'NONE',  ( -0.000000000000000000, -0.000000000000000000, -1.000000000000000000 ) ) ;
#2629 = AXIS2_PLACEMENT_3D ( 'NONE', #3003, #5353, #4776 ) ;
#2630 = DIRECTION ( 'NONE',  ( 1.000000000000000000, 0.000000000000000000, 0.000000000000000000 ) ) ;
#2631 = VERTEX_POINT ( 'NONE', #943 ) ;
#2632 = ORIENTED_EDGE ( 'NONE', *, *, #6226, .T. ) ;
#2633 = LINE ( 'NONE', #2669, #4032 ) ;
#2634 = FILL_AREA_STYLE ('',( #4441 ) ) ;
#2635 = COLOUR_RGB ( '',0.7921568627450980005, 0.8196078431372548767, 0.9333333333333333481 ) ;
#2636 = CARTESIAN_POINT ( 'NONE',  ( 2.084999999999999964, 0.8150000000000123812, -4.235000000000000320 ) ) ;
#2637 = EDGE_CURVE ( 'NONE', #4647, #6768, #3281, .T. ) ;
#2638 = ADVANCED_FACE ( 'NONE', ( #5054 ), #6828, .F. ) ;
#2639 = EDGE_CURVE ( 'NONE', #2570, #741, #5282, .T. ) ;
#2640 = LINE ( 'NONE', #2805, #7583 ) ;
#2641 = ORIENTED_EDGE ( 'NONE', *, *, #6852, .T. ) ;
#2642 = ORIENTED_EDGE ( 'NONE', *, *, #1034, .F. ) ;
#2643 = LINE ( 'NONE', #6833, #7461 ) ;
#2644 = ORIENTED_EDGE ( 'NONE', *, *, #4597, .T. ) ;
#2645 = DIRECTION ( 'NONE',  ( 0.06975647374411914070, 0.9975640502598247528, -0.000000000000000000 ) ) ;
#2646 = DIRECTION ( 'NONE',  ( 1.000000000000000000, -8.993001040601393045E-16, 0.000000000000000000 ) ) ;
#2647 = EDGE_CURVE ( 'NONE', #3169, #4375, #2329, .T. ) ;
#2648 = CARTESIAN_POINT ( 'NONE',  ( -2.160000000000000142, 0.8150000000000123812, 2.964999999999999858 ) ) ;
#2649 = AXIS2_PLACEMENT_3D ( 'NONE', #4137, #6485, #5904 ) ;
#2650 = ORIENTED_EDGE ( 'NONE', *, *, #1957, .F. ) ;
#2651 = ORIENTED_EDGE ( 'NONE', *, *, #793, .F. ) ;
#2652 = CARTESIAN_POINT ( 'NONE',  ( -2.379999999999975913, 0.8150000000000123812, 4.655000000000000249 ) ) ;
#2653 = VECTOR ( 'NONE', #3152, 1000.000000000000000 ) ;
#2654 = LINE ( 'NONE', #3768, #5637 ) ;
#2655 =( GEOMETRIC_REPRESENTATION_CONTEXT ( 3 ) GLOBAL_UNCERTAINTY_ASSIGNED_CONTEXT ( ( #4517 ) ) GLOBAL_UNIT_ASSIGNED_CONTEXT ( ( #2493, #177, #7136 ) ) REPRESENTATION_CONTEXT ( 'NONE', 'WORKASPACE' ) );
#2656 = ORIENTED_EDGE ( 'NONE', *, *, #3622, .F. ) ;
#2657 = EDGE_CURVE ( 'NONE', #5397, #445, #7091, .T. ) ;
#2658 = CARTESIAN_POINT ( 'NONE',  ( 2.084999999999999964, 0.8900000000000122258, -1.694999999999999840 ) ) ;
#2659 = ORIENTED_EDGE ( 'NONE', *, *, #7493, .F. ) ;
#2660 = CARTESIAN_POINT ( 'NONE',  ( -2.160000000000000142, 0.8150000000000123812, -4.235000000000000320 ) ) ;
#2661 = CARTESIAN_POINT ( 'NONE',  ( -1.050000000000000266, 1.700000000000000178, -4.100000000000002309 ) ) ;
#2662 = DIRECTION ( 'NONE',  ( 1.000000000000000000, 0.000000000000000000, -0.000000000000000000 ) ) ;
#2663 = DIRECTION ( 'NONE',  ( -1.000000000000000000, 0.000000000000000000, 0.000000000000000000 ) ) ;
#2664 = CARTESIAN_POINT ( 'NONE',  ( 2.984653575776294865, -3.794707603699265519E-16, 3.384999999999999787 ) ) ;
#2665 = VECTOR ( 'NONE', #5358, 1000.000000000000227 ) ;
#2666 = CARTESIAN_POINT ( 'NONE',  ( 2.084999999999999964, 0.8900000000000122258, -0.8450000000000003064 ) ) ;
#2667 = ORIENTED_EDGE ( 'NONE', *, *, #6977, .T. ) ;
#2668 = ORIENTED_EDGE ( 'NONE', *, *, #3263, .T. ) ;
#2669 = CARTESIAN_POINT ( 'NONE',  ( -2.084999999999999964, 0.8900000000000123368, 3.384999999999999787 ) ) ;
#2670 = LINE ( 'NONE', #902, #2345 ) ;
#2671 = AXIS2_PLACEMENT_3D ( 'NONE', #6540, #35, #2995 ) ;
#2672 = PLANE ( 'NONE',  #7348 ) ;
#2673 = ORIENTED_EDGE ( 'NONE', *, *, #5689, .T. ) ;
#2674 = ORIENTED_EDGE ( 'NONE', *, *, #974, .T. ) ;
#2675 = CARTESIAN_POINT ( 'NONE',  ( 2.159999999999999698, 0.3327573459224363317, 0.8450000000000003064 ) ) ;
#2676 = EDGE_LOOP ( 'NONE', ( #6350, #3764, #918, #7101 ) ) ;
#2677 = LINE ( 'NONE', #2749, #6022 ) ;
#2678 = AXIS2_PLACEMENT_3D ( 'NONE', #7530, #1453, #6791 ) ;
#2679 = LINE ( 'NONE', #442, #4423 ) ;
#2680 = AXIS2_PLACEMENT_3D ( 'NONE', #5602, #331, #7366 ) ;
#2681 = LINE ( 'NONE', #6766, #3798 ) ;
#2682 = AXIS2_PLACEMENT_3D ( 'NONE', #5987, #3067, #7219 ) ;
#2683 = EDGE_LOOP ( 'NONE', ( #3502, #6196, #4975, #2703 ) ) ;
#2684 = VERTEX_POINT ( 'NONE', #4010 ) ;
#2685 = CARTESIAN_POINT ( 'NONE',  ( -1.950000000000000400, 0.8900000000000123368, 1.695000000000000284 ) ) ;
#2686 = AXIS2_PLACEMENT_3D ( 'NONE', #3930, #1014, #5703 ) ;
#2687 = VERTEX_POINT ( 'NONE', #2244 ) ;
#2688 = DIRECTION ( 'NONE',  ( 0.000000000000000000, -0.000000000000000000, 1.000000000000000000 ) ) ;
#2689 = VECTOR ( 'NONE', #3073, 1000.000000000000000 ) ;
#2690 = DIRECTION ( 'NONE',  ( 1.000000000000000000, 0.000000000000000000, 0.000000000000000000 ) ) ;
#2691 = CARTESIAN_POINT ( 'NONE',  ( 2.454999999999975646, 0.3327573459224363317, -3.384999999999999787 ) ) ;
#2692 = VERTEX_POINT ( 'NONE', #4051 ) ;
#2693 = SURFACE_SIDE_STYLE ('',( #966 ) ) ;
#2694 = PLANE ( 'NONE',  #1665 ) ;
#2695 = CARTESIAN_POINT ( 'NONE',  ( 2.454999999999975646, 0.3327573459224363317, 0.8450000000000003064 ) ) ;
#2696 = CARTESIAN_POINT ( 'NONE',  ( -2.454999999999975646, 0.3327573459224363317, 0.8450000000000003064 ) ) ;
#2697 = ADVANCED_FACE ( 'NONE', ( #2366 ), #6399, .F. ) ;
#2698 = EDGE_CURVE ( 'NONE', #3612, #897, #5242, .T. ) ;
#2699 = LINE ( 'NONE', #857, #3942 ) ;
#2700 = VECTOR ( 'NONE', #4754, 1000.000000000000000 ) ;
#2701 = ADVANCED_FACE ( 'NONE', ( #3389 ), #6355, .F. ) ;
#2702 = CARTESIAN_POINT ( 'NONE',  ( 2.084999999999999964, 0.8900000000000122258, 0.8450000000000003064 ) ) ;
#2703 = ORIENTED_EDGE ( 'NONE', *, *, #118, .T. ) ;
#2704 = ORIENTED_EDGE ( 'NONE', *, *, #6356, .F. ) ;
#2705 = DIRECTION ( 'NONE',  ( -0.000000000000000000, -0.000000000000000000, -1.000000000000000000 ) ) ;
#2706 = AXIS2_PLACEMENT_3D ( 'NONE', #4480, #3934, #5122 ) ;
#2707 = DIRECTION ( 'NONE',  ( 1.000000000000000000, 8.031127203596346379E-16, 0.000000000000000000 ) ) ;
#2708 = DIRECTION ( 'NONE',  ( -0.000000000000000000, -0.000000000000000000, -1.000000000000000000 ) ) ;
#2709 = ORIENTED_EDGE ( 'NONE', *, *, #1599, .F. ) ;
#2710 = ORIENTED_EDGE ( 'NONE', *, *, #89, .T. ) ;
#2711 = DIRECTION ( 'NONE',  ( -1.000000000000000000, 0.000000000000000000, 0.000000000000000000 ) ) ;
#2712 = CIRCLE ( 'NONE', #7015, 0.07500000000000041356 ) ;
#2713 = ORIENTED_EDGE ( 'NONE', *, *, #5201, .T. ) ;
#2714 = CYLINDRICAL_SURFACE ( 'NONE', #4044, 0.07500000000000041356 ) ;
#2715 = EDGE_CURVE ( 'NONE', #6135, #6074, #588, .T. ) ;
#2716 = CARTESIAN_POINT ( 'NONE',  ( -2.160000000000000142, 0.8150000000000123812, 4.235000000000000320 ) ) ;
#2717 = EDGE_CURVE ( 'NONE', #339, #1440, #6539, .T. ) ;
#2718 = VECTOR ( 'NONE', #2512, 1000.000000000000000 ) ;
#2719 = VECTOR ( 'NONE', #6511, 1000.000000000000000 ) ;
#2720 = DIRECTION ( 'NONE',  ( -1.000000000000000000, 0.000000000000000000, 0.000000000000000000 ) ) ;
#2721 = ORIENTED_EDGE ( 'NONE', *, *, #1292, .F. ) ;
#2722 = ORIENTED_EDGE ( 'NONE', *, *, #6658, .F. ) ;
#2723 = CARTESIAN_POINT ( 'NONE',  ( -1.050000000000000266, 1.700000000000000178, -4.325000000000002842 ) ) ;
#2724 = VERTEX_POINT ( 'NONE', #1675 ) ;
#2725 = CARTESIAN_POINT ( 'NONE',  ( 1.949999999999999067, 0.2500000000000000000, -4.837150732346583659 ) ) ;
#2726 = PLANE ( 'NONE',  #1696 ) ;
#2727 = EDGE_CURVE ( 'NONE', #1802, #3605, #5780, .T. ) ;
#2728 = DIRECTION ( 'NONE',  ( -0.000000000000000000, -0.000000000000000000, -1.000000000000000000 ) ) ;
#2729 = ORIENTED_EDGE ( 'NONE', *, *, #5895, .F. ) ;
#2730 = DIRECTION ( 'NONE',  ( -0.000000000000000000, -0.000000000000000000, -1.000000000000000000 ) ) ;
#2731 = DIRECTION ( 'NONE',  ( 0.9975640502598246417, -0.06975647374411912682, -0.000000000000000000 ) ) ;
#2732 = LINE ( 'NONE', #933, #3023 ) ;
#2733 = CARTESIAN_POINT ( 'NONE',  ( 2.434421840245462487, 0.03847595109581208178, -2.964999999999999858 ) ) ;
#2734 = CARTESIAN_POINT ( 'NONE',  ( 3.000000000000000000, 0.2194640910571372949, -4.655000000000000249 ) ) ;
#2735 = CARTESIAN_POINT ( 'NONE',  ( 2.454999999999975646, 0.3327573459224363317, -2.115000000000000213 ) ) ;
#2736 = CARTESIAN_POINT ( 'NONE',  ( 2.084999999999999964, 1.109999999999987885, 4.655000000000000249 ) ) ;
#2737 = ORIENTED_EDGE ( 'NONE', *, *, #7108, .T. ) ;
#2738 = ORIENTED_EDGE ( 'NONE', *, *, #1251, .T. ) ;
#2739 = DIRECTION ( 'NONE',  ( -0.000000000000000000, -0.000000000000000000, -1.000000000000000000 ) ) ;
#2740 = PRODUCT_DEFINITION_CONTEXT ( 'detailed design', #5728, 'design' ) ;
#2741 = SURFACE_SIDE_STYLE ('',( #3242 ) ) ;
#2742 = EDGE_CURVE ( 'NONE', #4823, #1358, #5045, .T. ) ;
#2743 = CARTESIAN_POINT ( 'NONE',  ( -2.449768264469166734, 0.2579400421529493004, -2.115000000000000213 ) ) ;
#2744 = EDGE_CURVE ( 'NONE', #7284, #73, #2976, .T. ) ;
#2745 = VERTEX_POINT ( 'NONE', #1763 ) ;
#2746 = ORIENTED_EDGE ( 'NONE', *, *, #57, .F. ) ;
#2747 = CARTESIAN_POINT ( 'NONE',  ( 2.084999999999999964, 0.8150000000000123812, -0.4250000000000000444 ) ) ;
#2748 = VERTEX_POINT ( 'NONE', #6436 ) ;
#2749 = CARTESIAN_POINT ( 'NONE',  ( 1.949999999999999956, 1.109999999999987663, 0.8450000000000003064 ) ) ;
#2750 = LINE ( 'NONE', #1575, #6642 ) ;
#2751 = FACE_OUTER_BOUND ( 'NONE', #850, .T. ) ;
#2752 = EDGE_CURVE ( 'NONE', #3808, #6911, #6772, .T. ) ;
#2753 = ORIENTED_EDGE ( 'NONE', *, *, #720, .F. ) ;
#2754 = VERTEX_POINT ( 'NONE', #52 ) ;
#2755 = CARTESIAN_POINT ( 'NONE',  ( -3.000000000000000000, 0.2194640910571372949, -0.4250000000000000444 ) ) ;
#2756 = ORIENTED_EDGE ( 'NONE', *, *, #1670, .T. ) ;
#2757 = CARTESIAN_POINT ( 'NONE',  ( -2.160000000000000142, 0.8150000000000123812, -4.235000000000000320 ) ) ;
#2758 = AXIS2_PLACEMENT_3D ( 'NONE', #2470, #117, #4312 ) ;
#2759 = CARTESIAN_POINT ( 'NONE',  ( 2.084999999999999964, 0.8900000000000122258, 0.8450000000000003064 ) ) ;
#2760 = AXIS2_PLACEMENT_3D ( 'NONE', #6340, #2730, #2795 ) ;
#2761 = EDGE_LOOP ( 'NONE', ( #4386, #1365, #7320, #6263 ) ) ;
#2762 = CARTESIAN_POINT ( 'NONE',  ( -2.084999999999999964, 1.109999999999987663, -2.115000000000000213 ) ) ;
#2763 = EDGE_CURVE ( 'NONE', #3818, #563, #5159, .T. ) ;
#2764 = CARTESIAN_POINT ( 'NONE',  ( -3.000000000000000000, 0.2194640910571372949, 3.384999999999999787 ) ) ;
#2765 =( GEOMETRIC_REPRESENTATION_CONTEXT ( 3 ) GLOBAL_UNCERTAINTY_ASSIGNED_CONTEXT ( ( #5590 ) ) GLOBAL_UNIT_ASSIGNED_CONTEXT ( ( #5410, #7288, #1885 ) ) REPRESENTATION_CONTEXT ( 'NONE', 'WORKASPACE' ) );
#2766 = CARTESIAN_POINT ( 'NONE',  ( -2.159999999999999698, 0.3327573459224363317, 0.4250000000000000444 ) ) ;
#2767 = FACE_OUTER_BOUND ( 'NONE', #6681, .T. ) ;
#2768 = VECTOR ( 'NONE', #2788, 1000.000000000000114 ) ;
#2769 = VECTOR ( 'NONE', #822, 1000.000000000000000 ) ;
#2770 = DIRECTION ( 'NONE',  ( -0.000000000000000000, -0.000000000000000000, -1.000000000000000000 ) ) ;
#2771 = ORIENTED_EDGE ( 'NONE', *, *, #2415, .F. ) ;
#2772 = ORIENTED_EDGE ( 'NONE', *, *, #1599, .T. ) ;
#2773 = DIRECTION ( 'NONE',  ( -0.06975647374411914070, 0.9975640502598247528, 0.000000000000000000 ) ) ;
#2774 = PRESENTATION_STYLE_ASSIGNMENT (( #5013 ) ) ;
#2775 = PLANE ( 'NONE',  #914 ) ;
#2776 = ADVANCED_FACE ( 'NONE', ( #15 ), #2853, .T. ) ;
#2777 = VECTOR ( 'NONE', #7524, 1000.000000000000000 ) ;
#2778 = FACE_OUTER_BOUND ( 'NONE', #1308, .T. ) ;
#2779 = ORIENTED_EDGE ( 'NONE', *, *, #5956, .F. ) ;
#2780 = VERTEX_POINT ( 'NONE', #6974 ) ;
#2781 = LINE ( 'NONE', #4563, #6497 ) ;
#2782 = CARTESIAN_POINT ( 'NONE',  ( 2.984653575776294865, -3.794707603699265519E-16, -4.235000000000000320 ) ) ;
#2783 = DIRECTION ( 'NONE',  ( -0.000000000000000000, -0.000000000000000000, -1.000000000000000000 ) ) ;
#2784 = EDGE_CURVE ( 'NONE', #6233, #393, #266, .T. ) ;
#2785 = CARTESIAN_POINT ( 'NONE',  ( 1.949999999999999956, 0.8900000000000123368, -4.655000000000000249 ) ) ;
#2786 = ORIENTED_EDGE ( 'NONE', *, *, #5304, .F. ) ;
#2787 = EDGE_LOOP ( 'NONE', ( #1344, #4736, #1417, #5214 ) ) ;
#2788 = DIRECTION ( 'NONE',  ( 0.06975647374412144441, -0.9975640502598245307, 0.000000000000000000 ) ) ;
#2789 = ORIENTED_EDGE ( 'NONE', *, *, #2963, .F. ) ;
#2790 = LINE ( 'NONE', #5688, #5886 ) ;
#2791 = PRESENTATION_LAYER_ASSIGNMENT (  '', '', ( #6125 ) ) ;
#2792 = DIRECTION ( 'NONE',  ( -1.000000000000000000, 0.000000000000000000, 0.000000000000000000 ) ) ;
#2793 = VECTOR ( 'NONE', #5485, 1000.000000000000000 ) ;
#2794 = EDGE_LOOP ( 'NONE', ( #168, #5416, #5343, #4458 ) ) ;
#2795 = DIRECTION ( 'NONE',  ( -1.000000000000000000, 0.000000000000000000, 0.000000000000000000 ) ) ;
#2796 = CARTESIAN_POINT ( 'NONE',  ( 2.984653575776294865, -3.794707603699265519E-16, -3.384999999999999787 ) ) ;
#2797 = PLANE ( 'NONE',  #7440 ) ;
#2798 = EDGE_CURVE ( 'NONE', #393, #6734, #5818, .T. ) ;
#2799 = VECTOR ( 'NONE', #4993, 1000.000000000000000 ) ;
#2800 = DIRECTION ( 'NONE',  ( 0.000000000000000000, 0.000000000000000000, 1.000000000000000000 ) ) ;
#2801 = EDGE_CURVE ( 'NONE', #27, #6194, #1406, .T. ) ;
#2802 = AXIS2_PLACEMENT_3D ( 'NONE', #407, #3872, #7404 ) ;
#2803 = CARTESIAN_POINT ( 'NONE',  ( -2.434421840245462487, 0.03847595109581208178, -0.8450000000000003064 ) ) ;
#2804 = ORIENTED_EDGE ( 'NONE', *, *, #2478, .F. ) ;
#2805 = CARTESIAN_POINT ( 'NONE',  ( -2.984653575776294865, -3.794707603699265519E-16, 0.4250000000000000444 ) ) ;
#2806 = VECTOR ( 'NONE', #7446, 1000.000000000000114 ) ;
#2807 = ORIENTED_EDGE ( 'NONE', *, *, #5216, .T. ) ;
#2808 = CARTESIAN_POINT ( 'NONE',  ( 1.949999999999999956, 1.109999999999987663, 2.964999999999999858 ) ) ;
#2809 = CARTESIAN_POINT ( 'NONE',  ( 2.449768264469166734, 0.2579400421529494669, 0.8450000000000003064 ) ) ;
#2810 = CARTESIAN_POINT ( 'NONE',  ( -2.379999999999975913, 0.8150000000000123812, -3.384999999999999787 ) ) ;
#2811 = CARTESIAN_POINT ( 'NONE',  ( 2.449768264469166734, 0.2579400421529494669, 3.384999999999999787 ) ) ;
#2812 = EDGE_CURVE ( 'NONE', #1204, #5709, #6522, .T. ) ;
#2813 = ORIENTED_EDGE ( 'NONE', *, *, #2437, .F. ) ;
#2814 = EDGE_CURVE ( 'NONE', #4666, #2516, #3165, .T. ) ;
#2815 = VECTOR ( 'NONE', #1299, 1000.000000000000000 ) ;
#2816 = ORIENTED_EDGE ( 'NONE', *, *, #6038, .F. ) ;
#2817 = VERTEX_POINT ( 'NONE', #6089 ) ;
#2818 = CARTESIAN_POINT ( 'NONE',  ( -2.984653575776294865, -3.794707603699265519E-16, -2.964999999999999858 ) ) ;
#2819 = LINE ( 'NONE', #5789, #5480 ) ;
#2820 = CARTESIAN_POINT ( 'NONE',  ( 2.159999999999999698, 0.3327573459224363317, -1.694999999999999840 ) ) ;
#2821 = LINE ( 'NONE', #5290, #4109 ) ;
#2822 = AXIS2_PLACEMENT_3D ( 'NONE', #2486, #666, #3706 ) ;
#2823 = LINE ( 'NONE', #600, #5427 ) ;
#2824 = ORIENTED_EDGE ( 'NONE', *, *, #5956, .T. ) ;
#2825 = ADVANCED_FACE ( 'NONE', ( #209 ), #2559, .F. ) ;
#2826 = ORIENTED_EDGE ( 'NONE', *, *, #2994, .T. ) ;
#2827 = DIRECTION ( 'NONE',  ( -0.000000000000000000, -0.000000000000000000, -1.000000000000000000 ) ) ;
#2828 = ADVANCED_FACE ( 'NONE', ( #7282 ), #5441, .F. ) ;
#2829 = ORIENTED_EDGE ( 'NONE', *, *, #3710, .F. ) ;
#2830 = FACE_OUTER_BOUND ( 'NONE', #6053, .T. ) ;
#2831 = ADVANCED_FACE ( 'NONE', ( #824 ), #249, .F. ) ;
#2832 = CIRCLE ( 'NONE', #6778, 0.07499999999999998335 ) ;
#2833 = LINE ( 'NONE', #2759, #2309 ) ;
#2834 = CARTESIAN_POINT ( 'NONE',  ( -2.379999999999975913, 0.8150000000000123812, 0.8450000000000003064 ) ) ;
#2835 = ORIENTED_EDGE ( 'NONE', *, *, #2141, .F. ) ;
#2836 = EDGE_CURVE ( 'NONE', #5386, #5921, #786, .T. ) ;
#2837 = VECTOR ( 'NONE', #1521, 1000.000000000000000 ) ;
#2838 = FILL_AREA_STYLE_COLOUR ( '', #5999 ) ;
#2839 = DIRECTION ( 'NONE',  ( -0.06975647374412144441, 0.9975640502598245307, 0.000000000000000000 ) ) ;
#2840 = DIRECTION ( 'NONE',  ( 8.031127203596320741E-16, 1.000000000000000000, -0.000000000000000000 ) ) ;
#2841 = LINE ( 'NONE', #7563, #2113 ) ;
#2842 = CARTESIAN_POINT ( 'NONE',  ( 2.449768264469166734, 0.2579400421529494669, 2.115000000000000657 ) ) ;
#2843 = CARTESIAN_POINT ( 'NONE',  ( 2.379999999999975469, 0.3327573459224363317, 3.384999999999999787 ) ) ;
#2844 = ORIENTED_EDGE ( 'NONE', *, *, #1887, .F. ) ;
#2845 = CARTESIAN_POINT ( 'NONE',  ( 2.434421840245462487, 0.03847595109581208178, -0.4250000000000000444 ) ) ;
#2846 = EDGE_CURVE ( 'NONE', #897, #223, #3053, .T. ) ;
#2847 = EDGE_CURVE ( 'NONE', #4192, #5754, #172, .T. ) ;
#2848 = VERTEX_POINT ( 'NONE', #3132 ) ;
#2850 = DIRECTION ( 'NONE',  ( -0.000000000000000000, -0.000000000000000000, -1.000000000000000000 ) ) ;
#2849 = DIRECTION ( 'NONE',  ( -8.993001040601393045E-16, 1.000000000000000000, 0.000000000000000000 ) ) ;
#2851 = CARTESIAN_POINT ( 'NONE',  ( 2.454999999999975646, 0.3327573459224363317, 4.655000000000000249 ) ) ;
#2852 = DIRECTION ( 'NONE',  ( -0.9975640502598246417, -0.06975647374411912682, 0.000000000000000000 ) ) ;
#2853 = CYLINDRICAL_SURFACE ( 'NONE', #4319, 0.2949999999999756151 ) ;
#2854 = VERTEX_POINT ( 'NONE', #5937 ) ;
#2855 = ORIENTED_EDGE ( 'NONE', *, *, #5106, .F. ) ;
#2856 = ORIENTED_EDGE ( 'NONE', *, *, #720, .T. ) ;
#2857 = CARTESIAN_POINT ( 'NONE',  ( -1.950000000000000400, 0.8900000000000123368, 0.8450000000000003064 ) ) ;
#2858 = CARTESIAN_POINT ( 'NONE',  ( 2.084999999999999964, 1.109999999999987885, -4.655000000000000249 ) ) ;
#2859 = EDGE_CURVE ( 'NONE', #368, #2555, #5291, .T. ) ;
#2860 = LINE ( 'NONE', #7022, #5035 ) ;
#2861 = EDGE_CURVE ( 'NONE', #1102, #522, #3097, .T. ) ;
#2862 = FACE_OUTER_BOUND ( 'NONE', #3698, .T. ) ;
#2863 = AXIS2_PLACEMENT_3D ( 'NONE', #7448, #3884, #6882 ) ;
#2864 = DIRECTION ( 'NONE',  ( -0.000000000000000000, -0.000000000000000000, -1.000000000000000000 ) ) ;
#2865 = ORIENTED_EDGE ( 'NONE', *, *, #5523, .F. ) ;
#2866 = VERTEX_POINT ( 'NONE', #2444 ) ;
#2867 = CARTESIAN_POINT ( 'NONE',  ( -1.950000000000000400, 0.8900000000000123368, 1.695000000000000284 ) ) ;
#2868 = VERTEX_POINT ( 'NONE', #1950 ) ;
#2869 = CARTESIAN_POINT ( 'NONE',  ( 3.000000000000000000, 0.2194640910571372949, -3.384999999999999787 ) ) ;
#2870 = DIRECTION ( 'NONE',  ( -0.000000000000000000, -0.000000000000000000, -1.000000000000000000 ) ) ;
#2871 = VECTOR ( 'NONE', #3626, 1000.000000000000000 ) ;
#2872 = EDGE_CURVE ( 'NONE', #3914, #3865, #1748, .T. ) ;
#2873 = LINE ( 'NONE', #2426, #1618 ) ;
#2874 = AXIS2_PLACEMENT_3D ( 'NONE', #3522, #3599, #1808 ) ;
#2875 = LINE ( 'NONE', #7557, #3232 ) ;
#2876 = VERTEX_POINT ( 'NONE', #4787 ) ;
#2877 = CARTESIAN_POINT ( 'NONE',  ( 2.449768264469166734, 0.2579400421529494669, -1.694999999999999840 ) ) ;
#2878 = LINE ( 'NONE', #5884, #4863 ) ;
#2879 = LINE ( 'NONE', #6963, #2777 ) ;
#2880 = CARTESIAN_POINT ( 'NONE',  ( -3.000000000000000000, 0.2194640910571372949, 4.655000000000000249 ) ) ;
#2881 = EDGE_CURVE ( 'NONE', #7200, #320, #7132, .T. ) ;
#2882 = VECTOR ( 'NONE', #737, 1000.000000000000227 ) ;
#2883 = AXIS2_PLACEMENT_3D ( 'NONE', #4920, #1936, #3692 ) ;
#2884 = SURFACE_SIDE_STYLE ('',( #6820 ) ) ;
#2885 = CARTESIAN_POINT ( 'NONE',  ( -2.084999999999999964, 1.109999999999987663, -0.8450000000000003064 ) ) ;
#2886 = VERTEX_POINT ( 'NONE', #1290 ) ;
#2887 = DIRECTION ( 'NONE',  ( -0.000000000000000000, -0.000000000000000000, -1.000000000000000000 ) ) ;
#2888 = ORIENTED_EDGE ( 'NONE', *, *, #1921, .T. ) ;
#2890 = FACE_OUTER_BOUND ( 'NONE', #3240, .T. ) ;
#2889 = DIRECTION ( 'NONE',  ( -0.000000000000000000, -0.000000000000000000, -1.000000000000000000 ) ) ;
#2891 = CARTESIAN_POINT ( 'NONE',  ( 2.454999999999975646, 0.3327573459224363317, 2.115000000000000657 ) ) ;
#2892 = VECTOR ( 'NONE', #5648, 1000.000000000000000 ) ;
#2893 = LINE ( 'NONE', #3471, #5463 ) ;
#2894 = DIRECTION ( 'NONE',  ( -1.000000000000000000, -8.993001040601393045E-16, 0.000000000000000000 ) ) ;
#2895 = STYLED_ITEM ( 'NONE', ( #5279 ), #6476 ) ;
#2896 = EDGE_CURVE ( 'NONE', #7254, #5971, #3628, .T. ) ;
#2897 = ORIENTED_EDGE ( 'NONE', *, *, #911, .F. ) ;
#2898 = ORIENTED_EDGE ( 'NONE', *, *, #4996, .T. ) ;
#2899 = ORIENTED_EDGE ( 'NONE', *, *, #6847, .F. ) ;
#2900 = CARTESIAN_POINT ( 'NONE',  ( 3.000000000000000000, 0.2194640910571372949, -4.655000000000000249 ) ) ;
#2901 = AXIS2_PLACEMENT_3D ( 'NONE', #3811, #4390, #2662 ) ;
#2902 = CARTESIAN_POINT ( 'NONE',  ( 1.949999999999999956, 1.109999999999987663, -0.4250000000000000444 ) ) ;
#2903 = DIRECTION ( 'NONE',  ( -0.000000000000000000, -0.000000000000000000, -1.000000000000000000 ) ) ;
#2904 = ADVANCED_FACE ( 'NONE', ( #7169 ), #1912, .F. ) ;
#2905 = DIRECTION ( 'NONE',  ( -1.000000000000000000, 0.000000000000000000, 0.000000000000000000 ) ) ;
#2906 = CARTESIAN_POINT ( 'NONE',  ( -2.434421840245462487, 0.03847595109581208178, -2.964999999999999858 ) ) ;
#2907 = ORIENTED_EDGE ( 'NONE', *, *, #5882, .F. ) ;
#2908 = ORIENTED_EDGE ( 'NONE', *, *, #3256, .T. ) ;
#2909 = LINE ( 'NONE', #6951, #7199 ) ;
#2910 = ORIENTED_EDGE ( 'NONE', *, *, #2437, .T. ) ;
#2911 = DIRECTION ( 'NONE',  ( -1.000000000000000000, 0.000000000000000000, 0.000000000000000000 ) ) ;
#2912 = LINE ( 'NONE', #1778, #6409 ) ;
#2913 = DIRECTION ( 'NONE',  ( -1.000000000000000000, 0.000000000000000000, 0.000000000000000000 ) ) ;
#2914 = DIRECTION ( 'NONE',  ( -0.000000000000000000, -0.000000000000000000, -1.000000000000000000 ) ) ;
#2915 = ORIENTED_EDGE ( 'NONE', *, *, #2861, .T. ) ;
#2916 = CARTESIAN_POINT ( 'NONE',  ( 2.160000000000000142, 0.8150000000000123812, 1.695000000000000284 ) ) ;
#2917 = DIRECTION ( 'NONE',  ( 0.9975640502598246417, 0.06975647374411851620, 0.000000000000000000 ) ) ;
#2918 = DIRECTION ( 'NONE',  ( -0.000000000000000000, -0.000000000000000000, -1.000000000000000000 ) ) ;
#2919 = VECTOR ( 'NONE', #3775, 1000.000000000000000 ) ;
#2920 = PLANE ( 'NONE',  #3708 ) ;
#2921 = VECTOR ( 'NONE', #593, 1000.000000000000227 ) ;
#2922 = ORIENTED_EDGE ( 'NONE', *, *, #415, .T. ) ;
#2923 = PLANE ( 'NONE',  #4071 ) ;
#2924 = EDGE_LOOP ( 'NONE', ( #1544, #5067, #5708, #6121 ) ) ;
#2925 = CARTESIAN_POINT ( 'NONE',  ( 2.379999999999975913, 0.8150000000000123812, 0.8450000000000003064 ) ) ;
#2926 = AXIS2_PLACEMENT_3D ( 'NONE', #2568, #6532, #1960 ) ;
#2927 = ORIENTED_EDGE ( 'NONE', *, *, #775, .F. ) ;
#2928 = EDGE_CURVE ( 'NONE', #6015, #993, #4188, .T. ) ;
#2930 = DIRECTION ( 'NONE',  ( 1.000000000000000000, 0.000000000000000000, -0.000000000000000000 ) ) ;
#2929 = DIRECTION ( 'NONE',  ( 0.9975640502598246417, 0.06975647374411851620, 0.000000000000000000 ) ) ;
#2931 = EDGE_CURVE ( 'NONE', #6321, #976, #1991, .T. ) ;
#2932 = VECTOR ( 'NONE', #7340, 1000.000000000000000 ) ;
#2933 = CARTESIAN_POINT ( 'NONE',  ( 3.000000000000000000, 0.2194640910571372949, 4.655000000000000249 ) ) ;
#2934 = DIRECTION ( 'NONE',  ( -0.9975640502598246417, 0.06975647374411851620, -0.000000000000000000 ) ) ;
#2935 = EDGE_CURVE ( 'NONE', #1772, #741, #3204, .T. ) ;
#2936 = AXIS2_PLACEMENT_3D ( 'NONE', #414, #7378, #343 ) ;
#2937 = ORIENTED_EDGE ( 'NONE', *, *, #2798, .F. ) ;
#2938 = ORIENTED_EDGE ( 'NONE', *, *, #1921, .F. ) ;
#2939 = DIRECTION ( 'NONE',  ( -0.000000000000000000, -0.000000000000000000, -1.000000000000000000 ) ) ;
#2940 = FACE_OUTER_BOUND ( 'NONE', #1573, .T. ) ;
#2941 = DIRECTION ( 'NONE',  ( -0.000000000000000000, -0.000000000000000000, -1.000000000000000000 ) ) ;
#2942 = VECTOR ( 'NONE', #1058, 1000.000000000000114 ) ;
#2943 = PLANE ( 'NONE',  #4854 ) ;
#2944 = CYLINDRICAL_SURFACE ( 'NONE', #6251, 0.2949999999999762812 ) ;
#2945 = ORIENTED_EDGE ( 'NONE', *, *, #1486, .T. ) ;
#2946 = EDGE_CURVE ( 'NONE', #3027, #7550, #7315, .T. ) ;
#2947 = ORIENTED_EDGE ( 'NONE', *, *, #935, .T. ) ;
#2948 = DIRECTION ( 'NONE',  ( -0.000000000000000000, -0.000000000000000000, -1.000000000000000000 ) ) ;
#2949 = ORIENTED_EDGE ( 'NONE', *, *, #3351, .F. ) ;
#2950 = DIRECTION ( 'NONE',  ( 0.000000000000000000, 0.000000000000000000, 1.000000000000000000 ) ) ;
#2951 = ADVANCED_FACE ( 'NONE', ( #2054 ), #4393, .F. ) ;
#2952 = VECTOR ( 'NONE', #327, 1000.000000000000114 ) ;
#2953 = CYLINDRICAL_SURFACE ( 'NONE', #5432, 0.07499999999999998335 ) ;
#2954 = PLANE ( 'NONE',  #5538 ) ;
#2955 = VECTOR ( 'NONE', #227, 1000.000000000000000 ) ;
#2956 =( NAMED_UNIT ( * ) PLANE_ANGLE_UNIT ( ) SI_UNIT ( $, .RADIAN. ) );
#2957 = ORIENTED_EDGE ( 'NONE', *, *, #1368, .T. ) ;
#2958 = ORIENTED_EDGE ( 'NONE', *, *, #2298, .F. ) ;
#2959 = CARTESIAN_POINT ( 'NONE',  ( -1.950000000000000400, 1.109999999999987663, -2.115000000000000213 ) ) ;
#2960 = CARTESIAN_POINT ( 'NONE',  ( -2.159999999999999698, 0.3327573459224363317, -4.235000000000000320 ) ) ;
#2961 = VECTOR ( 'NONE', #3272, 1000.000000000000227 ) ;
#2962 = CARTESIAN_POINT ( 'NONE',  ( 1.949999999999999956, 0.8900000000000123368, 0.8450000000000003064 ) ) ;
#2963 = EDGE_CURVE ( 'NONE', #563, #4939, #7420, .T. ) ;
#2964 = DIRECTION ( 'NONE',  ( -0.000000000000000000, -0.000000000000000000, -1.000000000000000000 ) ) ;
#2965 = EDGE_CURVE ( 'NONE', #7399, #4588, #3311, .T. ) ;
#2966 = EDGE_LOOP ( 'NONE', ( #2569, #3975, #7145, #4879, #2897, #590, #1651, #7339, #680, #2422, #6988, #6582 ) ) ;
#2967 = VECTOR ( 'NONE', #2346, 1000.000000000000000 ) ;
#2968 = DIRECTION ( 'NONE',  ( -1.000000000000000000, 0.000000000000000000, 0.000000000000000000 ) ) ;
#2969 = ORIENTED_EDGE ( 'NONE', *, *, #2373, .T. ) ;
#2970 = DIRECTION ( 'NONE',  ( 0.000000000000000000, 0.000000000000000000, 1.000000000000000000 ) ) ;
#2971 = ORIENTED_EDGE ( 'NONE', *, *, #2784, .T. ) ;
#2973 = CARTESIAN_POINT ( 'NONE',  ( -2.084999999999999964, 1.109999999999987663, -4.235000000000000320 ) ) ;
#2972 = CARTESIAN_POINT ( 'NONE',  ( 2.379999999999975913, 0.8150000000000123812, -3.384999999999999787 ) ) ;
#2974 = DIRECTION ( 'NONE',  ( -0.9975640502598245307, 0.06975647374412144441, 0.000000000000000000 ) ) ;
#2975 = DIRECTION ( 'NONE',  ( -0.9975640502598246417, 0.06975647374411851620, -0.000000000000000000 ) ) ;
#2976 = LINE ( 'NONE', #472, #3815 ) ;
#2977 = EDGE_CURVE ( 'NONE', #6767, #242, #4471, .T. ) ;
#2978 = ORIENTED_EDGE ( 'NONE', *, *, #3825, .T. ) ;
#2979 = CLOSED_SHELL ( 'NONE', ( #2406, #5179, #5661, #5539, #3568, #4437, #7369, #5105, #3119, #350, #4520, #3843, #3918, #6431 ) ) ;
#2980 = ORIENTED_EDGE ( 'NONE', *, *, #5995, .F. ) ;
#2981 = LINE ( 'NONE', #6363, #3291 ) ;
#2982 = LINE ( 'NONE', #58, #5595 ) ;
#2983 = DIRECTION ( 'NONE',  ( -0.000000000000000000, -0.000000000000000000, -1.000000000000000000 ) ) ;
#2984 = EDGE_CURVE ( 'NONE', #6319, #4282, #5625, .T. ) ;
#2985 = DIRECTION ( 'NONE',  ( -0.000000000000000000, -0.000000000000000000, -1.000000000000000000 ) ) ;
#2986 = CARTESIAN_POINT ( 'NONE',  ( -2.084999999999999964, 0.8150000000000123812, 4.655000000000000249 ) ) ;
#2987 = EDGE_LOOP ( 'NONE', ( #6950, #3197, #5784, #7492 ) ) ;
#2988 = ORIENTED_EDGE ( 'NONE', *, *, #7568, .F. ) ;
#2989 = DIRECTION ( 'NONE',  ( -1.000000000000000000, 0.000000000000000000, -0.000000000000000000 ) ) ;
#2990 = VERTEX_POINT ( 'NONE', #3813 ) ;
#2991 = FACE_OUTER_BOUND ( 'NONE', #2604, .T. ) ;
#2992 = DIRECTION ( 'NONE',  ( 0.06975647374412144441, 0.9975640502598245307, -0.000000000000000000 ) ) ;
#2993 = AXIS2_PLACEMENT_3D ( 'NONE', #3089, #6010, #579 ) ;
#2994 = EDGE_CURVE ( 'NONE', #6246, #3141, #6782, .T. ) ;
#2995 = DIRECTION ( 'NONE',  ( -1.000000000000000000, 0.000000000000000000, 0.000000000000000000 ) ) ;
#2996 =( LENGTH_UNIT ( ) NAMED_UNIT ( * ) SI_UNIT ( .MILLI., .METRE. ) );
#2997 = ORIENTED_EDGE ( 'NONE', *, *, #4012, .T. ) ;
#2998 = CYLINDRICAL_SURFACE ( 'NONE', #5351, 0.07499999999999998335 ) ;
#2999 = VECTOR ( 'NONE', #4629, 1000.000000000000000 ) ;
#3000 = LINE ( 'NONE', #7157, #6601 ) ;
#3001 = DIRECTION ( 'NONE',  ( 0.000000000000000000, -1.000000000000000000, 0.000000000000000000 ) ) ;
#3002 = ORIENTED_EDGE ( 'NONE', *, *, #2612, .F. ) ;
#3003 = CARTESIAN_POINT ( 'NONE',  ( 2.084999999999999964, 0.8900000000000122258, 3.384999999999999787 ) ) ;
#3004 = ORIENTED_EDGE ( 'NONE', *, *, #7085, .F. ) ;
#3005 = ADVANCED_FACE ( 'NONE', ( #6169 ), #3924, .T. ) ;
#3006 = DIRECTION ( 'NONE',  ( 0.06975647374412144441, 0.9975640502598245307, -0.000000000000000000 ) ) ;
#3007 = VERTEX_POINT ( 'NONE', #2734 ) ;
#3009 = DIRECTION ( 'NONE',  ( -0.9975640502598246417, 0.06975647374411912682, 0.000000000000000000 ) ) ;
#3008 = CARTESIAN_POINT ( 'NONE',  ( 1.949999999999999956, 0.8900000000000123368, 4.655000000000000249 ) ) ;
#3010 = CARTESIAN_POINT ( 'NONE',  ( 3.000000000000000000, 0.2194640910571372949, -0.4250000000000000444 ) ) ;
#3011 = CARTESIAN_POINT ( 'NONE',  ( 1.949999999999999956, 1.109999999999987663, 2.115000000000000657 ) ) ;
#3012 = AXIS2_PLACEMENT_3D ( 'NONE', #5268, #3536, #6962 ) ;
#3013 = CARTESIAN_POINT ( 'NONE',  ( -2.984653575776294865, -3.794707603699265519E-16, -1.694999999999999840 ) ) ;
#3014 = ORIENTED_EDGE ( 'NONE', *, *, #6153, .F. ) ;
#3015 = VECTOR ( 'NONE', #1467, 1000.000000000000114 ) ;
#3016 = ORIENTED_EDGE ( 'NONE', *, *, #3842, .F. ) ;
#3017 = DIRECTION ( 'NONE',  ( -8.993001040601393045E-16, 1.000000000000000000, 0.000000000000000000 ) ) ;
#3018 = ADVANCED_FACE ( 'NONE', ( #2128 ), #893, .F. ) ;
#3019 = LINE ( 'NONE', #7250, #2162 ) ;
#3020 = FACE_OUTER_BOUND ( 'NONE', #5526, .T. ) ;
#3021 = CARTESIAN_POINT ( 'NONE',  ( -1.837150732346582771, 0.2500000000000000000, 4.837150732346581883 ) ) ;
#3022 = LINE ( 'NONE', #4757, #352 ) ;
#3023 = VECTOR ( 'NONE', #314, 1000.000000000000000 ) ;
#3024 = ORIENTED_EDGE ( 'NONE', *, *, #1670, .F. ) ;
#3025 = ORIENTED_EDGE ( 'NONE', *, *, #6258, .F. ) ;
#3026 = LINE ( 'NONE', #835, #3510 ) ;
#3027 = VERTEX_POINT ( 'NONE', #6854 ) ;
#3028 = CARTESIAN_POINT ( 'NONE',  ( -3.000000000000000000, 0.2194640910571372949, -1.694999999999999840 ) ) ;
#3029 = EDGE_CURVE ( 'NONE', #2866, #3526, #2094, .T. ) ;
#3030 = CARTESIAN_POINT ( 'NONE',  ( 1.949999999999999956, 1.109999999999987663, -4.235000000000000320 ) ) ;
#3031 = VECTOR ( 'NONE', #3997, 1000.000000000000000 ) ;
#3032 = EDGE_CURVE ( 'NONE', #3605, #4777, #4433, .T. ) ;
#3033 = CARTESIAN_POINT ( 'NONE',  ( -3.000000000000000000, 0.2194640910571372949, 4.235000000000000320 ) ) ;
#3034 = SURFACE_STYLE_USAGE ( .BOTH. , #1151 ) ;
#3035 = EDGE_LOOP ( 'NONE', ( #5557, #1427, #2260, #6339, #4351 ) ) ;
#3036 = ORIENTED_EDGE ( 'NONE', *, *, #2742, .F. ) ;
#3037 = DIRECTION ( 'NONE',  ( -0.000000000000000000, -0.000000000000000000, -1.000000000000000000 ) ) ;
#3038 = DIRECTION ( 'NONE',  ( -0.000000000000000000, -0.000000000000000000, -1.000000000000000000 ) ) ;
#3039 = CARTESIAN_POINT ( 'NONE',  ( -2.379999999999975913, 0.8150000000000123812, -3.384999999999999787 ) ) ;
#3040 = VECTOR ( 'NONE', #1743, 1000.000000000000000 ) ;
#3041 = CARTESIAN_POINT ( 'NONE',  ( 2.159999999999999698, 0.3327573459224363317, -0.8450000000000003064 ) ) ;
#3042 = ORIENTED_EDGE ( 'NONE', *, *, #1144, .F. ) ;
#3043 = FACE_OUTER_BOUND ( 'NONE', #7185, .T. ) ;
#3044 = EDGE_LOOP ( 'NONE', ( #7329, #1536, #4888, #1533 ) ) ;
#3045 = ORIENTED_EDGE ( 'NONE', *, *, #2609, .F. ) ;
#3046 = EDGE_CURVE ( 'NONE', #1606, #6640, #6275, .T. ) ;
#3047 = ORIENTED_EDGE ( 'NONE', *, *, #365, .T. ) ;
#3049 = CARTESIAN_POINT ( 'NONE',  ( -2.160000000000000142, 0.8150000000000123812, 3.384999999999999787 ) ) ;
#3048 = DIRECTION ( 'NONE',  ( 1.000000000000000000, 8.031127203596346379E-16, 0.000000000000000000 ) ) ;
#3050 = PLANE ( 'NONE',  #5332 ) ;
#3051 = ADVANCED_FACE ( 'NONE', ( #2767 ), #5005, .F. ) ;
#3052 = AXIS2_PLACEMENT_3D ( 'NONE', #2747, #6181, #3832 ) ;
#3053 = LINE ( 'NONE', #5362, #1622 ) ;
#3054 = COLOUR_RGB ( '',1.000000000000000000, 1.000000000000000000, 1.000000000000000000 ) ;
#3055 = ORIENTED_EDGE ( 'NONE', *, *, #4438, .F. ) ;
#3056 = VECTOR ( 'NONE', #4706, 1000.000000000000227 ) ;
#3057 = ORIENTED_EDGE ( 'NONE', *, *, #6277, .F. ) ;
#3058 = DIRECTION ( 'NONE',  ( -1.000000000000000000, 8.031127203596320741E-16, 0.000000000000000000 ) ) ;
#3059 = UNCERTAINTY_MEASURE_WITH_UNIT (LENGTH_MEASURE( 1.000000000000000082E-05 ), #5501, 'distance_accuracy_value', 'NONE');
#3060 = FACE_OUTER_BOUND ( 'NONE', #1961, .T. ) ;
#3061 = CARTESIAN_POINT ( 'NONE',  ( -2.084999999999999964, 0.8900000000000122258, 2.115000000000000657 ) ) ;
#3062 = EDGE_CURVE ( 'NONE', #139, #10, #2699, .T. ) ;
#3063 = VECTOR ( 'NONE', #6846, 1000.000000000000000 ) ;
#3064 = EDGE_CURVE ( 'NONE', #741, #7133, #5421, .T. ) ;
#3065 = AXIS2_PLACEMENT_3D ( 'NONE', #4953, #7302, #5567 ) ;
#3066 = DIRECTION ( 'NONE',  ( -0.000000000000000000, -0.000000000000000000, -1.000000000000000000 ) ) ;
#3067 = DIRECTION ( 'NONE',  ( 0.000000000000000000, 0.000000000000000000, 1.000000000000000000 ) ) ;
#3068 = ORIENTED_EDGE ( 'NONE', *, *, #7139, .F. ) ;
#3069 = ORIENTED_EDGE ( 'NONE', *, *, #1246, .F. ) ;
#3070 = CARTESIAN_POINT ( 'NONE',  ( -2.379999999999975913, 0.8150000000000123812, -4.655000000000000249 ) ) ;
#3071 = VECTOR ( 'NONE', #988, 1000.000000000000227 ) ;
#3072 = ORIENTED_EDGE ( 'NONE', *, *, #5636, .T. ) ;
#3073 = DIRECTION ( 'NONE',  ( 0.000000000000000000, 1.000000000000000000, 0.000000000000000000 ) ) ;
#3074 = DIRECTION ( 'NONE',  ( 1.000000000000000000, 8.031127203596346379E-16, 0.000000000000000000 ) ) ;
#3075 = AXIS2_PLACEMENT_3D ( 'NONE', #2503, #6147, #1930 ) ;
#3076 = LINE ( 'NONE', #5532, #1988 ) ;
#3077 = ADVANCED_FACE ( 'NONE', ( #1008 ), #5114, .T. ) ;
#3078 = ADVANCED_FACE ( 'NONE', ( #4699 ), #5730, .F. ) ;
#3079 = PRESENTATION_STYLE_ASSIGNMENT (( #157 ) ) ;
#3080 = ORIENTED_EDGE ( 'NONE', *, *, #2374, .F. ) ;
#3081 = CARTESIAN_POINT ( 'NONE',  ( 2.379999999999975469, 0.3327573459224363317, -4.235000000000000320 ) ) ;
#3082 = VECTOR ( 'NONE', #6644, 1000.000000000000000 ) ;
#3083 = CARTESIAN_POINT ( 'NONE',  ( -1.950000000000000400, 1.109999999999987663, 4.655000000000000249 ) ) ;
#3084 = ADVANCED_FACE ( 'NONE', ( #576 ), #4584, .T. ) ;
#3085 = CARTESIAN_POINT ( 'NONE',  ( 3.000000000000000000, 0.2194640910571372949, -2.964999999999999858 ) ) ;
#3086 = CARTESIAN_POINT ( 'NONE',  ( 2.084999999999999964, 0.8900000000000122258, 2.115000000000000657 ) ) ;
#3087 = VERTEX_POINT ( 'NONE', #6308 ) ;
#3088 = EDGE_CURVE ( 'NONE', #7255, #2150, #142, .T. ) ;
#3089 = CARTESIAN_POINT ( 'NONE',  ( -2.084999999999999964, 0.8900000000000122258, 4.655000000000000249 ) ) ;
#3090 = ORIENTED_EDGE ( 'NONE', *, *, #7211, .T. ) ;
#3091 = SURFACE_STYLE_FILL_AREA ( #851 ) ;
#3092 = VECTOR ( 'NONE', #3, 1000.000000000000000 ) ;
#3093 = ORIENTED_EDGE ( 'NONE', *, *, #1491, .F. ) ;
#3094 = ORIENTED_EDGE ( 'NONE', *, *, #5523, .T. ) ;
#3095 = CARTESIAN_POINT ( 'NONE',  ( -2.454999999999975646, 0.3327573459224363317, -4.235000000000000320 ) ) ;
#3096 = CARTESIAN_POINT ( 'NONE',  ( 2.454999999999975646, 0.3327573459224363317, 0.4250000000000000444 ) ) ;
#3097 = LINE ( 'NONE', #3013, #4683 ) ;
#3098 = AXIS2_PLACEMENT_3D ( 'NONE', #2279, #1596, #503 ) ;
#3099 = AXIS2_PLACEMENT_3D ( 'NONE', #2510, #1866, #2550 ) ;
#3100 = EDGE_CURVE ( 'NONE', #7238, #1606, #3500, .T. ) ;
#3101 = ORIENTED_EDGE ( 'NONE', *, *, #528, .F. ) ;
#3102 = ORIENTED_EDGE ( 'NONE', *, *, #1251, .F. ) ;
#3103 = AXIS2_PLACEMENT_3D ( 'NONE', #3812, #2126, #4509 ) ;
#3104 = DIRECTION ( 'NONE',  ( -0.000000000000000000, -0.000000000000000000, -1.000000000000000000 ) ) ;
#3105 = LINE ( 'NONE', #1992, #4921 ) ;
#3106 = CARTESIAN_POINT ( 'NONE',  ( -1.950000000000000400, 0.8900000000000123368, -0.8450000000000003064 ) ) ;
#3107 = ORIENTED_EDGE ( 'NONE', *, *, #6508, .F. ) ;
#3108 = ADVANCED_FACE ( 'NONE', ( #1664 ), #2354, .F. ) ;
#3109 = ORIENTED_EDGE ( 'NONE', *, *, #3290, .T. ) ;
#3110 = CARTESIAN_POINT ( 'NONE',  ( 2.084999999999999964, 0.8150000000000123812, 4.235000000000000320 ) ) ;
#3111 = EDGE_LOOP ( 'NONE', ( #1476, #4955, #2938, #2588 ) ) ;
#3112 = CYLINDRICAL_SURFACE ( 'NONE', #5760, 0.2949999999999762812 ) ;
#3113 = LINE ( 'NONE', #3147, #2463 ) ;
#3114 = CARTESIAN_POINT ( 'NONE',  ( 2.379999999999975913, 0.8150000000000123812, -3.384999999999999787 ) ) ;
#3115 = LINE ( 'NONE', #1357, #5452 ) ;
#3116 = ORIENTED_EDGE ( 'NONE', *, *, #6088, .F. ) ;
#3117 = LINE ( 'NONE', #4275, #1311 ) ;
#3118 = DIRECTION ( 'NONE',  ( 0.9975640502598246417, -0.06975647374411912682, -0.000000000000000000 ) ) ;
#3119 = ADVANCED_FACE ( 'NONE', ( #6344 ), #4039, .F. ) ;
#3120 = VECTOR ( 'NONE', #2728, 1000.000000000000000 ) ;
#3121 = DIRECTION ( 'NONE',  ( -1.000000000000000000, 0.000000000000000000, 0.000000000000000000 ) ) ;
#3122 = EDGE_LOOP ( 'NONE', ( #4428, #860, #5551, #6142 ) ) ;
#3123 = DIRECTION ( 'NONE',  ( -8.993001040601393045E-16, 1.000000000000000000, 0.000000000000000000 ) ) ;
#3124 = ORIENTED_EDGE ( 'NONE', *, *, #5129, .F. ) ;
#3125 = CARTESIAN_POINT ( 'NONE',  ( 2.454999999999975646, 0.3327573459224363317, 4.235000000000000320 ) ) ;
#3126 = EDGE_LOOP ( 'NONE', ( #6492, #2221, #3025, #152, #1669, #5354, #2098, #1679, #1821, #1787, #1972, #602 ) ) ;
#3127 = EDGE_LOOP ( 'NONE', ( #4476, #734, #548, #5822 ) ) ;
#3128 = LINE ( 'NONE', #5474, #5615 ) ;
#3129 = PRESENTATION_STYLE_ASSIGNMENT (( #784 ) ) ;
#3130 = CARTESIAN_POINT ( 'NONE',  ( 2.084999999999999964, 0.8900000000000122258, 2.115000000000000657 ) ) ;
#3131 = EDGE_CURVE ( 'NONE', #6674, #229, #2712, .T. ) ;
#3132 = CARTESIAN_POINT ( 'NONE',  ( 2.984653575776294865, -3.794707603699265519E-16, -0.4250000000000000444 ) ) ;
#3133 = VERTEX_POINT ( 'NONE', #1117 ) ;
#3134 = AXIS2_PLACEMENT_3D ( 'NONE', #6410, #1139, #2375 ) ;
#3135 = EDGE_LOOP ( 'NONE', ( #3355, #5081, #1710, #1111 ) ) ;
#3136 = CARTESIAN_POINT ( 'NONE',  ( 2.379999999999975913, 0.8150000000000123812, -0.8450000000000003064 ) ) ;
#3137 = VECTOR ( 'NONE', #196, 1000.000000000000000 ) ;
#3138 = DIRECTION ( 'NONE',  ( 0.000000000000000000, 0.000000000000000000, 1.000000000000000000 ) ) ;
#3139 = EDGE_CURVE ( 'NONE', #6997, #7401, #7020, .T. ) ;
#3140 = CARTESIAN_POINT ( 'NONE',  ( -2.434421840245462487, 0.03847595109581208178, 2.115000000000000657 ) ) ;
#3141 = VERTEX_POINT ( 'NONE', #499 ) ;
#3142 = VERTEX_POINT ( 'NONE', #2880 ) ;
#3143 = LINE ( 'NONE', #7183, #591 ) ;
#3144 = VERTEX_POINT ( 'NONE', #3377 ) ;
#3145 = CARTESIAN_POINT ( 'NONE',  ( 2.084999999999999964, 0.8900000000000122258, -1.694999999999999840 ) ) ;
#3146 = EDGE_CURVE ( 'NONE', #3808, #3947, #2841, .T. ) ;
#3147 = CARTESIAN_POINT ( 'NONE',  ( -1.950000000000000400, 0.2500000000000000000, 4.837150732346581883 ) ) ;
#3148 = CIRCLE ( 'NONE', #6337, 0.2250000000000003664 ) ;
#3149 = DIRECTION ( 'NONE',  ( 0.9975640502598246417, 0.06975647374411851620, 0.000000000000000000 ) ) ;
#3150 = EDGE_LOOP ( 'NONE', ( #6052, #4104, #2573, #411 ) ) ;
#3151 = ORIENTED_EDGE ( 'NONE', *, *, #1485, .F. ) ;
#3152 = DIRECTION ( 'NONE',  ( -0.000000000000000000, -0.000000000000000000, -1.000000000000000000 ) ) ;
#3153 = CARTESIAN_POINT ( 'NONE',  ( 2.159999999999999698, 0.3327573459224363317, -2.115000000000000213 ) ) ;
#3154 = AXIS2_PLACEMENT_3D ( 'NONE', #119, #4731, #4153 ) ;
#3155 = DIRECTION ( 'NONE',  ( 0.000000000000000000, -0.000000000000000000, -1.000000000000000000 ) ) ;
#3156 = ORIENTED_EDGE ( 'NONE', *, *, #45, .F. ) ;
#3157 = ADVANCED_FACE ( 'NONE', ( #6426 ), #5186, .F. ) ;
#3158 = CARTESIAN_POINT ( 'NONE',  ( -1.695562207025369972, -0.5529884295206909384, -4.695562207025370860 ) ) ;
#3159 = VERTEX_POINT ( 'NONE', #2274 ) ;
#3160 = CARTESIAN_POINT ( 'NONE',  ( 2.084999999999999964, 0.8900000000000122258, -2.115000000000000213 ) ) ;
#3161 = EDGE_LOOP ( 'NONE', ( #2771, #2659, #4607, #4102, #185, #6877, #5733, #3283, #1465, #5116, #633, #1830 ) ) ;
#3162 = CARTESIAN_POINT ( 'NONE',  ( 2.084999999999999964, 1.109999999999987885, 0.8450000000000003064 ) ) ;
#3163 = SURFACE_STYLE_FILL_AREA ( #6018 ) ;
#3164 = LINE ( 'NONE', #4432, #2837 ) ;
#3165 = LINE ( 'NONE', #5512, #6655 ) ;
#3166 = EDGE_LOOP ( 'NONE', ( #5065, #2816, #1328, #6512 ) ) ;
#3167 = EDGE_CURVE ( 'NONE', #4633, #5628, #4619, .T. ) ;
#3168 = ADVANCED_FACE ( 'NONE', ( #1750 ), #2920, .F. ) ;
#3169 = VERTEX_POINT ( 'NONE', #1786 ) ;
#3170 = PLANE ( 'NONE',  #2443 ) ;
#3171 = FILL_AREA_STYLE ('',( #1451 ) ) ;
#3172 = EDGE_CURVE ( 'NONE', #6102, #2268, #1198, .T. ) ;
#3173 = CARTESIAN_POINT ( 'NONE',  ( -2.084999999999999964, 0.8900000000000122258, 4.235000000000000320 ) ) ;
#3174 = VECTOR ( 'NONE', #1366, 1000.000000000000000 ) ;
#3175 = AXIS2_PLACEMENT_3D ( 'NONE', #715, #4871, #4215 ) ;
#3176 = CARTESIAN_POINT ( 'NONE',  ( -1.050000000000000266, 1.700000000000000178, -4.325000000000002842 ) ) ;
#3177 = VERTEX_POINT ( 'NONE', #4548 ) ;
#3178 = ORIENTED_EDGE ( 'NONE', *, *, #1825, .F. ) ;
#3179 = CARTESIAN_POINT ( 'NONE',  ( -3.000000000000000000, 0.2194640910571372949, -1.694999999999999840 ) ) ;
#3180 = CIRCLE ( 'NONE', #235, 0.2250000000000003664 ) ;
#3181 = EDGE_LOOP ( 'NONE', ( #3230, #7297, #7092, #6623 ) ) ;
#3182 = DIRECTION ( 'NONE',  ( -1.000000000000000000, 0.000000000000000000, 0.000000000000000000 ) ) ;
#3183 = AXIS2_PLACEMENT_3D ( 'NONE', #3352, #3208, #6826 ) ;
#3184 = CARTESIAN_POINT ( 'NONE',  ( -2.454999999999975646, 0.3327573459224363317, -0.4250000000000000444 ) ) ;
#3185 = VECTOR ( 'NONE', #337, 1000.000000000000000 ) ;
#3186 = EDGE_CURVE ( 'NONE', #4337, #689, #6886, .T. ) ;
#3187 = LINE ( 'NONE', #877, #2955 ) ;
#3188 = VECTOR ( 'NONE', #5711, 1000.000000000000000 ) ;
#3189 = ORIENTED_EDGE ( 'NONE', *, *, #6048, .T. ) ;
#3190 = EDGE_CURVE ( 'NONE', #7433, #4023, #6078, .T. ) ;
#3191 = EDGE_LOOP ( 'NONE', ( #6011, #1872, #201, #6227 ) ) ;
#3192 = CARTESIAN_POINT ( 'NONE',  ( -2.449768264469166734, 0.2579400421529494669, -4.655000000000000249 ) ) ;
#3193 = DIRECTION ( 'NONE',  ( 0.06975647374412144441, -0.9975640502598245307, 0.000000000000000000 ) ) ;
#3194 = ORIENTED_EDGE ( 'NONE', *, *, #5617, .F. ) ;
#3195 = VECTOR ( 'NONE', #4058, 1000.000000000000227 ) ;
#3196 = CARTESIAN_POINT ( 'NONE',  ( -1.950000000000000400, 0.8900000000000123368, -3.384999999999999787 ) ) ;
#3197 = ORIENTED_EDGE ( 'NONE', *, *, #230, .F. ) ;
#3198 = SURFACE_STYLE_USAGE ( .BOTH. , #6667 ) ;
#3199 = EDGE_CURVE ( 'NONE', #409, #5763, #5965, .T. ) ;
#3200 = CARTESIAN_POINT ( 'NONE',  ( -3.000000000000000000, 0.2194640910571372949, -0.4250000000000000444 ) ) ;
#3201 = DIRECTION ( 'NONE',  ( 0.000000000000000000, 0.000000000000000000, 1.000000000000000000 ) ) ;
#3202 = CARTESIAN_POINT ( 'NONE',  ( 1.949999999999999956, 0.8900000000000123368, 0.8450000000000003064 ) ) ;
#3203 = EDGE_CURVE ( 'NONE', #4452, #765, #3578, .T. ) ;
#3204 = LINE ( 'NONE', #5077, #5160 ) ;
#3205 = DIRECTION ( 'NONE',  ( -0.000000000000000000, 0.000000000000000000, -1.000000000000000000 ) ) ;
#3206 = ORIENTED_EDGE ( 'NONE', *, *, #3961, .T. ) ;
#3207 = VERTEX_POINT ( 'NONE', #5428 ) ;
#3208 = DIRECTION ( 'NONE',  ( -1.000000000000000000, 0.000000000000000000, 0.000000000000000000 ) ) ;
#3209 = DIRECTION ( 'NONE',  ( -1.000000000000000000, 8.993001040601393045E-16, 0.000000000000000000 ) ) ;
#3210 = AXIS2_PLACEMENT_3D ( 'NONE', #4864, #90, #2593 ) ;
#3211 = CARTESIAN_POINT ( 'NONE',  ( -2.084999999999999964, 0.8150000000000123812, 0.4250000000000000444 ) ) ;
#3212 = VECTOR ( 'NONE', #2592, 1000.000000000000000 ) ;
#3213 = DIRECTION ( 'NONE',  ( -0.000000000000000000, -0.000000000000000000, -1.000000000000000000 ) ) ;
#3214 = VERTEX_POINT ( 'NONE', #4238 ) ;
#3215 = VERTEX_POINT ( 'NONE', #5925 ) ;
#3216 = DIRECTION ( 'NONE',  ( 0.000000000000000000, 0.000000000000000000, 1.000000000000000000 ) ) ;
#3217 = ORIENTED_EDGE ( 'NONE', *, *, #2597, .T. ) ;
#3218 = PLANE ( 'NONE',  #6510 ) ;
#3219 = DIRECTION ( 'NONE',  ( -0.000000000000000000, -0.000000000000000000, -1.000000000000000000 ) ) ;
#3220 = EDGE_CURVE ( 'NONE', #6938, #5506, #654, .T. ) ;
#3221 = CARTESIAN_POINT ( 'NONE',  ( -1.950000000000000400, 1.109999999999987663, 4.655000000000000249 ) ) ;
#3222 = ORIENTED_EDGE ( 'NONE', *, *, #1935, .F. ) ;
#3223 = ORIENTED_EDGE ( 'NONE', *, *, #3451, .T. ) ;
#3224 = DIRECTION ( 'NONE',  ( 0.06975647374412144441, -0.9975640502598245307, 0.000000000000000000 ) ) ;
#3225 = CARTESIAN_POINT ( 'NONE',  ( -1.950000000000000400, -10.64048871058091983, -4.950000000000001066 ) ) ;
#3226 = AXIS2_PLACEMENT_3D ( 'NONE', #4837, #4363, #319 ) ;
#3227 = ADVANCED_FACE ( 'NONE', ( #2472 ), #1396, .F. ) ;
#3228 = ORIENTED_EDGE ( 'NONE', *, *, #2742, .T. ) ;
#3229 = CARTESIAN_POINT ( 'NONE',  ( -3.000000000000000000, 0.2194640910571372949, 0.8450000000000003064 ) ) ;
#3230 = ORIENTED_EDGE ( 'NONE', *, *, #466, .T. ) ;
#3231 = FILL_AREA_STYLE_COLOUR ( '', #3054 ) ;
#3232 = VECTOR ( 'NONE', #570, 1000.000000000000000 ) ;
#3233 = PLANE ( 'NONE',  #5707 ) ;
#3234 = LINE ( 'NONE', #4431, #203 ) ;
#3235 = CARTESIAN_POINT ( 'NONE',  ( -2.379999999999975469, 0.3327573459224363317, 2.115000000000000657 ) ) ;
#3236 = CARTESIAN_POINT ( 'NONE',  ( -2.159999999999999698, 0.3327573459224363317, -1.694999999999999840 ) ) ;
#3237 = COLOUR_RGB ( '',0.7921568627450980005, 0.8196078431372548767, 0.9333333333333333481 ) ;
#3238 = CYLINDRICAL_SURFACE ( 'NONE', #1269, 0.07500000000000041356 ) ;
#3239 = ORIENTED_EDGE ( 'NONE', *, *, #2584, .F. ) ;
#3240 = EDGE_LOOP ( 'NONE', ( #1738, #6666, #5815, #485 ) ) ;
#3241 = CARTESIAN_POINT ( 'NONE',  ( -2.379999999999975469, 0.3327573459224363317, -1.694999999999999840 ) ) ;
#3242 = SURFACE_STYLE_FILL_AREA ( #325 ) ;
#3243 = AXIS2_PLACEMENT_3D ( 'NONE', #4049, #5239, #2852 ) ;
#3244 = DIRECTION ( 'NONE',  ( -0.000000000000000000, -0.000000000000000000, -1.000000000000000000 ) ) ;
#3245 = CARTESIAN_POINT ( 'NONE',  ( 1.949999999999999956, 1.109999999999987663, -0.8450000000000003064 ) ) ;
#3246 = ORIENTED_EDGE ( 'NONE', *, *, #1300, .F. ) ;
#3247 = VERTEX_POINT ( 'NONE', #2391 ) ;
#3248 = CARTESIAN_POINT ( 'NONE',  ( -2.084999999999999964, 0.8900000000000123368, 4.655000000000000249 ) ) ;
#3249 = ORIENTED_EDGE ( 'NONE', *, *, #1381, .T. ) ;
#3250 = CARTESIAN_POINT ( 'NONE',  ( -2.379999999999975913, 0.8150000000000123812, -1.694999999999999840 ) ) ;
#3251 = LINE ( 'NONE', #913, #7249 ) ;
#3252 = AXIS2_PLACEMENT_3D ( 'NONE', #7416, #7386, #5658 ) ;
#3253 = CIRCLE ( 'NONE', #1534, 0.2949999999999756151 ) ;
#3254 = CARTESIAN_POINT ( 'NONE',  ( 2.379999999999975469, 0.3327573459224363317, -2.115000000000000213 ) ) ;
#3255 = VERTEX_POINT ( 'NONE', #1902 ) ;
#3256 = EDGE_CURVE ( 'NONE', #7031, #3526, #6589, .T. ) ;
#3257 = EDGE_LOOP ( 'NONE', ( #1457, #310 ) ) ;
#3258 = DIRECTION ( 'NONE',  ( 1.000000000000000000, 0.000000000000000000, 0.000000000000000000 ) ) ;
#3259 = ADVANCED_FACE ( 'NONE', ( #7158 ), #4155, .T. ) ;
#3260 = ORIENTED_EDGE ( 'NONE', *, *, #2623, .T. ) ;
#3261 = CIRCLE ( 'NONE', #3371, 0.07500000000000041356 ) ;
#3262 = DIRECTION ( 'NONE',  ( -1.000000000000000000, 0.000000000000000000, 0.000000000000000000 ) ) ;
#3263 = EDGE_CURVE ( 'NONE', #1996, #5932, #6046, .T. ) ;
#3264 = VERTEX_POINT ( 'NONE', #4278 ) ;
#3265 = DIRECTION ( 'NONE',  ( 0.000000000000000000, 1.000000000000000000, 0.000000000000000000 ) ) ;
#3266 = ORIENTED_EDGE ( 'NONE', *, *, #828, .T. ) ;
#3267 = CARTESIAN_POINT ( 'NONE',  ( -2.160000000000000142, 0.8150000000000123812, 0.4250000000000000444 ) ) ;
#3268 = AXIS2_PLACEMENT_3D ( 'NONE', #7562, #1702, #615 ) ;
#3269 = CARTESIAN_POINT ( 'NONE',  ( 2.984653575776294865, -3.794707603699265519E-16, -2.115000000000000213 ) ) ;
#3270 = DIRECTION ( 'NONE',  ( -0.06975647374411853008, -0.9975640502598247528, 0.000000000000000000 ) ) ;
#3271 = DIRECTION ( 'NONE',  ( 8.993001040601393045E-16, 1.000000000000000000, -0.000000000000000000 ) ) ;
#3272 = DIRECTION ( 'NONE',  ( 0.9975640502598246417, -0.06975647374411912682, -0.000000000000000000 ) ) ;
#3273 = AXIS2_PLACEMENT_3D ( 'NONE', #1370, #4967, #4932 ) ;
#3274 = DIRECTION ( 'NONE',  ( 1.000000000000000000, 0.000000000000000000, 0.000000000000000000 ) ) ;
#3275 = ORIENTED_EDGE ( 'NONE', *, *, #24, .F. ) ;
#3276 = ADVANCED_FACE ( 'NONE', ( #7079 ), #774, .T. ) ;
#3277 = EDGE_CURVE ( 'NONE', #1393, #814, #760, .T. ) ;
#3278 = ORIENTED_EDGE ( 'NONE', *, *, #1399, .F. ) ;
#3279 = DIRECTION ( 'NONE',  ( -1.000000000000000000, 0.000000000000000000, 0.000000000000000000 ) ) ;
#3280 =( NAMED_UNIT ( * ) PLANE_ANGLE_UNIT ( ) SI_UNIT ( $, .RADIAN. ) );
#3281 = LINE ( 'NONE', #364, #5901 ) ;
#3282 = CIRCLE ( 'NONE', #6968, 0.07499999999999998335 ) ;
#3283 = ORIENTED_EDGE ( 'NONE', *, *, #466, .F. ) ;
#3284 = ORIENTED_EDGE ( 'NONE', *, *, #187, .T. ) ;
#3285 = CARTESIAN_POINT ( 'NONE',  ( -1.950000000000000400, 0.8900000000000123368, -4.235000000000000320 ) ) ;
#3286 = VERTEX_POINT ( 'NONE', #1827 ) ;
#3287 = DIRECTION ( 'NONE',  ( -1.000000000000000000, -0.000000000000000000, -0.000000000000000000 ) ) ;
#3288 = ADVANCED_FACE ( 'NONE', ( #4198 ), #6547, .F. ) ;
#3289 = DIRECTION ( 'NONE',  ( -0.000000000000000000, -0.000000000000000000, -1.000000000000000000 ) ) ;
#3290 = EDGE_CURVE ( 'NONE', #4298, #6321, #694, .T. ) ;
#3291 = VECTOR ( 'NONE', #2939, 1000.000000000000000 ) ;
#3292 = LINE ( 'NONE', #1614, #5140 ) ;
#3293 = CIRCLE ( 'NONE', #7232, 0.2949999999999756151 ) ;
#3294 = ORIENTED_EDGE ( 'NONE', *, *, #3991, .T. ) ;
#3295 = VERTEX_POINT ( 'NONE', #5391 ) ;
#3296 = CARTESIAN_POINT ( 'NONE',  ( 2.379999999999975913, 0.8150000000000123812, -4.235000000000000320 ) ) ;
#3297 = AXIS2_PLACEMENT_3D ( 'NONE', #2562, #5518, #2448 ) ;
#3298 = ORIENTED_EDGE ( 'NONE', *, *, #4961, .T. ) ;
#3299 = CARTESIAN_POINT ( 'NONE',  ( 2.449768264469166734, 0.2579400421529494669, -0.4250000000000000444 ) ) ;
#3300 = EDGE_CURVE ( 'NONE', #2247, #7393, #2357, .T. ) ;
#3301 = EDGE_CURVE ( 'NONE', #6015, #6674, #6627, .T. ) ;
#3302 = VECTOR ( 'NONE', #6416, 1000.000000000000000 ) ;
#3303 = CARTESIAN_POINT ( 'NONE',  ( -1.950000000000000400, 0.8900000000000124478, -4.950000000000001066 ) ) ;
#3304 = LINE ( 'NONE', #2834, #5819 ) ;
#3305 = ORIENTED_EDGE ( 'NONE', *, *, #5798, .F. ) ;
#3306 = EDGE_CURVE ( 'NONE', #1002, #6992, #1974, .T. ) ;
#3307 =( LENGTH_UNIT ( ) NAMED_UNIT ( * ) SI_UNIT ( .MILLI., .METRE. ) );
#3308 = CARTESIAN_POINT ( 'NONE',  ( -2.084999999999999964, 1.109999999999987663, -3.384999999999999787 ) ) ;
#3309 = CARTESIAN_POINT ( 'NONE',  ( -1.050000000000000266, 1.700000000000000178, -4.325000000000002842 ) ) ;
#3310 = CARTESIAN_POINT ( 'NONE',  ( -2.379999999999975913, 0.8150000000000123812, -2.964999999999999858 ) ) ;
#3311 = LINE ( 'NONE', #1482, #3444 ) ;
#3312 = EDGE_CURVE ( 'NONE', #1725, #2748, #4313, .T. ) ;
#3313 = VECTOR ( 'NONE', #5488, 1000.000000000000000 ) ;
#3314 = DIRECTION ( 'NONE',  ( -1.000000000000000000, 0.000000000000000000, 0.000000000000000000 ) ) ;
#3315 = ORIENTED_EDGE ( 'NONE', *, *, #5609, .T. ) ;
#3316 = EDGE_LOOP ( 'NONE', ( #643, #1989, #996, #1238 ) ) ;
#3317 = DIRECTION ( 'NONE',  ( 1.000000000000000000, 0.000000000000000000, 0.000000000000000000 ) ) ;
#3318 = CIRCLE ( 'NONE', #7372, 0.2949999999999756151 ) ;
#3319 = PLANE ( 'NONE',  #3996 ) ;
#3320 = LINE ( 'NONE', #5083, #2101 ) ;
#3321 = EDGE_CURVE ( 'NONE', #242, #320, #3771, .T. ) ;
#3322 = ORIENTED_EDGE ( 'NONE', *, *, #528, .T. ) ;
#3323 = ORIENTED_EDGE ( 'NONE', *, *, #1153, .T. ) ;
#3324 = PLANE ( 'NONE',  #6625 ) ;
#3325 = VECTOR ( 'NONE', #6202, 1000.000000000000000 ) ;
#3326 = VERTEX_POINT ( 'NONE', #5503 ) ;
#3327 = CARTESIAN_POINT ( 'NONE',  ( -2.159999999999999698, 0.3327573459224363317, -2.115000000000000213 ) ) ;
#3328 = CARTESIAN_POINT ( 'NONE',  ( -2.454999999999975646, 0.3327573459224363317, -2.964999999999999858 ) ) ;
#3329 = VECTOR ( 'NONE', #5298, 1000.000000000000000 ) ;
#3330 = VECTOR ( 'NONE', #1432, 1000.000000000000000 ) ;
#3331 = ADVANCED_FACE ( 'NONE', ( #236 ), #6116, .F. ) ;
#3332 = CARTESIAN_POINT ( 'NONE',  ( 3.000000000000000000, 0.2194640910571372949, -1.694999999999999840 ) ) ;
#3333 = EDGE_LOOP ( 'NONE', ( #5517, #1615, #1064, #4918 ) ) ;
#3334 = ORIENTED_EDGE ( 'NONE', *, *, #4384, .F. ) ;
#3335 = DIRECTION ( 'NONE',  ( -0.000000000000000000, -0.000000000000000000, -1.000000000000000000 ) ) ;
#3336 = ORIENTED_EDGE ( 'NONE', *, *, #3991, .F. ) ;
#3337 = LINE ( 'NONE', #2757, #3800 ) ;
#3338 = DIRECTION ( 'NONE',  ( 8.993001040601393045E-16, 1.000000000000000000, 0.000000000000000000 ) ) ;
#3339 = CLOSED_SHELL ( 'NONE', ( #4208, #3691, #4830, #2034, #1986, #3761, #6839, #3331, #6881, #674, #1581, #4746, #1839, #1630 ) ) ;
#3340 =( NAMED_UNIT ( * ) PLANE_ANGLE_UNIT ( ) SI_UNIT ( $, .RADIAN. ) );
#3341 = ORIENTED_EDGE ( 'NONE', *, *, #735, .T. ) ;
#3342 = PLANE ( 'NONE',  #3501 ) ;
#3343 = ADVANCED_FACE ( 'NONE', ( #2583 ), #7270, .F. ) ;
#3344 = FACE_OUTER_BOUND ( 'NONE', #4014, .T. ) ;
#3345 = LINE ( 'NONE', #421, #4748 ) ;
#3346 = DIRECTION ( 'NONE',  ( -0.000000000000000000, -0.000000000000000000, -1.000000000000000000 ) ) ;
#3347 = DIRECTION ( 'NONE',  ( -1.000000000000000000, 0.000000000000000000, 0.000000000000000000 ) ) ;
#3348 = CARTESIAN_POINT ( 'NONE',  ( 1.949999999999999512, 1.109999999999987663, -4.950000000000001066 ) ) ;
#3349 = VERTEX_POINT ( 'NONE', #3561 ) ;
#3350 = EDGE_LOOP ( 'NONE', ( #4750, #3178, #799, #6845 ) ) ;
#3351 = EDGE_CURVE ( 'NONE', #7538, #6657, #2832, .T. ) ;
#3352 = CARTESIAN_POINT ( 'NONE',  ( -1.950000000000000400, 0.8900000000000123368, 2.115000000000000657 ) ) ;
#3353 = DIRECTION ( 'NONE',  ( 0.06975647374412144441, 0.9975640502598245307, -0.000000000000000000 ) ) ;
#3354 = CARTESIAN_POINT ( 'NONE',  ( 2.379999999999975469, 0.3327573459224363317, -2.964999999999999858 ) ) ;
#3355 = ORIENTED_EDGE ( 'NONE', *, *, #723, .T. ) ;
#3356 = VERTEX_POINT ( 'NONE', #4141 ) ;
#3357 = CIRCLE ( 'NONE', #53, 0.07500000000000041356 ) ;
#3358 = LINE ( 'NONE', #3248, #1587 ) ;
#3359 = DIRECTION ( 'NONE',  ( -0.000000000000000000, -0.000000000000000000, -1.000000000000000000 ) ) ;
#3360 = CARTESIAN_POINT ( 'NONE',  ( -2.084999999999999964, 1.109999999999987663, -4.235000000000000320 ) ) ;
#3361 = CARTESIAN_POINT ( 'NONE',  ( -1.050000000000000266, 1.700000000000000178, -4.325000000000002842 ) ) ;
#3362 = ORIENTED_EDGE ( 'NONE', *, *, #3312, .F. ) ;
#3363 = EDGE_CURVE ( 'NONE', #1565, #1976, #1183, .T. ) ;
#3364 = ORIENTED_EDGE ( 'NONE', *, *, #4501, .F. ) ;
#3365 = DIRECTION ( 'NONE',  ( -1.000000000000000000, -0.000000000000000000, -0.000000000000000000 ) ) ;
#3366 = ORIENTED_EDGE ( 'NONE', *, *, #2248, .T. ) ;
#3367 = CARTESIAN_POINT ( 'NONE',  ( -2.084999999999999964, 0.8150000000000123812, 0.8450000000000003064 ) ) ;
#3368 = EDGE_CURVE ( 'NONE', #4777, #805, #4718, .T. ) ;
#3369 = VECTOR ( 'NONE', #3118, 1000.000000000000227 ) ;
#3370 = CARTESIAN_POINT ( 'NONE',  ( 2.084999999999999964, 0.8900000000000122258, -2.964999999999999858 ) ) ;
#3371 = AXIS2_PLACEMENT_3D ( 'NONE', #6422, #5345, #5922 ) ;
#3372 = ORIENTED_EDGE ( 'NONE', *, *, #4394, .T. ) ;
#3373 = FACE_OUTER_BOUND ( 'NONE', #4926, .T. ) ;
#3374 = FACE_OUTER_BOUND ( 'NONE', #6439, .T. ) ;
#3375 = STYLED_ITEM ( 'NONE', ( #2774 ), #6326 ) ;
#3376 = CARTESIAN_POINT ( 'NONE',  ( -2.084999999999999964, 1.109999999999987663, 0.4250000000000000444 ) ) ;
#3377 = CARTESIAN_POINT ( 'NONE',  ( -2.449768264469166734, 0.2579400421529493004, -4.235000000000000320 ) ) ;
#3378 = AXIS2_PLACEMENT_3D ( 'NONE', #4419, #2117, #5686 ) ;
#3379 = EDGE_CURVE ( 'NONE', #6721, #7513, #2301, .T. ) ;
#3380 = VECTOR ( 'NONE', #7242, 1000.000000000000114 ) ;
#3381 = CARTESIAN_POINT ( 'NONE',  ( -2.159999999999999698, 0.3327573459224363317, 2.115000000000000657 ) ) ;
#3382 = EDGE_LOOP ( 'NONE', ( #6264, #4134, #1496, #6762 ) ) ;
#3383 = DIRECTION ( 'NONE',  ( 0.06975647374411914070, 0.9975640502598247528, -0.000000000000000000 ) ) ;
#3384 = ORIENTED_EDGE ( 'NONE', *, *, #2478, .T. ) ;
#3385 = LINE ( 'NONE', #4047, #355 ) ;
#3386 = CARTESIAN_POINT ( 'NONE',  ( -2.379999999999975913, 0.8150000000000123812, 4.655000000000000249 ) ) ;
#3387 = PLANE ( 'NONE',  #5823 ) ;
#3388 = CIRCLE ( 'NONE', #3650, 0.07500000000000041356 ) ;
#3389 = FACE_OUTER_BOUND ( 'NONE', #4091, .T. ) ;
#3390 = ADVANCED_FACE ( 'NONE', ( #639 ), #6489, .F. ) ;
#3391 = EDGE_CURVE ( 'NONE', #3485, #2268, #2823, .T. ) ;
#3392 = EDGE_LOOP ( 'NONE', ( #5368, #5953, #2753, #4185 ) ) ;
#3393 = VERTEX_POINT ( 'NONE', #4099 ) ;
#3394 = ORIENTED_EDGE ( 'NONE', *, *, #2376, .T. ) ;
#3395 = EDGE_CURVE ( 'NONE', #4820, #3910, #1771, .T. ) ;
#3396 = CARTESIAN_POINT ( 'NONE',  ( 2.449768264469166734, 0.2579400421529494669, 4.235000000000000320 ) ) ;
#3397 = DIRECTION ( 'NONE',  ( -0.000000000000000000, -0.000000000000000000, -1.000000000000000000 ) ) ;
#3398 = CARTESIAN_POINT ( 'NONE',  ( -3.000000000000000000, 0.2194640910571372949, -4.235000000000000320 ) ) ;
#3399 = CARTESIAN_POINT ( 'NONE',  ( 2.379999999999975913, 0.8150000000000123812, 4.235000000000000320 ) ) ;
#3400 = DIRECTION ( 'NONE',  ( 1.000000000000000000, -8.031127203596320741E-16, -0.000000000000000000 ) ) ;
#3401 = ORIENTED_EDGE ( 'NONE', *, *, #4566, .F. ) ;
#3402 = EDGE_LOOP ( 'NONE', ( #6874, #6333, #2540, #7192 ) ) ;
#3403 = CARTESIAN_POINT ( 'NONE',  ( -1.950000000000000400, 0.8900000000000123368, -2.115000000000000213 ) ) ;
#3404 = ORIENTED_EDGE ( 'NONE', *, *, #5330, .F. ) ;
#3405 = DIRECTION ( 'NONE',  ( 0.000000000000000000, -1.000000000000000000, 0.000000000000000000 ) ) ;
#3406 = AXIS2_PLACEMENT_3D ( 'NONE', #4948, #4338, #3684 ) ;
#3407 = CIRCLE ( 'NONE', #4402, 0.2949999999999762812 ) ;
#3408 = ADVANCED_FACE ( 'NONE', ( #6446 ), #2944, .T. ) ;
#3409 = EDGE_CURVE ( 'NONE', #5450, #368, #5292, .T. ) ;
#3410 = LINE ( 'NONE', #1033, #5002 ) ;
#3411 = AXIS2_PLACEMENT_3D ( 'NONE', #396, #2739, #5082 ) ;
#3412 = CARTESIAN_POINT ( 'NONE',  ( -2.379999999999975469, 0.3327573459224363317, 1.695000000000000284 ) ) ;
#3413 = ORIENTED_EDGE ( 'NONE', *, *, #2272, .T. ) ;
#3414 = FACE_OUTER_BOUND ( 'NONE', #4011, .T. ) ;
#3415 = CARTESIAN_POINT ( 'NONE',  ( 1.949999999999999956, 0.8900000000000123368, -4.235000000000000320 ) ) ;
#3416 = PLANE ( 'NONE',  #6101 ) ;
#3417 = AXIS2_PLACEMENT_3D ( 'NONE', #1693, #2306, #5297 ) ;
#3418 = CARTESIAN_POINT ( 'NONE',  ( 1.949999999999999512, -10.64048871058091983, 4.949999999999999289 ) ) ;
#3419 = VECTOR ( 'NONE', #6110, 1000.000000000000000 ) ;
#3420 = CARTESIAN_POINT ( 'NONE',  ( -2.084999999999999964, 0.8150000000000123812, -4.655000000000000249 ) ) ;
#3421 = EDGE_LOOP ( 'NONE', ( #4740, #3466, #6447, #2674 ) ) ;
#3422 = EDGE_CURVE ( 'NONE', #320, #4635, #560, .T. ) ;
#3423 = DIRECTION ( 'NONE',  ( -1.000000000000000000, -8.993001040601393045E-16, 0.000000000000000000 ) ) ;
#3424 = AXIS2_PLACEMENT_3D ( 'NONE', #2263, #3405, #997 ) ;
#3425 = ORIENTED_EDGE ( 'NONE', *, *, #5911, .T. ) ;
#3426 = EDGE_CURVE ( 'NONE', #1242, #269, #6329, .T. ) ;
#3428 = LINE ( 'NONE', #7533, #3549 ) ;
#3427 = CARTESIAN_POINT ( 'NONE',  ( 2.454999999999975646, 0.3327573459224363317, 0.4250000000000000444 ) ) ;
#3429 = ADVANCED_FACE ( 'NONE', ( #7587 ), #3445, .F. ) ;
#3430 = CARTESIAN_POINT ( 'NONE',  ( -2.084999999999999964, 0.8900000000000122258, 2.115000000000000657 ) ) ;
#3431 = CARTESIAN_POINT ( 'NONE',  ( -2.084999999999999964, 0.8150000000000123812, 4.655000000000000249 ) ) ;
#3432 = AXIS2_PLACEMENT_3D ( 'NONE', #335, #1538, #6871 ) ;
#3433 = CARTESIAN_POINT ( 'NONE',  ( -1.950000000000000400, 0.8900000000000123368, 0.8450000000000003064 ) ) ;
#3434 = ORIENTED_EDGE ( 'NONE', *, *, #135, .T. ) ;
#3435 = AXIS2_PLACEMENT_3D ( 'NONE', #179, #4331, #831 ) ;
#3436 = ORIENTED_EDGE ( 'NONE', *, *, #5348, .F. ) ;
#3437 = EDGE_LOOP ( 'NONE', ( #3517, #6700, #3156, #2350, #5155, #5175, #1013, #7104, #2280, #4420, #5377, #1917 ) ) ;
#3438 = CARTESIAN_POINT ( 'NONE',  ( -2.984653575776294865, -3.794707603699265519E-16, -2.115000000000000213 ) ) ;
#3439 = EDGE_CURVE ( 'NONE', #4711, #5921, #6948, .T. ) ;
#3440 = DIRECTION ( 'NONE',  ( 8.993001040601393045E-16, -1.000000000000000000, 0.000000000000000000 ) ) ;
#3441 = EDGE_CURVE ( 'NONE', #993, #229, #4020, .T. ) ;
#3442 = FACE_OUTER_BOUND ( 'NONE', #837, .T. ) ;
#3443 = LINE ( 'NONE', #5867, #2526 ) ;
#3444 = VECTOR ( 'NONE', #3781, 1000.000000000000000 ) ;
#3445 = PLANE ( 'NONE',  #1347 ) ;
#3446 = ORIENTED_EDGE ( 'NONE', *, *, #3814, .T. ) ;
#3447 = ORIENTED_EDGE ( 'NONE', *, *, #6521, .T. ) ;
#3448 = FACE_OUTER_BOUND ( 'NONE', #4790, .T. ) ;
#3449 = ORIENTED_EDGE ( 'NONE', *, *, #84, .T. ) ;
#3450 = DIRECTION ( 'NONE',  ( 0.06975647374412144441, 0.9975640502598245307, -0.000000000000000000 ) ) ;
#3451 = EDGE_CURVE ( 'NONE', #4025, #4365, #7547, .T. ) ;
#3452 = DIRECTION ( 'NONE',  ( -1.000000000000000000, 0.000000000000000000, 0.000000000000000000 ) ) ;
#3453 = AXIS2_PLACEMENT_3D ( 'NONE', #7564, #2168, #4663 ) ;
#3454 = VECTOR ( 'NONE', #5909, 1000.000000000000000 ) ;
#3455 = LINE ( 'NONE', #5263, #3040 ) ;
#3456 = CARTESIAN_POINT ( 'NONE',  ( 2.984653575776294865, -3.794707603699265519E-16, -2.964999999999999858 ) ) ;
#3457 = ORIENTED_EDGE ( 'NONE', *, *, #403, .T. ) ;
#3458 = VECTOR ( 'NONE', #6378, 1000.000000000000000 ) ;
#3459 = CARTESIAN_POINT ( 'NONE',  ( -2.449768264469166734, 0.2579400421529493004, -0.4250000000000000444 ) ) ;
#3460 = LINE ( 'NONE', #5845, #2275 ) ;
#3461 = EDGE_CURVE ( 'NONE', #3673, #3215, #6987, .T. ) ;
#3462 = LINE ( 'NONE', #5809, #1568 ) ;
#3463 = CARTESIAN_POINT ( 'NONE',  ( -1.050000000000000266, 1.700000000000000178, -4.325000000000002842 ) ) ;
#3464 =( NAMED_UNIT ( * ) PLANE_ANGLE_UNIT ( ) SI_UNIT ( $, .RADIAN. ) );
#3465 = CYLINDRICAL_SURFACE ( 'NONE', #500, 0.07499999999999998335 ) ;
#3466 = ORIENTED_EDGE ( 'NONE', *, *, #2474, .F. ) ;
#3467 = SURFACE_STYLE_USAGE ( .BOTH. , #622 ) ;
#3468 = ORIENTED_EDGE ( 'NONE', *, *, #1850, .T. ) ;
#3470 = DIRECTION ( 'NONE',  ( 0.000000000000000000, 0.000000000000000000, 1.000000000000000000 ) ) ;
#3469 = CARTESIAN_POINT ( 'NONE',  ( -2.434421840245462487, 0.03847595109581208178, 2.964999999999999858 ) ) ;
#3471 = CARTESIAN_POINT ( 'NONE',  ( -2.984653575776294865, -3.794707603699265519E-16, 0.8450000000000003064 ) ) ;
#3472 = DIRECTION ( 'NONE',  ( -1.000000000000000000, 0.000000000000000000, 0.000000000000000000 ) ) ;
#3473 = ORIENTED_EDGE ( 'NONE', *, *, #912, .F. ) ;
#3474 = ORIENTED_EDGE ( 'NONE', *, *, #1703, .F. ) ;
#3475 = VERTEX_POINT ( 'NONE', #2906 ) ;
#3476 = LINE ( 'NONE', #2818, #5012 ) ;
#3477 = DIRECTION ( 'NONE',  ( -0.000000000000000000, -0.000000000000000000, -1.000000000000000000 ) ) ;
#3478 = PLANE ( 'NONE',  #6148 ) ;
#3479 = LINE ( 'NONE', #5331, #5828 ) ;
#3480 = AXIS2_PLACEMENT_3D ( 'NONE', #6232, #5180, #2157 ) ;
#3481 = CARTESIAN_POINT ( 'NONE',  ( 1.949999999999999956, 1.109999999999987663, 0.4250000000000000444 ) ) ;
#3482 = ORIENTED_EDGE ( 'NONE', *, *, #4628, .T. ) ;
#3483 = ORIENTED_EDGE ( 'NONE', *, *, #1612, .T. ) ;
#3484 = CARTESIAN_POINT ( 'NONE',  ( 3.000000000000000000, 0.2194640910571372949, 4.655000000000000249 ) ) ;
#3485 = VERTEX_POINT ( 'NONE', #7061 ) ;
#3486 = CARTESIAN_POINT ( 'NONE',  ( 3.000000000000000000, 0.2194640910571372949, 4.235000000000000320 ) ) ;
#3487 = CARTESIAN_POINT ( 'NONE',  ( -2.084999999999999964, 0.8900000000000123368, -0.8450000000000003064 ) ) ;
#3488 =( GEOMETRIC_REPRESENTATION_CONTEXT ( 3 ) GLOBAL_UNCERTAINTY_ASSIGNED_CONTEXT ( ( #5370 ) ) GLOBAL_UNIT_ASSIGNED_CONTEXT ( ( #2201, #2236, #3964 ) ) REPRESENTATION_CONTEXT ( 'NONE', 'WORKASPACE' ) );
#3489 = FACE_OUTER_BOUND ( 'NONE', #4222, .T. ) ;
#3490 = EDGE_CURVE ( 'NONE', #6102, #3984, #5252, .T. ) ;
#3491 = AXIS2_PLACEMENT_3D ( 'NONE', #4019, #6369, #6445 ) ;
#3492 = EDGE_CURVE ( 'NONE', #4282, #1280, #61, .T. ) ;
#3493 = CARTESIAN_POINT ( 'NONE',  ( 1.949999999999999956, 1.109999999999987663, -0.4250000000000000444 ) ) ;
#3494 = ORIENTED_EDGE ( 'NONE', *, *, #7211, .F. ) ;
#3495 = VECTOR ( 'NONE', #614, 1000.000000000000000 ) ;
#3496 = DIRECTION ( 'NONE',  ( 8.993001040601393045E-16, -1.000000000000000000, 0.000000000000000000 ) ) ;
#3497 = PLANE ( 'NONE',  #2402 ) ;
#3498 = EDGE_CURVE ( 'NONE', #5743, #428, #3022, .T. ) ;
#3499 = DIRECTION ( 'NONE',  ( 1.000000000000000000, 0.000000000000000000, 0.000000000000000000 ) ) ;
#3500 = LINE ( 'NONE', #616, #3092 ) ;
#3501 = AXIS2_PLACEMENT_3D ( 'NONE', #6777, #3847, #1590 ) ;
#3502 = ORIENTED_EDGE ( 'NONE', *, *, #5997, .T. ) ;
#3503 = DIRECTION ( 'NONE',  ( -1.000000000000000000, -8.993001040601393045E-16, 0.000000000000000000 ) ) ;
#3504 = ORIENTED_EDGE ( 'NONE', *, *, #226, .T. ) ;
#3505 = FILL_AREA_STYLE_COLOUR ( '', #4526 ) ;
#3506 = ORIENTED_EDGE ( 'NONE', *, *, #4344, .F. ) ;
#3508 = CARTESIAN_POINT ( 'NONE',  ( -2.454999999999975646, 0.3327573459224363317, -2.964999999999999858 ) ) ;
#3507 = CARTESIAN_POINT ( 'NONE',  ( -2.159999999999999698, 0.3327573459224363317, -4.655000000000000249 ) ) ;
#3509 = PLANE ( 'NONE',  #5846 ) ;
#3510 = VECTOR ( 'NONE', #2031, 1000.000000000000000 ) ;
#3511 = SURFACE_STYLE_FILL_AREA ( #5280 ) ;
#3512 = CARTESIAN_POINT ( 'NONE',  ( 2.084999999999999964, 0.8150000000000123812, -3.384999999999999787 ) ) ;
#3513 = CIRCLE ( 'NONE', #1682, 0.2949999999999756151 ) ;
#3514 = EDGE_CURVE ( 'NONE', #6079, #6233, #7180, .T. ) ;
#3515 = ORIENTED_EDGE ( 'NONE', *, *, #4362, .F. ) ;
#3516 = EDGE_CURVE ( 'NONE', #2083, #1345, #968, .T. ) ;
#3517 = ORIENTED_EDGE ( 'NONE', *, *, #3814, .F. ) ;
#3518 = LINE ( 'NONE', #3555, #1707 ) ;
#3519 = VECTOR ( 'NONE', #1865, 1000.000000000000000 ) ;
#3520 = FACE_OUTER_BOUND ( 'NONE', #3257, .T. ) ;
#3521 = FACE_OUTER_BOUND ( 'NONE', #6254, .T. ) ;
#3522 = CARTESIAN_POINT ( 'NONE',  ( 2.454999999999975646, 0.3327573459224363317, -0.4250000000000000444 ) ) ;
#3523 = DIRECTION ( 'NONE',  ( 0.9975640502598246417, -0.06975647374411912682, -0.000000000000000000 ) ) ;
#3524 = EDGE_LOOP ( 'NONE', ( #1499, #7336, #6312, #6689 ) ) ;
#3525 = ADVANCED_FACE ( 'NONE', ( #4798 ), #1384, .F. ) ;
#3526 = VERTEX_POINT ( 'NONE', #1260 ) ;
#3527 = CARTESIAN_POINT ( 'NONE',  ( 2.434421840245462487, 0.03847595109581208178, -1.694999999999999840 ) ) ;
#3528 = ORIENTED_EDGE ( 'NONE', *, *, #67, .F. ) ;
#3529 = CARTESIAN_POINT ( 'NONE',  ( 2.084999999999999964, 0.8900000000000122258, -2.964999999999999858 ) ) ;
#3530 = EDGE_CURVE ( 'NONE', #7271, #5454, #3180, .T. ) ;
#3531 = LINE ( 'NONE', #5530, #4200 ) ;
#3532 = CARTESIAN_POINT ( 'NONE',  ( -2.984653575776294865, -3.794707603699265519E-16, -0.8450000000000003064 ) ) ;
#3533 = DIRECTION ( 'NONE',  ( -0.000000000000000000, -0.000000000000000000, -1.000000000000000000 ) ) ;
#3534 = VERTEX_POINT ( 'NONE', #2534 ) ;
#3535 = CARTESIAN_POINT ( 'NONE',  ( -2.449768264469166734, 0.2579400421529494669, -0.8450000000000003064 ) ) ;
#3536 = DIRECTION ( 'NONE',  ( 1.000000000000000000, 8.993001040601393045E-16, -0.000000000000000000 ) ) ;
#3537 = CARTESIAN_POINT ( 'NONE',  ( -1.950000000000000400, 0.8900000000000123368, -2.115000000000000213 ) ) ;
#3538 = VECTOR ( 'NONE', #1241, 1000.000000000000000 ) ;
#3539 = DIRECTION ( 'NONE',  ( -0.000000000000000000, -0.000000000000000000, -1.000000000000000000 ) ) ;
#3540 = VECTOR ( 'NONE', #3104, 1000.000000000000000 ) ;
#3541 = VERTEX_POINT ( 'NONE', #795 ) ;
#3542 = DIRECTION ( 'NONE',  ( 0.000000000000000000, 0.000000000000000000, 1.000000000000000000 ) ) ;
#3543 = ORIENTED_EDGE ( 'NONE', *, *, #578, .T. ) ;
#3544 = FILL_AREA_STYLE ('',( #3505 ) ) ;
#3545 = VECTOR ( 'NONE', #5376, 1000.000000000000000 ) ;
#3546 = ORIENTED_EDGE ( 'NONE', *, *, #3029, .T. ) ;
#3548 = DIRECTION ( 'NONE',  ( 8.993001040601393045E-16, 1.000000000000000000, -0.000000000000000000 ) ) ;
#3547 = DIRECTION ( 'NONE',  ( 8.993001040601393045E-16, -1.000000000000000000, 0.000000000000000000 ) ) ;
#3549 = VECTOR ( 'NONE', #6315, 1000.000000000000000 ) ;
#3550 = ADVANCED_FACE ( 'NONE', ( #721 ), #6029, .T. ) ;
#3551 = DIRECTION ( 'NONE',  ( 1.000000000000000000, 0.000000000000000000, 0.000000000000000000 ) ) ;
#3552 = VECTOR ( 'NONE', #4538, 1000.000000000000000 ) ;
#3553 = ORIENTED_EDGE ( 'NONE', *, *, #1916, .T. ) ;
#3554 = EDGE_LOOP ( 'NONE', ( #5542, #2115, #7004, #2238 ) ) ;
#3555 = CARTESIAN_POINT ( 'NONE',  ( -1.950000000000000400, -10.64048871058091983, 4.949999999999999289 ) ) ;
#3556 = DIRECTION ( 'NONE',  ( -1.000000000000000000, 0.000000000000000000, 0.000000000000000000 ) ) ;
#3557 = LINE ( 'NONE', #7508, #2095 ) ;
#3558 = ADVANCED_FACE ( 'NONE', ( #7099 ), #7143, .F. ) ;
#3559 = VECTOR ( 'NONE', #5790, 1000.000000000000000 ) ;
#3560 = DIRECTION ( 'NONE',  ( 0.06975647374412144441, 0.9975640502598245307, -0.000000000000000000 ) ) ;
#3561 = CARTESIAN_POINT ( 'NONE',  ( 2.084999999999999964, 1.109999999999987885, -0.8450000000000003064 ) ) ;
#3562 = ORIENTED_EDGE ( 'NONE', *, *, #4332, .F. ) ;
#3563 = ORIENTED_EDGE ( 'NONE', *, *, #283, .T. ) ;
#3564 = DIRECTION ( 'NONE',  ( -0.000000000000000000, -0.000000000000000000, -1.000000000000000000 ) ) ;
#3565 = EDGE_LOOP ( 'NONE', ( #1063, #3473, #5675, #5378 ) ) ;
#3566 = CARTESIAN_POINT ( 'NONE',  ( 1.949999999999999956, 0.8900000000000123368, -0.4250000000000000444 ) ) ;
#3567 = CARTESIAN_POINT ( 'NONE',  ( -2.379999999999975913, 0.8150000000000123812, 2.115000000000000657 ) ) ;
#3568 = ADVANCED_FACE ( 'NONE', ( #6100 ), #6573, .F. ) ;
#3569 = CARTESIAN_POINT ( 'NONE',  ( -0.7737430971006734604, 2.500411887915114928, 4.704832869862772604 ) ) ;
#3570 = VECTOR ( 'NONE', #769, 1000.000000000000000 ) ;
#3571 = DIRECTION ( 'NONE',  ( 8.031127203596320741E-16, 1.000000000000000000, -0.000000000000000000 ) ) ;
#3572 = ORIENTED_EDGE ( 'NONE', *, *, #2727, .F. ) ;
#3573 = ORIENTED_EDGE ( 'NONE', *, *, #4124, .F. ) ;
#3574 = PLANE ( 'NONE',  #4733 ) ;
#3575 = CARTESIAN_POINT ( 'NONE',  ( 1.949999999999999956, 1.109999999999987663, -2.964999999999999858 ) ) ;
#3576 = AXIS2_PLACEMENT_3D ( 'NONE', #3418, #4117, #6925 ) ;
#3577 = CARTESIAN_POINT ( 'NONE',  ( -2.084999999999999964, 0.8900000000000122258, 2.964999999999999858 ) ) ;
#3578 = LINE ( 'NONE', #811, #4444 ) ;
#3579 = ORIENTED_EDGE ( 'NONE', *, *, #3461, .F. ) ;
#3580 = VECTOR ( 'NONE', #6599, 1000.000000000000000 ) ;
#3581 = EDGE_CURVE ( 'NONE', #1369, #2687, #6611, .T. ) ;
#3582 = FACE_OUTER_BOUND ( 'NONE', #3437, .T. ) ;
#3583 = VERTEX_POINT ( 'NONE', #5949 ) ;
#3584 = SURFACE_SIDE_STYLE ('',( #4824 ) ) ;
#3585 = VERTEX_POINT ( 'NONE', #1889 ) ;
#3587 = CARTESIAN_POINT ( 'NONE',  ( 2.434421840245462487, 0.03847595109581208178, 0.4250000000000000444 ) ) ;
#3586 = CARTESIAN_POINT ( 'NONE',  ( -2.434421840245462487, 0.03847595109581208178, 3.384999999999999787 ) ) ;
#3588 = DIRECTION ( 'NONE',  ( 0.000000000000000000, 0.000000000000000000, 1.000000000000000000 ) ) ;
#3589 = CARTESIAN_POINT ( 'NONE',  ( 2.379999999999975913, 0.8150000000000123812, -4.655000000000000249 ) ) ;
#3590 = ORIENTED_EDGE ( 'NONE', *, *, #3640, .F. ) ;
#3591 = EDGE_CURVE ( 'NONE', #3742, #7531, #1303, .T. ) ;
#3592 = CLOSED_SHELL ( 'NONE', ( #265, #3084, #1621, #5783, #4532, #2347, #5666, #3965, #7218, #1819, #212, #6794, #6314, #5261, #3276, #5493, #4791, #6168 ) ) ;
#3593 = EDGE_LOOP ( 'NONE', ( #7398, #7212, #1375, #5805 ) ) ;
#3594 = LINE ( 'NONE', #790, #5749 ) ;
#3595 = CARTESIAN_POINT ( 'NONE',  ( 2.984653575776294865, -3.794707603699265519E-16, 4.655000000000000249 ) ) ;
#3596 = EDGE_CURVE ( 'NONE', #6286, #4635, #4220, .T. ) ;
#3597 = AXIS2_PLACEMENT_3D ( 'NONE', #6821, #4474, #6710 ) ;
#3598 = PLANE ( 'NONE',  #7481 ) ;
#3599 = DIRECTION ( 'NONE',  ( -0.000000000000000000, -0.000000000000000000, -1.000000000000000000 ) ) ;
#3600 = CARTESIAN_POINT ( 'NONE',  ( -1.950000000000000400, 0.8900000000000123368, 4.655000000000000249 ) ) ;
#3601 = EDGE_LOOP ( 'NONE', ( #5576, #2475, #6461, #2556 ) ) ;
#3602 = ORIENTED_EDGE ( 'NONE', *, *, #6185, .T. ) ;
#3603 = STYLED_ITEM ( 'NONE', ( #5665 ), #1390 ) ;
#3604 = FACE_OUTER_BOUND ( 'NONE', #1624, .T. ) ;
#3605 = VERTEX_POINT ( 'NONE', #3106 ) ;
#3606 = FACE_OUTER_BOUND ( 'NONE', #4364, .T. ) ;
#3607 = CARTESIAN_POINT ( 'NONE',  ( -1.950000000000000400, 0.8900000000000123368, -4.235000000000000320 ) ) ;
#3608 = VECTOR ( 'NONE', #4427, 1000.000000000000000 ) ;
#3609 = EDGE_CURVE ( 'NONE', #445, #4711, #5262, .T. ) ;
#3610 = CARTESIAN_POINT ( 'NONE',  ( 2.984653575776294865, -3.794707603699265519E-16, -2.964999999999999858 ) ) ;
#3611 = FILL_AREA_STYLE_COLOUR ( '', #2253 ) ;
#3612 = VERTEX_POINT ( 'NONE', #5414 ) ;
#3613 = ADVANCED_FACE ( 'NONE', ( #6647 ), #147, .T. ) ;
#3614 = CYLINDRICAL_SURFACE ( 'NONE', #2041, 0.2949999999999758371 ) ;
#3615 = DIRECTION ( 'NONE',  ( 0.000000000000000000, 0.000000000000000000, -1.000000000000000000 ) ) ;
#3616 = LINE ( 'NONE', #3577, #5371 ) ;
#3617 = DIRECTION ( 'NONE',  ( 1.000000000000000000, 0.000000000000000000, -0.000000000000000000 ) ) ;
#3618 = ORIENTED_EDGE ( 'NONE', *, *, #776, .F. ) ;
#3619 = CARTESIAN_POINT ( 'NONE',  ( -2.159999999999999698, 0.3327573459224363317, 3.384999999999999787 ) ) ;
#3620 = ORIENTED_EDGE ( 'NONE', *, *, #6958, .F. ) ;
#3621 = ORIENTED_EDGE ( 'NONE', *, *, #7073, .F. ) ;
#3622 = EDGE_CURVE ( 'NONE', #4417, #1194, #6680, .T. ) ;
#3623 = ORIENTED_EDGE ( 'NONE', *, *, #767, .F. ) ;
#3625 = CARTESIAN_POINT ( 'NONE',  ( 2.084999999999999964, 0.8900000000000122258, -2.964999999999999858 ) ) ;
#3624 = CARTESIAN_POINT ( 'NONE',  ( -2.084999999999999964, 0.8900000000000122258, 4.655000000000000249 ) ) ;
#3626 = DIRECTION ( 'NONE',  ( -0.000000000000000000, -0.000000000000000000, -1.000000000000000000 ) ) ;
#3627 = VECTOR ( 'NONE', #5621, 1000.000000000000227 ) ;
#3628 = LINE ( 'NONE', #5405, #1498 ) ;
#3629 = PRESENTATION_LAYER_ASSIGNMENT (  '', '', ( #3375 ) ) ;
#3630 = ORIENTED_EDGE ( 'NONE', *, *, #3277, .T. ) ;
#3631 = AXIS2_PLACEMENT_3D ( 'NONE', #1973, #7230, #3766 ) ;
#3632 = VERTEX_POINT ( 'NONE', #1995 ) ;
#3633 = PLANE ( 'NONE',  #1212 ) ;
#3634 = CARTESIAN_POINT ( 'NONE',  ( -1.950000000000000400, 1.109999999999987663, -4.235000000000000320 ) ) ;
#3635 =( GEOMETRIC_REPRESENTATION_CONTEXT ( 3 ) GLOBAL_UNCERTAINTY_ASSIGNED_CONTEXT ( ( #7287 ) ) GLOBAL_UNIT_ASSIGNED_CONTEXT ( ( #1128, #585, #1207 ) ) REPRESENTATION_CONTEXT ( 'NONE', 'WORKASPACE' ) );
#3636 = CARTESIAN_POINT ( 'NONE',  ( -2.984653575776294865, -3.794707603699265519E-16, 4.655000000000000249 ) ) ;
#3637 = EDGE_CURVE ( 'NONE', #7284, #2498, #3751, .T. ) ;
#3638 = ADVANCED_FACE ( 'NONE', ( #292 ), #7494, .F. ) ;
#3639 = FACE_OUTER_BOUND ( 'NONE', #3864, .T. ) ;
#3640 = EDGE_CURVE ( 'NONE', #6281, #5972, #3293, .T. ) ;
#3641 = DIRECTION ( 'NONE',  ( -0.000000000000000000, -0.000000000000000000, -1.000000000000000000 ) ) ;
#3642 = AXIS2_PLACEMENT_3D ( 'NONE', #6933, #7012, #50 ) ;
#3643 = ORIENTED_EDGE ( 'NONE', *, *, #2963, .T. ) ;
#3644 = VERTEX_POINT ( 'NONE', #2104 ) ;
#3645 = CARTESIAN_POINT ( 'NONE',  ( 1.949999999999999956, 0.8900000000000123368, -1.694999999999999840 ) ) ;
#3646 = ORIENTED_EDGE ( 'NONE', *, *, #6701, .F. ) ;
#3647 = DIRECTION ( 'NONE',  ( 0.9975640502598246417, -0.06975647374411851620, 0.000000000000000000 ) ) ;
#3648 = CARTESIAN_POINT ( 'NONE',  ( 2.454999999999975646, 0.3327573459224363317, -4.655000000000000249 ) ) ;
#3649 = EDGE_CURVE ( 'NONE', #976, #2427, #257, .T. ) ;
#3650 = AXIS2_PLACEMENT_3D ( 'NONE', #5885, #6466, #3499 ) ;
#3651 = CARTESIAN_POINT ( 'NONE',  ( 3.000000000000000000, 0.2194640910571372949, 2.115000000000000657 ) ) ;
#3652 = FILL_AREA_STYLE ('',( #3611 ) ) ;
#3653 = ORIENTED_EDGE ( 'NONE', *, *, #6304, .T. ) ;
#3654 = DIRECTION ( 'NONE',  ( 1.000000000000000000, 0.000000000000000000, -0.000000000000000000 ) ) ;
#3655 = PLANE ( 'NONE',  #3988 ) ;
#3656 = CYLINDRICAL_SURFACE ( 'NONE', #326, 0.2949999999999756151 ) ;
#3657 = AXIS2_PLACEMENT_3D ( 'NONE', #6269, #6299, #5069 ) ;
#3658 = DIRECTION ( 'NONE',  ( 1.000000000000000000, 0.000000000000000000, 0.000000000000000000 ) ) ;
#3659 = EDGE_CURVE ( 'NONE', #5753, #1831, #2640, .T. ) ;
#3660 = ORIENTED_EDGE ( 'NONE', *, *, #6923, .F. ) ;
#3661 = LINE ( 'NONE', #4822, #2718 ) ;
#3662 = ORIENTED_EDGE ( 'NONE', *, *, #6789, .T. ) ;
#3663 = CARTESIAN_POINT ( 'NONE',  ( 2.084999999999999964, 1.109999999999987885, -1.694999999999999840 ) ) ;
#3664 = EDGE_LOOP ( 'NONE', ( #1962, #2143, #3623, #2086 ) ) ;
#3665 = ORIENTED_EDGE ( 'NONE', *, *, #677, .F. ) ;
#3666 = LINE ( 'NONE', #3778, #5589 ) ;
#3667 = CARTESIAN_POINT ( 'NONE',  ( 1.949999999999999956, 0.8900000000000123368, 4.655000000000000249 ) ) ;
#3668 = CARTESIAN_POINT ( 'NONE',  ( -2.454999999999975646, 0.3327573459224363317, -4.655000000000000249 ) ) ;
#3669 = AXIS2_PLACEMENT_3D ( 'NONE', #554, #6902, #5164 ) ;
#3670 = DIRECTION ( 'NONE',  ( 0.9975640502598245307, 0.06975647374412144441, -0.000000000000000000 ) ) ;
#3671 = ADVANCED_FACE ( 'NONE', ( #944 ), #3863, .T. ) ;
#3672 = VECTOR ( 'NONE', #3681, 1000.000000000000000 ) ;
#3673 = VERTEX_POINT ( 'NONE', #6967 ) ;
#3674 = AXIS2_PLACEMENT_3D ( 'NONE', #467, #3470, #2930 ) ;
#3675 = VERTEX_POINT ( 'NONE', #5599 ) ;
#3676 = LINE ( 'NONE', #4751, #5511 ) ;
#3677 = UNCERTAINTY_MEASURE_WITH_UNIT (LENGTH_MEASURE( 1.000000000000000082E-05 ), #4085, 'distance_accuracy_value', 'NONE');
#3678 = SURFACE_STYLE_FILL_AREA ( #3171 ) ;
#3679 = CARTESIAN_POINT ( 'NONE',  ( 3.000000000000000000, 0.2194640910571372949, 1.695000000000000284 ) ) ;
#3680 = VECTOR ( 'NONE', #2541, 1000.000000000000114 ) ;
#3681 = DIRECTION ( 'NONE',  ( -0.000000000000000000, -0.000000000000000000, -1.000000000000000000 ) ) ;
#3682 = VERTEX_POINT ( 'NONE', #6212 ) ;
#3683 = ORIENTED_EDGE ( 'NONE', *, *, #3999, .T. ) ;
#3684 = DIRECTION ( 'NONE',  ( 1.000000000000000000, 0.000000000000000000, 0.000000000000000000 ) ) ;
#3685 = ORIENTED_EDGE ( 'NONE', *, *, #6117, .T. ) ;
#3686 = DIRECTION ( 'NONE',  ( -0.000000000000000000, -0.000000000000000000, -1.000000000000000000 ) ) ;
#3687 = PLANE ( 'NONE',  #253 ) ;
#3688 = DIRECTION ( 'NONE',  ( -0.000000000000000000, -0.000000000000000000, -1.000000000000000000 ) ) ;
#3689 = LINE ( 'NONE', #5459, #1276 ) ;
#3690 = ORIENTED_EDGE ( 'NONE', *, *, #1742, .T. ) ;
#3691 = ADVANCED_FACE ( 'NONE', ( #4003 ), #1494, .F. ) ;
#3692 = DIRECTION ( 'NONE',  ( -1.000000000000000000, 0.000000000000000000, 0.000000000000000000 ) ) ;
#3693 = AXIS2_PLACEMENT_3D ( 'NONE', #6250, #4445, #6788 ) ;
#3694 =( NAMED_UNIT ( * ) PLANE_ANGLE_UNIT ( ) SI_UNIT ( $, .RADIAN. ) );
#3695 = CARTESIAN_POINT ( 'NONE',  ( 2.984653575776294865, -3.794707603699265519E-16, 2.115000000000000657 ) ) ;
#3696 = ORIENTED_EDGE ( 'NONE', *, *, #2298, .T. ) ;
#3697 = FACE_OUTER_BOUND ( 'NONE', #6758, .T. ) ;
#3698 = EDGE_LOOP ( 'NONE', ( #7445, #2122, #3528, #2551 ) ) ;
#3699 =( NAMED_UNIT ( * ) SI_UNIT ( $, .STERADIAN. ) SOLID_ANGLE_UNIT ( ) );
#3700 = VECTOR ( 'NONE', #1836, 1000.000000000000000 ) ;
#3701 = EDGE_LOOP ( 'NONE', ( #1943, #3069, #2467, #5843, #5437, #4537, #5406, #852, #2482, #6801, #2159, #4644 ) ) ;
#3702 = ADVANCED_FACE ( 'NONE', ( #6178 ), #5734, .F. ) ;
#3703 = ORIENTED_EDGE ( 'NONE', *, *, #619, .F. ) ;
#3704 = CYLINDRICAL_SURFACE ( 'NONE', #4994, 0.07500000000000041356 ) ;
#3705 = CYLINDRICAL_SURFACE ( 'NONE', #7179, 0.07499999999999998335 ) ;
#3706 = DIRECTION ( 'NONE',  ( -1.000000000000000000, 0.000000000000000000, 0.000000000000000000 ) ) ;
#3707 = CIRCLE ( 'NONE', #4813, 0.07500000000000041356 ) ;
#3708 = AXIS2_PLACEMENT_3D ( 'NONE', #4080, #1158, #5271 ) ;
#3709 = ORIENTED_EDGE ( 'NONE', *, *, #5626, .F. ) ;
#3710 = EDGE_CURVE ( 'NONE', #7443, #4919, #904, .T. ) ;
#3711 = ORIENTED_EDGE ( 'NONE', *, *, #4770, .T. ) ;
#3712 = DIRECTION ( 'NONE',  ( 0.06975647374411853008, -0.9975640502598247528, 0.000000000000000000 ) ) ;
#3713 = DIRECTION ( 'NONE',  ( 8.993001040601393045E-16, 1.000000000000000000, -0.000000000000000000 ) ) ;
#3714 = DIRECTION ( 'NONE',  ( 1.000000000000000000, 0.000000000000000000, 0.000000000000000000 ) ) ;
#3715 = ORIENTED_EDGE ( 'NONE', *, *, #3961, .F. ) ;
#3716 = ORIENTED_EDGE ( 'NONE', *, *, #306, .F. ) ;
#3717 = DIRECTION ( 'NONE',  ( 0.06975647374411914070, 0.9975640502598247528, -0.000000000000000000 ) ) ;
#3718 = ORIENTED_EDGE ( 'NONE', *, *, #4362, .T. ) ;
#3719 = DIRECTION ( 'NONE',  ( -0.000000000000000000, -0.000000000000000000, -1.000000000000000000 ) ) ;
#3720 = EDGE_CURVE ( 'NONE', #167, #6319, #4448, .T. ) ;
#3721 = PLANE ( 'NONE',  #5281 ) ;
#3722 = ADVANCED_FACE ( 'NONE', ( #6930 ), #2064, .F. ) ;
#3723 = CARTESIAN_POINT ( 'NONE',  ( -1.950000000000000400, 1.109999999999987663, 0.8450000000000003064 ) ) ;
#3724 = ORIENTED_EDGE ( 'NONE', *, *, #2763, .F. ) ;
#3725 = ORIENTED_EDGE ( 'NONE', *, *, #4805, .T. ) ;
#3726 = FACE_OUTER_BOUND ( 'NONE', #7018, .T. ) ;
#3727 = CARTESIAN_POINT ( 'NONE',  ( 2.160000000000000142, 0.8150000000000123812, 2.115000000000000657 ) ) ;
#3728 = AXIS2_PLACEMENT_3D ( 'NONE', #1658, #1069, #492 ) ;
#3729 = CARTESIAN_POINT ( 'NONE',  ( 2.159999999999999698, 0.3327573459224363317, -4.235000000000000320 ) ) ;
#3730 = EDGE_CURVE ( 'NONE', #6992, #1565, #1464, .T. ) ;
#3731 = EDGE_CURVE ( 'NONE', #3349, #2152, #4404, .T. ) ;
#3732 = ORIENTED_EDGE ( 'NONE', *, *, #5597, .T. ) ;
#3733 = CARTESIAN_POINT ( 'NONE',  ( -2.449768264469166734, 0.2579400421529493004, -0.4250000000000000444 ) ) ;
#3734 = ORIENTED_EDGE ( 'NONE', *, *, #4062, .T. ) ;
#3735 = EDGE_CURVE ( 'NONE', #3264, #976, #2603, .T. ) ;
#3736 = PLANE ( 'NONE',  #464 ) ;
#3737 = ORIENTED_EDGE ( 'NONE', *, *, #3046, .F. ) ;
#3738 = CARTESIAN_POINT ( 'NONE',  ( -1.050000000000000266, 1.750000000000000000, -4.100000000000002309 ) ) ;
#3739 = CARTESIAN_POINT ( 'NONE',  ( 2.379999999999975913, 0.8150000000000123812, 3.384999999999999787 ) ) ;
#3740 = DIRECTION ( 'NONE',  ( -1.000000000000000000, 0.000000000000000000, 0.000000000000000000 ) ) ;
#3741 = DIRECTION ( 'NONE',  ( 1.000000000000000000, 0.000000000000000000, -0.000000000000000000 ) ) ;
#3742 = VERTEX_POINT ( 'NONE', #4945 ) ;
#3743 = EDGE_LOOP ( 'NONE', ( #5352, #2131, #5812, #3690 ) ) ;
#3744 = DIRECTION ( 'NONE',  ( 0.000000000000000000, 1.000000000000000000, 0.000000000000000000 ) ) ;
#3745 =( GEOMETRIC_REPRESENTATION_CONTEXT ( 3 ) GLOBAL_UNCERTAINTY_ASSIGNED_CONTEXT ( ( #3059 ) ) GLOBAL_UNIT_ASSIGNED_CONTEXT ( ( #5501, #3694, #6115 ) ) REPRESENTATION_CONTEXT ( 'NONE', 'WORKASPACE' ) );
#3746 = CARTESIAN_POINT ( 'NONE',  ( 3.000000000000000000, 0.2194640910571372949, -4.235000000000000320 ) ) ;
#3747 = DIRECTION ( 'NONE',  ( 0.000000000000000000, -1.000000000000000000, 0.000000000000000000 ) ) ;
#3748 = EDGE_CURVE ( 'NONE', #3865, #5950, #3828, .T. ) ;
#3749 = EDGE_CURVE ( 'NONE', #4761, #3632, #4623, .T. ) ;
#3750 = CIRCLE ( 'NONE', #195, 0.2949999999999756151 ) ;
#3751 = LINE ( 'NONE', #5154, #6626 ) ;
#3752 = ORIENTED_EDGE ( 'NONE', *, *, #3785, .T. ) ;
#3753 = ORIENTED_EDGE ( 'NONE', *, *, #6491, .T. ) ;
#3754 = CARTESIAN_POINT ( 'NONE',  ( -1.950000000000000400, 1.109999999999987663, 0.8450000000000003064 ) ) ;
#3755 = AXIS2_PLACEMENT_3D ( 'NONE', #1137, #2252, #2335 ) ;
#3756 = ORIENTED_EDGE ( 'NONE', *, *, #3131, .T. ) ;
#3757 = CARTESIAN_POINT ( 'NONE',  ( -2.084999999999999964, 0.8150000000000123812, 0.8450000000000003064 ) ) ;
#3758 = LINE ( 'NONE', #730, #272 ) ;
#3759 = AXIS2_PLACEMENT_3D ( 'NONE', #6990, #5755, #6414 ) ;
#3760 = AXIS2_PLACEMENT_3D ( 'NONE', #2695, #1005, #353 ) ;
#3761 = ADVANCED_FACE ( 'NONE', ( #2028 ), #2672, .F. ) ;
#3762 = LINE ( 'NONE', #1933, #3419 ) ;
#3763 = ORIENTED_EDGE ( 'NONE', *, *, #7166, .F. ) ;
#3764 = ORIENTED_EDGE ( 'NONE', *, *, #2623, .F. ) ;
#3765 = ADVANCED_FACE ( 'NONE', ( #659 ), #7566, .F. ) ;
#3766 = DIRECTION ( 'NONE',  ( 0.9975640502598246417, 0.06975647374411851620, 0.000000000000000000 ) ) ;
#3767 = MANIFOLD_SOLID_BREP ( 'LPattern1[10]', #32 ) ;
#3768 = CARTESIAN_POINT ( 'NONE',  ( -2.084999999999999964, 1.109999999999987663, -1.694999999999999840 ) ) ;
#3769 = LINE ( 'NONE', #7156, #5217 ) ;
#3770 = CIRCLE ( 'NONE', #443, 0.07500000000000041356 ) ;
#3771 = LINE ( 'NONE', #2009, #21 ) ;
#3772 = ORIENTED_EDGE ( 'NONE', *, *, #7023, .F. ) ;
#3773 = DIRECTION ( 'NONE',  ( 1.000000000000000000, 0.000000000000000000, 0.000000000000000000 ) ) ;
#3774 = ORIENTED_EDGE ( 'NONE', *, *, #4193, .T. ) ;
#3775 = DIRECTION ( 'NONE',  ( 1.000000000000000000, -8.031127203596320741E-16, -0.000000000000000000 ) ) ;
#3776 = ADVANCED_FACE ( 'NONE', ( #5355 ), #46, .T. ) ;
#3777 = EDGE_LOOP ( 'NONE', ( #4240, #199, #3579, #7126 ) ) ;
#3778 = CARTESIAN_POINT ( 'NONE',  ( -3.000000000000000000, 0.2194640910571372949, -2.964999999999999858 ) ) ;
#3779 = CARTESIAN_POINT ( 'NONE',  ( 2.449768264469166734, 0.2579400421529494669, 3.384999999999999787 ) ) ;
#3780 = LINE ( 'NONE', #3202, #7500 ) ;
#3781 = DIRECTION ( 'NONE',  ( -0.000000000000000000, -0.000000000000000000, -1.000000000000000000 ) ) ;
#3782 = DIRECTION ( 'NONE',  ( -0.000000000000000000, -0.000000000000000000, -1.000000000000000000 ) ) ;
#3783 = ORIENTED_EDGE ( 'NONE', *, *, #5300, .T. ) ;
#3784 = EDGE_LOOP ( 'NONE', ( #2291, #4634, #5236, #5786, #3116, #3737, #5861, #3364, #6173, #1448, #137, #3404 ) ) ;
#3785 = EDGE_CURVE ( 'NONE', #4664, #3295, #1870, .T. ) ;
#3786 = CARTESIAN_POINT ( 'NONE',  ( 2.084999999999999964, 0.8150000000000123812, 2.964999999999999858 ) ) ;
#3787 = CARTESIAN_POINT ( 'NONE',  ( -2.379999999999975913, 0.8150000000000123812, -0.4250000000000000444 ) ) ;
#3788 = VECTOR ( 'NONE', #4300, 1000.000000000000114 ) ;
#3789 = DIRECTION ( 'NONE',  ( -0.000000000000000000, -0.000000000000000000, -1.000000000000000000 ) ) ;
#3790 = ORIENTED_EDGE ( 'NONE', *, *, #3146, .F. ) ;
#3791 = VERTEX_POINT ( 'NONE', #581 ) ;
#3792 = FACE_OUTER_BOUND ( 'NONE', #3166, .T. ) ;
#3793 = EDGE_CURVE ( 'NONE', #987, #577, #6472, .T. ) ;
#3794 = ORIENTED_EDGE ( 'NONE', *, *, #5564, .T. ) ;
#3795 = FACE_OUTER_BOUND ( 'NONE', #4317, .T. ) ;
#3796 = AXIS2_PLACEMENT_3D ( 'NONE', #4383, #2617, #3009 ) ;
#3797 = DIRECTION ( 'NONE',  ( -1.000000000000000000, 0.000000000000000000, 0.000000000000000000 ) ) ;
#3798 = VECTOR ( 'NONE', #3836, 1000.000000000000000 ) ;
#3799 = DIRECTION ( 'NONE',  ( -1.000000000000000000, 0.000000000000000000, 0.000000000000000000 ) ) ;
#3800 = VECTOR ( 'NONE', #5101, 1000.000000000000000 ) ;
#3801 = ORIENTED_EDGE ( 'NONE', *, *, #3062, .F. ) ;
#3802 = ORIENTED_EDGE ( 'NONE', *, *, #866, .F. ) ;
#3803 = CARTESIAN_POINT ( 'NONE',  ( 2.984653575776294865, -3.794707603699265519E-16, -4.235000000000000320 ) ) ;
#3804 = PLANE ( 'NONE',  #5018 ) ;
#3805 = ORIENTED_EDGE ( 'NONE', *, *, #1694, .F. ) ;
#3806 = VECTOR ( 'NONE', #5026, 1000.000000000000000 ) ;
#3807 = CARTESIAN_POINT ( 'NONE',  ( -2.434421840245462487, 0.03847595109581208178, -2.115000000000000213 ) ) ;
#3808 = VERTEX_POINT ( 'NONE', #4737 ) ;
#3809 = DIRECTION ( 'NONE',  ( -0.000000000000000000, -0.000000000000000000, -1.000000000000000000 ) ) ;
#3810 = LINE ( 'NONE', #7347, #1798 ) ;
#3811 = CARTESIAN_POINT ( 'NONE',  ( -2.084999999999999964, 0.8150000000000123812, -3.384999999999999787 ) ) ;
#3812 = CARTESIAN_POINT ( 'NONE',  ( -2.454999999999975646, 0.3327573459224363317, 2.115000000000000657 ) ) ;
#3813 = CARTESIAN_POINT ( 'NONE',  ( 2.984653575776294865, -3.794707603699265519E-16, -4.655000000000000249 ) ) ;
#3814 = EDGE_CURVE ( 'NONE', #2780, #2866, #6621, .T. ) ;
#3815 = VECTOR ( 'NONE', #4090, 1000.000000000000227 ) ;
#3816 = CARTESIAN_POINT ( 'NONE',  ( 2.084999999999999964, 0.8150000000000123812, 0.4250000000000000444 ) ) ;
#3817 = ORIENTED_EDGE ( 'NONE', *, *, #2965, .T. ) ;
#3818 = VERTEX_POINT ( 'NONE', #1757 ) ;
#3819 = DIRECTION ( 'NONE',  ( -0.000000000000000000, -0.000000000000000000, -1.000000000000000000 ) ) ;
#3820 = UNCERTAINTY_MEASURE_WITH_UNIT (LENGTH_MEASURE( 1.000000000000000082E-05 ), #1551, 'distance_accuracy_value', 'NONE');
#3821 = CARTESIAN_POINT ( 'NONE',  ( -2.159999999999999698, 0.3327573459224363317, 4.655000000000000249 ) ) ;
#3822 = AXIS2_PLACEMENT_3D ( 'NONE', #121, #1321, #3658 ) ;
#3823 = CARTESIAN_POINT ( 'NONE',  ( -2.160000000000000142, 0.8150000000000123812, 2.115000000000000657 ) ) ;
#3824 = ADVANCED_FACE ( 'NONE', ( #1163 ), #7084, .F. ) ;
#3825 = EDGE_CURVE ( 'NONE', #3475, #1385, #6515, .T. ) ;
#3826 = MANIFOLD_SOLID_BREP ( 'LPattern1[1]', #1635 ) ;
#3827 = VECTOR ( 'NONE', #5660, 1000.000000000000000 ) ;
#3828 = LINE ( 'NONE', #328, #2316 ) ;
#3829 = EDGE_LOOP ( 'NONE', ( #5125, #6910, #7113, #5677 ) ) ;
#3830 = ORIENTED_EDGE ( 'NONE', *, *, #794, .T. ) ;
#3831 = ADVANCED_FACE ( 'NONE', ( #2515 ), #1790, .F. ) ;
#3832 = DIRECTION ( 'NONE',  ( 1.000000000000000000, 0.000000000000000000, 0.000000000000000000 ) ) ;
#3833 = ORIENTED_EDGE ( 'NONE', *, *, #5892, .T. ) ;
#3834 = CARTESIAN_POINT ( 'NONE',  ( 2.084999999999999964, 0.8150000000000123812, 2.115000000000000657 ) ) ;
#3835 = DIRECTION ( 'NONE',  ( -0.06975647374411914070, 0.9975640502598247528, 0.000000000000000000 ) ) ;
#3836 = DIRECTION ( 'NONE',  ( 8.993001040601393045E-16, -1.000000000000000000, 0.000000000000000000 ) ) ;
#3837 = ORIENTED_EDGE ( 'NONE', *, *, #608, .T. ) ;
#3838 = ORIENTED_EDGE ( 'NONE', *, *, #6955, .T. ) ;
#3839 = CARTESIAN_POINT ( 'NONE',  ( -2.454999999999975646, 0.3327573459224363317, 3.384999999999999787 ) ) ;
#3840 = ORIENTED_EDGE ( 'NONE', *, *, #7187, .F. ) ;
#3841 = LINE ( 'NONE', #380, #7110 ) ;
#3842 = EDGE_CURVE ( 'NONE', #6213, #7304, #1980, .T. ) ;
#3843 = ADVANCED_FACE ( 'NONE', ( #4429 ), #4966, .F. ) ;
#3844 = ORIENTED_EDGE ( 'NONE', *, *, #6133, .F. ) ;
#3845 = CARTESIAN_POINT ( 'NONE',  ( 2.084999999999999964, 0.8150000000000123812, -1.694999999999999840 ) ) ;
#3846 = ORIENTED_EDGE ( 'NONE', *, *, #6696, .F. ) ;
#3847 = DIRECTION ( 'NONE',  ( 0.000000000000000000, -0.1736481776669271393, 0.9848077530122086864 ) ) ;
#3848 = DIRECTION ( 'NONE',  ( -0.9848077530122086864, -0.1736481776669271393, 0.000000000000000000 ) ) ;
#3849 = LINE ( 'NONE', #2766, #5363 ) ;
#3850 = DIRECTION ( 'NONE',  ( -0.000000000000000000, -0.000000000000000000, -1.000000000000000000 ) ) ;
#3851 = CARTESIAN_POINT ( 'NONE',  ( 2.159999999999999698, 0.3327573459224363317, -2.115000000000000213 ) ) ;
#3852 = VECTOR ( 'NONE', #7043, 1000.000000000000000 ) ;
#3853 = LINE ( 'NONE', #145, #3959 ) ;
#3854 = ORIENTED_EDGE ( 'NONE', *, *, #6739, .F. ) ;
#3855 = EDGE_CURVE ( 'NONE', #6768, #6524, #1438, .T. ) ;
#3856 = ORIENTED_EDGE ( 'NONE', *, *, #1354, .F. ) ;
#3857 = EDGE_CURVE ( 'NONE', #7531, #3911, #889, .T. ) ;
#3858 = CARTESIAN_POINT ( 'NONE',  ( -2.379999999999975469, 0.3327573459224363317, 2.964999999999999858 ) ) ;
#3859 = AXIS2_PLACEMENT_3D ( 'NONE', #4785, #3588, #2442 ) ;
#3860 = CARTESIAN_POINT ( 'NONE',  ( -2.984653575776294865, -3.794707603699265519E-16, -0.4250000000000000444 ) ) ;
#3861 = CIRCLE ( 'NONE', #5103, 0.2949999999999756151 ) ;
#3862 = MANIFOLD_SOLID_BREP ( 'Boss-Extrude2', #397 ) ;
#3863 = CYLINDRICAL_SURFACE ( 'NONE', #5629, 0.2949999999999756151 ) ;
#3864 = EDGE_LOOP ( 'NONE', ( #2022, #1495, #6023, #7159 ) ) ;
#3865 = VERTEX_POINT ( 'NONE', #3663 ) ;
#3866 = DIRECTION ( 'NONE',  ( -0.000000000000000000, 1.000000000000000000, -0.000000000000000000 ) ) ;
#3867 = ORIENTED_EDGE ( 'NONE', *, *, #6923, .T. ) ;
#3868 = CARTESIAN_POINT ( 'NONE',  ( 1.949999999999999956, 1.109999999999987663, -3.384999999999999787 ) ) ;
#3869 = ADVANCED_FACE ( 'NONE', ( #1477 ), #3736, .F. ) ;
#3870 = DIRECTION ( 'NONE',  ( -0.000000000000000000, -0.000000000000000000, -1.000000000000000000 ) ) ;
#3871 = EDGE_CURVE ( 'NONE', #1026, #2866, #7274, .T. ) ;
#3872 = DIRECTION ( 'NONE',  ( -0.000000000000000000, -0.000000000000000000, -1.000000000000000000 ) ) ;
#3873 = STYLED_ITEM ( 'NONE', ( #4941 ), #6300 ) ;
#3874 = VERTEX_POINT ( 'NONE', #6012 ) ;
#3875 = ORIENTED_EDGE ( 'NONE', *, *, #2308, .T. ) ;
#3876 = CARTESIAN_POINT ( 'NONE',  ( 2.159999999999999698, 0.3327573459224363317, 0.4250000000000000444 ) ) ;
#3877 = ORIENTED_EDGE ( 'NONE', *, *, #828, .F. ) ;
#3878 = AXIS2_PLACEMENT_3D ( 'NONE', #1737, #2827, #7102 ) ;
#3879 = FACE_OUTER_BOUND ( 'NONE', #4212, .T. ) ;
#3880 = ADVANCED_FACE ( 'NONE', ( #6162 ), #6083, .F. ) ;
#3881 = DIRECTION ( 'NONE',  ( 0.000000000000000000, 0.000000000000000000, 1.000000000000000000 ) ) ;
#3882 = PRESENTATION_LAYER_ASSIGNMENT (  '', '', ( #2895 ) ) ;
#3883 = FACE_OUTER_BOUND ( 'NONE', #7365, .T. ) ;
#3884 = DIRECTION ( 'NONE',  ( -0.000000000000000000, -0.000000000000000000, -1.000000000000000000 ) ) ;
#3885 = ORIENTED_EDGE ( 'NONE', *, *, #3306, .F. ) ;
#3886 = AXIS2_PLACEMENT_3D ( 'NONE', #457, #4078, #4037 ) ;
#3887 = CARTESIAN_POINT ( 'NONE',  ( 2.379999999999975913, 0.8150000000000123812, -4.235000000000000320 ) ) ;
#3888 = CARTESIAN_POINT ( 'NONE',  ( 2.449768264469166734, 0.2579400421529494669, 2.115000000000000657 ) ) ;
#3889 = DIRECTION ( 'NONE',  ( -8.993001040601393045E-16, -1.000000000000000000, -0.000000000000000000 ) ) ;
#3890 = DIRECTION ( 'NONE',  ( -0.9975640502598246417, -0.06975647374411912682, 0.000000000000000000 ) ) ;
#3891 = FACE_OUTER_BOUND ( 'NONE', #2966, .T. ) ;
#3892 = CARTESIAN_POINT ( 'NONE',  ( -2.084999999999999964, 0.8150000000000123812, 3.384999999999999787 ) ) ;
#3893 = ORIENTED_EDGE ( 'NONE', *, *, #1969, .T. ) ;
#3894 = EDGE_LOOP ( 'NONE', ( #6555, #7479, #1659, #1386 ) ) ;
#3895 = DIRECTION ( 'NONE',  ( -0.9975640502598246417, -0.06975647374411851620, 0.000000000000000000 ) ) ;
#3896 =( LENGTH_UNIT ( ) NAMED_UNIT ( * ) SI_UNIT ( .MILLI., .METRE. ) );
#3897 = LINE ( 'NONE', #3354, #6270 ) ;
#3898 = EDGE_CURVE ( 'NONE', #1976, #7147, #3407, .T. ) ;
#3899 = EDGE_LOOP ( 'NONE', ( #1526, #6392, #886, #3090 ) ) ;
#3900 = ORIENTED_EDGE ( 'NONE', *, *, #1756, .T. ) ;
#3901 = CARTESIAN_POINT ( 'NONE',  ( -1.904154985015797052, 1.370000000000004325, -4.904154985015797941 ) ) ;
#3902 = VERTEX_POINT ( 'NONE', #2660 ) ;
#3903 = LINE ( 'NONE', #950, #7241 ) ;
#3904 = STYLED_ITEM ( 'NONE', ( #5182 ), #3936 ) ;
#3905 = CARTESIAN_POINT ( 'NONE',  ( -1.050000000000000266, 1.700000000000000178, -4.550000000000002487 ) ) ;
#3906 = VECTOR ( 'NONE', #6641, 1000.000000000000227 ) ;
#3907 = ADVANCED_FACE ( 'NONE', ( #2554 ), #817, .T. ) ;
#3908 = DIRECTION ( 'NONE',  ( 0.000000000000000000, 0.000000000000000000, 1.000000000000000000 ) ) ;
#3909 = VECTOR ( 'NONE', #1687, 1000.000000000000000 ) ;
#3910 = VERTEX_POINT ( 'NONE', #6303 ) ;
#3911 = VERTEX_POINT ( 'NONE', #5657 ) ;
#3912 = CARTESIAN_POINT ( 'NONE',  ( -2.084999999999999964, 1.109999999999987663, 4.235000000000000320 ) ) ;
#3913 = VECTOR ( 'NONE', #1450, 1000.000000000000000 ) ;
#3914 = VERTEX_POINT ( 'NONE', #5620 ) ;
#3915 = DIRECTION ( 'NONE',  ( -0.000000000000000000, -0.000000000000000000, -1.000000000000000000 ) ) ;
#3916 = AXIS2_PLACEMENT_3D ( 'NONE', #4269, #5605, #3943 ) ;
#3917 = DIRECTION ( 'NONE',  ( -0.9975640502598245307, 0.06975647374412144441, 0.000000000000000000 ) ) ;
#3918 = ADVANCED_FACE ( 'NONE', ( #3373 ), #1554, .T. ) ;
#3919 = SURFACE_SIDE_STYLE ('',( #2311 ) ) ;
#3920 = VERTEX_POINT ( 'NONE', #3267 ) ;
#3921 = CARTESIAN_POINT ( 'NONE',  ( -1.950000000000000400, 1.109999999999987663, 3.384999999999999787 ) ) ;
#3922 = DIRECTION ( 'NONE',  ( -1.000000000000000000, -8.031127203596346379E-16, 0.000000000000000000 ) ) ;
#3923 = PLANE ( 'NONE',  #2901 ) ;
#3924 = CYLINDRICAL_SURFACE ( 'NONE', #2480, 0.2949999999999762812 ) ;
#3925 = CIRCLE ( 'NONE', #863, 0.07499999999999998335 ) ;
#3926 = PLANE ( 'NONE',  #6800 ) ;
#3927 = DIRECTION ( 'NONE',  ( 8.993001040601393045E-16, -1.000000000000000000, 0.000000000000000000 ) ) ;
#3928 = ORIENTED_EDGE ( 'NONE', *, *, #575, .F. ) ;
#3929 = ORIENTED_EDGE ( 'NONE', *, *, #2023, .T. ) ;
#3930 = CARTESIAN_POINT ( 'NONE',  ( -2.084999999999999964, 0.8900000000000122258, -1.694999999999999840 ) ) ;
#3931 = VECTOR ( 'NONE', #290, 1000.000000000000000 ) ;
#3932 = PRODUCT_DEFINITION_SHAPE ( 'NONE', 'NONE',  #6608 ) ;
#3933 = PLANE ( 'NONE',  #1563 ) ;
#3934 = DIRECTION ( 'NONE',  ( -0.000000000000000000, -0.000000000000000000, -1.000000000000000000 ) ) ;
#3935 = EDGE_CURVE ( 'NONE', #4182, #4373, #6813, .T. ) ;
#3936 = MANIFOLD_SOLID_BREP ( 'LPattern1[8]', #2979 ) ;
#3937 = AXIS2_PLACEMENT_3D ( 'NONE', #1858, #4808, #527 ) ;
#3938 = ADVANCED_FACE ( 'NONE', ( #386 ), #5110, .F. ) ;
#3939 = VERTEX_POINT ( 'NONE', #2762 ) ;
#3940 = ORIENTED_EDGE ( 'NONE', *, *, #7054, .F. ) ;
#3941 = CARTESIAN_POINT ( 'NONE',  ( -2.084999999999999964, 0.8900000000000123368, -0.4250000000000000444 ) ) ;
#3942 = VECTOR ( 'NONE', #6818, 1000.000000000000000 ) ;
#3943 = DIRECTION ( 'NONE',  ( 1.000000000000000000, 0.000000000000000000, 0.000000000000000000 ) ) ;
#3944 = FACE_OUTER_BOUND ( 'NONE', #4860, .T. ) ;
#3945 = VECTOR ( 'NONE', #1190, 1000.000000000000000 ) ;
#3946 = LINE ( 'NONE', #6293, #6097 ) ;
#3947 = VERTEX_POINT ( 'NONE', #5764 ) ;
#3948 = ORIENTED_EDGE ( 'NONE', *, *, #1528, .T. ) ;
#3949 = PLANE ( 'NONE',  #3378 ) ;
#3950 = EDGE_LOOP ( 'NONE', ( #1466, #3068, #947, #6280 ) ) ;
#3951 = CARTESIAN_POINT ( 'NONE',  ( 1.949999999999999956, 0.8900000000000123368, 0.4250000000000000444 ) ) ;
#3952 = ADVANCED_FACE ( 'NONE', ( #7415 ), #2232, .F. ) ;
#3953 = LINE ( 'NONE', #2266, #1333 ) ;
#3954 = CLOSED_SHELL ( 'NONE', ( #1784, #3051, #6823, #6638, #5006, #6529, #5375, #3227, #807, #1023, #820, #1097, #5572, #4352 ) ) ;
#3955 = CYLINDRICAL_SURFACE ( 'NONE', #3480, 0.2949999999999762812 ) ;
#3956 = ORIENTED_EDGE ( 'NONE', *, *, #4410, .T. ) ;
#3957 = CARTESIAN_POINT ( 'NONE',  ( -2.379999999999975913, 0.8150000000000123812, -1.694999999999999840 ) ) ;
#3958 = LINE ( 'NONE', #2661, #5344 ) ;
#3959 = VECTOR ( 'NONE', #975, 1000.000000000000000 ) ;
#3960 = FACE_OUTER_BOUND ( 'NONE', #3035, .T. ) ;
#3961 = EDGE_CURVE ( 'NONE', #1914, #4371, #4580, .T. ) ;
#3962 = ADVANCED_FACE ( 'NONE', ( #1517 ), #1626, .F. ) ;
#3963 = CARTESIAN_POINT ( 'NONE',  ( 2.084999999999999964, 0.8900000000000122258, -0.8450000000000003064 ) ) ;
#3964 =( NAMED_UNIT ( * ) SI_UNIT ( $, .STERADIAN. ) SOLID_ANGLE_UNIT ( ) );
#3965 = ADVANCED_FACE ( 'NONE', ( #3414 ), #3342, .T. ) ;
#3966 = CARTESIAN_POINT ( 'NONE',  ( 1.949999999999999512, 1.750000000000000000, 4.837150732346581883 ) ) ;
#3967 = ORIENTED_EDGE ( 'NONE', *, *, #2610, .F. ) ;
#3968 = EDGE_LOOP ( 'NONE', ( #939, #3246, #2250, #4674 ) ) ;
#3969 = CARTESIAN_POINT ( 'NONE',  ( -2.449768264469166734, 0.2579400421529493004, 4.655000000000000249 ) ) ;
#3970 = DIRECTION ( 'NONE',  ( -1.000000000000000000, -0.000000000000000000, -0.000000000000000000 ) ) ;
#3971 = CARTESIAN_POINT ( 'NONE',  ( -3.000000000000000000, 0.2194640910571372949, -3.384999999999999787 ) ) ;
#3972 = AXIS2_PLACEMENT_3D ( 'NONE', #815, #1978, #2012 ) ;
#3973 = ORIENTED_EDGE ( 'NONE', *, *, #2170, .F. ) ;
#3974 = VERTEX_POINT ( 'NONE', #3921 ) ;
#3975 = ORIENTED_EDGE ( 'NONE', *, *, #2946, .F. ) ;
#3976 = DIRECTION ( 'NONE',  ( 0.000000000000000000, 0.000000000000000000, 1.000000000000000000 ) ) ;
#3977 = CARTESIAN_POINT ( 'NONE',  ( -2.454999999999975646, 0.3327573459224363317, 0.8450000000000003064 ) ) ;
#3978 = ADVANCED_FACE ( 'NONE', ( #494 ), #6198, .F. ) ;
#3979 = CARTESIAN_POINT ( 'NONE',  ( -2.984653575776294865, -3.794707603699265519E-16, -0.4250000000000000444 ) ) ;
#3980 = EDGE_CURVE ( 'NONE', #2876, #6402, #419, .T. ) ;
#3981 = CARTESIAN_POINT ( 'NONE',  ( -1.950000000000000400, 0.8900000000000123368, -0.4250000000000000444 ) ) ;
#3982 = DIRECTION ( 'NONE',  ( 8.993001040601393045E-16, -1.000000000000000000, 0.000000000000000000 ) ) ;
#3983 = EDGE_LOOP ( 'NONE', ( #1223, #2651, #4119, #4013 ) ) ;
#3984 = VERTEX_POINT ( 'NONE', #7600 ) ;
#3985 = LINE ( 'NONE', #994, #1552 ) ;
#3986 = ORIENTED_EDGE ( 'NONE', *, *, #7039, .T. ) ;
#3987 = FACE_OUTER_BOUND ( 'NONE', #4685, .T. ) ;
#3988 = AXIS2_PLACEMENT_3D ( 'NONE', #5464, #4195, #3615 ) ;
#3989 = EDGE_CURVE ( 'NONE', #6574, #2516, #7559, .T. ) ;
#3990 = CARTESIAN_POINT ( 'NONE',  ( -1.950000000000000400, 1.109999999999987663, -2.964999999999999858 ) ) ;
#3991 = EDGE_CURVE ( 'NONE', #6593, #6302, #115, .T. ) ;
#3992 = CARTESIAN_POINT ( 'NONE',  ( -3.000000000000000000, 0.2194640910571372949, 0.4250000000000000444 ) ) ;
#3993 = AXIS2_PLACEMENT_3D ( 'NONE', #7522, #2160, #2269 ) ;
#3994 = ORIENTED_EDGE ( 'NONE', *, *, #1034, .T. ) ;
#3995 = DIRECTION ( 'NONE',  ( -0.000000000000000000, -1.000000000000000000, -0.000000000000000000 ) ) ;
#3996 = AXIS2_PLACEMENT_3D ( 'NONE', #3821, #6175, #5051 ) ;
#3997 = DIRECTION ( 'NONE',  ( -0.000000000000000000, -0.000000000000000000, -1.000000000000000000 ) ) ;
#3998 = DIRECTION ( 'NONE',  ( 0.000000000000000000, 0.000000000000000000, 1.000000000000000000 ) ) ;
#3999 = EDGE_CURVE ( 'NONE', #474, #5950, #5478, .T. ) ;
#4000 = VECTOR ( 'NONE', #4968, 1000.000000000000000 ) ;
#4001 = DIRECTION ( 'NONE',  ( -1.000000000000000000, 0.000000000000000000, 0.000000000000000000 ) ) ;
#4002 = ORIENTED_EDGE ( 'NONE', *, *, #2044, .T. ) ;
#4003 = FACE_OUTER_BOUND ( 'NONE', #7516, .T. ) ;
#4004 = ORIENTED_EDGE ( 'NONE', *, *, #3422, .T. ) ;
#4006 = CARTESIAN_POINT ( 'NONE',  ( 1.949999999999999956, 1.109999999999987663, 0.8450000000000003064 ) ) ;
#4005 = DIRECTION ( 'NONE',  ( -1.000000000000000000, -0.000000000000000000, -0.000000000000000000 ) ) ;
#4007 = SURFACE_STYLE_FILL_AREA ( #509 ) ;
#4008 =( LENGTH_UNIT ( ) NAMED_UNIT ( * ) SI_UNIT ( .MILLI., .METRE. ) );
#4009 = AXIS2_PLACEMENT_3D ( 'NONE', #1593, #3201, #7313 ) ;
#4010 = CARTESIAN_POINT ( 'NONE',  ( -2.084999999999999964, 0.8900000000000123368, 2.115000000000000657 ) ) ;
#4011 = EDGE_LOOP ( 'NONE', ( #4396, #4336, #1897, #6024 ) ) ;
#4012 = EDGE_CURVE ( 'NONE', #1699, #5434, #4729, .T. ) ;
#4013 = ORIENTED_EDGE ( 'NONE', *, *, #2639, .T. ) ;
#4014 = EDGE_LOOP ( 'NONE', ( #6033, #2988, #2116, #6069 ) ) ;
#4015 = DIRECTION ( 'NONE',  ( -1.000000000000000000, 0.000000000000000000, 0.000000000000000000 ) ) ;
#4016 = CARTESIAN_POINT ( 'NONE',  ( -2.379999999999975913, 0.8150000000000123812, -1.694999999999999840 ) ) ;
#4017 = AXIS2_PLACEMENT_3D ( 'NONE', #6880, #4031, #2792 ) ;
#4018 = CARTESIAN_POINT ( 'NONE',  ( 2.084999999999999964, 0.8900000000000122258, -4.655000000000000249 ) ) ;
#4019 = CARTESIAN_POINT ( 'NONE',  ( 2.454999999999975646, 0.3327573459224363317, -4.235000000000000320 ) ) ;
#4020 = LINE ( 'NONE', #5793, #2197 ) ;
#4021 = EDGE_CURVE ( 'NONE', #6593, #4647, #7075, .T. ) ;
#4022 = VERTEX_POINT ( 'NONE', #2916 ) ;
#4023 = VERTEX_POINT ( 'NONE', #5267 ) ;
#4024 = DIRECTION ( 'NONE',  ( -1.000000000000000000, 8.993001040601393045E-16, 0.000000000000000000 ) ) ;
#4025 = VERTEX_POINT ( 'NONE', #3459 ) ;
#4026 = CARTESIAN_POINT ( 'NONE',  ( -1.950000000000000400, -10.64048871058091983, 4.949999999999999289 ) ) ;
#4027 = VECTOR ( 'NONE', #5205, 1000.000000000000000 ) ;
#4028 = FACE_OUTER_BOUND ( 'NONE', #3565, .T. ) ;
#4029 = CLOSED_SHELL ( 'NONE', ( #3776, #4540, #4138, #5563, #632, #4466, #3671, #395, #5706, #6732, #4092, #5679, #2697, #3550 ) ) ;
#4030 = AXIS2_PLACEMENT_3D ( 'NONE', #7385, #2195, #455 ) ;
#4031 = DIRECTION ( 'NONE',  ( -0.000000000000000000, -0.000000000000000000, -1.000000000000000000 ) ) ;
#4032 = VECTOR ( 'NONE', #5011, 1000.000000000000000 ) ;
#4033 = CARTESIAN_POINT ( 'NONE',  ( 2.159999999999999698, 0.3327573459224363317, 3.384999999999999787 ) ) ;
#4034 = VERTEX_POINT ( 'NONE', #612 ) ;
#4035 = DIRECTION ( 'NONE',  ( 0.9975640502598246417, 0.06975647374411912682, 0.000000000000000000 ) ) ;
#4036 = LINE ( 'NONE', #1824, #5837 ) ;
#4037 = DIRECTION ( 'NONE',  ( 1.000000000000000000, 0.000000000000000000, 0.000000000000000000 ) ) ;
#4038 = VECTOR ( 'NONE', #5339, 1000.000000000000000 ) ;
#4039 = PLANE ( 'NONE',  #757 ) ;
#4040 = SURFACE_SIDE_STYLE ('',( #6240 ) ) ;
#4041 = CARTESIAN_POINT ( 'NONE',  ( 2.454999999999975646, 0.3327573459224363317, -0.4250000000000000444 ) ) ;
#4042 = ORIENTED_EDGE ( 'NONE', *, *, #4193, .F. ) ;
#4043 = DIRECTION ( 'NONE',  ( 8.993001040601393045E-16, -1.000000000000000000, 0.000000000000000000 ) ) ;
#4044 = AXIS2_PLACEMENT_3D ( 'NONE', #3977, #3397, #6797 ) ;
#4045 = ORIENTED_EDGE ( 'NONE', *, *, #3172, .F. ) ;
#4047 = CARTESIAN_POINT ( 'NONE',  ( 1.949999999999999956, 0.8900000000000123368, -4.235000000000000320 ) ) ;
#4046 = DIRECTION ( 'NONE',  ( 0.000000000000000000, 0.000000000000000000, -1.000000000000000000 ) ) ;
#4048 = DIRECTION ( 'NONE',  ( 1.000000000000000000, 0.000000000000000000, -0.000000000000000000 ) ) ;
#4049 = CARTESIAN_POINT ( 'NONE',  ( -2.984653575776294865, -3.794707603699265519E-16, -1.694999999999999840 ) ) ;
#4050 = VECTOR ( 'NONE', #6325, 1000.000000000000000 ) ;
#4051 = CARTESIAN_POINT ( 'NONE',  ( 2.084999999999999964, 0.8900000000000122258, 4.655000000000000249 ) ) ;
#4052 = ORIENTED_EDGE ( 'NONE', *, *, #4915, .F. ) ;
#4053 = AXIS2_PLACEMENT_3D ( 'NONE', #2531, #1956, #1380 ) ;
#4054 = VERTEX_POINT ( 'NONE', #2959 ) ;
#4055 = ORIENTED_EDGE ( 'NONE', *, *, #1096, .T. ) ;
#4056 = CARTESIAN_POINT ( 'NONE',  ( -1.950000000000000400, 0.8900000000000123368, -2.964999999999999858 ) ) ;
#4057 = LINE ( 'NONE', #1768, #1179 ) ;
#4058 = DIRECTION ( 'NONE',  ( -0.9975640502598246417, 0.06975647374411851620, -0.000000000000000000 ) ) ;
#4059 = ADVANCED_FACE ( 'NONE', ( #1195 ), #1823, .F. ) ;
#4060 = EDGE_CURVE ( 'NONE', #286, #2498, #3261, .T. ) ;
#4061 = CARTESIAN_POINT ( 'NONE',  ( 2.984653575776294865, -3.794707603699265519E-16, 2.964999999999999858 ) ) ;
#4062 = EDGE_CURVE ( 'NONE', #2619, #6969, #4768, .T. ) ;
#4063 = AXIS2_PLACEMENT_3D ( 'NONE', #5810, #4660, #3998 ) ;
#4064 = CARTESIAN_POINT ( 'NONE',  ( 2.984653575776294865, -3.794707603699265519E-16, -1.694999999999999840 ) ) ;
#4065 = ORIENTED_EDGE ( 'NONE', *, *, #2814, .F. ) ;
#4066 = ORIENTED_EDGE ( 'NONE', *, *, #3220, .T. ) ;
#4067 = CARTESIAN_POINT ( 'NONE',  ( -2.454999999999975646, 0.3327573459224363317, 3.384999999999999787 ) ) ;
#4068 = ORIENTED_EDGE ( 'NONE', *, *, #6292, .T. ) ;
#4069 = LINE ( 'NONE', #7032, #7592 ) ;
#4070 = FACE_OUTER_BOUND ( 'NONE', #755, .T. ) ;
#4071 = AXIS2_PLACEMENT_3D ( 'NONE', #2434, #4201, #4281 ) ;
#4072 = AXIS2_PLACEMENT_3D ( 'NONE', #1629, #537, #1074 ) ;
#4073 = CARTESIAN_POINT ( 'NONE',  ( -1.050000000000000266, 1.700000000000000178, -4.325000000000002842 ) ) ;
#4074 = CARTESIAN_POINT ( 'NONE',  ( -2.379999999999975913, 0.8150000000000123812, 1.695000000000000284 ) ) ;
#4075 = EDGE_LOOP ( 'NONE', ( #4810, #2039, #2032, #476 ) ) ;
#4076 = DIRECTION ( 'NONE',  ( -1.000000000000000000, 0.000000000000000000, 0.000000000000000000 ) ) ;
#4077 = LINE ( 'NONE', #3575, #2532 ) ;
#4078 = DIRECTION ( 'NONE',  ( 0.000000000000000000, 0.1736481776669271393, -0.9848077530122086864 ) ) ;
#4079 = ADVANCED_FACE ( 'NONE', ( #651 ), #3574, .F. ) ;
#4080 = CARTESIAN_POINT ( 'NONE',  ( 2.454999999999975646, 0.3327573459224363317, -2.964999999999999858 ) ) ;
#4081 = EDGE_CURVE ( 'NONE', #1102, #2247, #1700, .T. ) ;
#4082 = ORIENTED_EDGE ( 'NONE', *, *, #6687, .T. ) ;
#4083 = CARTESIAN_POINT ( 'NONE',  ( -1.950000000000000400, 0.8900000000000123368, -3.384999999999999787 ) ) ;
#4084 = VERTEX_POINT ( 'NONE', #5883 ) ;
#4085 =( LENGTH_UNIT ( ) NAMED_UNIT ( * ) SI_UNIT ( .MILLI., .METRE. ) );
#4086 = ORIENTED_EDGE ( 'NONE', *, *, #1915, .T. ) ;
#4088 = LINE ( 'NONE', #4556, #4403 ) ;
#4087 = DIRECTION ( 'NONE',  ( -0.000000000000000000, -0.000000000000000000, -1.000000000000000000 ) ) ;
#4089 = CARTESIAN_POINT ( 'NONE',  ( -2.084999999999999964, 0.8150000000000123812, 1.695000000000000284 ) ) ;
#4090 = DIRECTION ( 'NONE',  ( -0.9975640502598246417, -0.06975647374411851620, 0.000000000000000000 ) ) ;
#4091 = EDGE_LOOP ( 'NONE', ( #2737, #7599, #4799, #6001, #6191, #6401, #6287, #7337, #413, #5912, #2856, #806 ) ) ;
#4092 = ADVANCED_FACE ( 'NONE', ( #6998 ), #2998, .F. ) ;
#4093 = EDGE_LOOP ( 'NONE', ( #3838, #3336, #4268, #6094 ) ) ;
#4094 = PLANE ( 'NONE',  #3669 ) ;
#4095 = DIRECTION ( 'NONE',  ( -0.000000000000000000, -0.000000000000000000, -1.000000000000000000 ) ) ;
#4096 =( GEOMETRIC_REPRESENTATION_CONTEXT ( 3 ) GLOBAL_UNCERTAINTY_ASSIGNED_CONTEXT ( ( #5519 ) ) GLOBAL_UNIT_ASSIGNED_CONTEXT ( ( #4231, #2956, #5880 ) ) REPRESENTATION_CONTEXT ( 'NONE', 'WORKASPACE' ) );
#4097 = DIRECTION ( 'NONE',  ( -0.000000000000000000, -0.000000000000000000, -1.000000000000000000 ) ) ;
#4098 = FACE_OUTER_BOUND ( 'NONE', #6123, .T. ) ;
#4099 = CARTESIAN_POINT ( 'NONE',  ( -2.084999999999999964, 0.8900000000000123368, -1.694999999999999840 ) ) ;
#4100 = EDGE_LOOP ( 'NONE', ( #102, #7442, #5967, #7358, #7223, #1881, #3042, #5507, #4484, #2171, #6468, #722 ) ) ;
#4101 = EDGE_CURVE ( 'NONE', #5754, #6213, #3750, .T. ) ;
#4102 = ORIENTED_EDGE ( 'NONE', *, *, #6718, .F. ) ;
#4103 = DIRECTION ( 'NONE',  ( -1.000000000000000000, 0.000000000000000000, 0.000000000000000000 ) ) ;
#4104 = ORIENTED_EDGE ( 'NONE', *, *, #4392, .F. ) ;
#4105 = DIRECTION ( 'NONE',  ( -0.000000000000000000, -1.000000000000000000, -0.000000000000000000 ) ) ;
#4106 = DIRECTION ( 'NONE',  ( 0.000000000000000000, 0.000000000000000000, -1.000000000000000000 ) ) ;
#4107 = ADVANCED_FACE ( 'NONE', ( #6544 ), #3614, .T. ) ;
#4108 = DIRECTION ( 'NONE',  ( 0.06975647374412144441, -0.9975640502598245307, 0.000000000000000000 ) ) ;
#4109 = VECTOR ( 'NONE', #6986, 1000.000000000000000 ) ;
#4110 = CARTESIAN_POINT ( 'NONE',  ( -2.379999999999975913, 0.8150000000000123812, 2.964999999999999858 ) ) ;
#4111 = ORIENTED_EDGE ( 'NONE', *, *, #410, .T. ) ;
#4112 = EDGE_CURVE ( 'NONE', #6668, #1142, #532, .T. ) ;
#4113 = AXIS2_PLACEMENT_3D ( 'NONE', #6587, #3038, #2430 ) ;
#4114 = CARTESIAN_POINT ( 'NONE',  ( -2.984653575776294865, -3.794707603699265519E-16, -1.694999999999999840 ) ) ;
#4115 = DIRECTION ( 'NONE',  ( -1.000000000000000000, -0.000000000000000000, -0.000000000000000000 ) ) ;
#4116 = DIRECTION ( 'NONE',  ( -1.000000000000000000, 8.031127203596320741E-16, 0.000000000000000000 ) ) ;
#4117 = DIRECTION ( 'NONE',  ( 1.000000000000000000, -0.000000000000000000, 0.000000000000000000 ) ) ;
#4118 = AXIS2_PLACEMENT_3D ( 'NONE', #2723, #5066, #4459 ) ;
#4119 = ORIENTED_EDGE ( 'NONE', *, *, #578, .F. ) ;
#4120 = DIRECTION ( 'NONE',  ( -0.000000000000000000, -0.000000000000000000, -1.000000000000000000 ) ) ;
#4121 = ORIENTED_EDGE ( 'NONE', *, *, #2004, .T. ) ;
#4122 = FILL_AREA_STYLE_COLOUR ( '', #5015 ) ;
#4123 = AXIS2_PLACEMENT_3D ( 'NONE', #4679, #7021, #3556 ) ;
#4124 = EDGE_CURVE ( 'NONE', #641, #286, #5225, .T. ) ;
#4125 = ORIENTED_EDGE ( 'NONE', *, *, #344, .F. ) ;
#4127 = FACE_OUTER_BOUND ( 'NONE', #7173, .T. ) ;
#4126 = CARTESIAN_POINT ( 'NONE',  ( -1.950000000000000400, 0.8900000000000123368, -2.964999999999999858 ) ) ;
#4128 = SURFACE_SIDE_STYLE ('',( #4007 ) ) ;
#4129 = VECTOR ( 'NONE', #6769, 1000.000000000000000 ) ;
#4130 = DIRECTION ( 'NONE',  ( -1.000000000000000000, 0.000000000000000000, 0.000000000000000000 ) ) ;
#4131 = DIRECTION ( 'NONE',  ( 0.000000000000000000, 0.000000000000000000, 1.000000000000000000 ) ) ;
#4132 = STYLED_ITEM ( 'NONE', ( #749 ), #6487 ) ;
#4133 = EDGE_LOOP ( 'NONE', ( #1265, #1688, #5930, #5123 ) ) ;
#4134 = ORIENTED_EDGE ( 'NONE', *, *, #974, .F. ) ;
#4135 = DIRECTION ( 'NONE',  ( 0.06975647374412144441, 0.9975640502598245307, -0.000000000000000000 ) ) ;
#4136 = VECTOR ( 'NONE', #1832, 1000.000000000000000 ) ;
#4137 = CARTESIAN_POINT ( 'NONE',  ( -2.084999999999999964, 0.8150000000000123812, 3.384999999999999787 ) ) ;
#4138 = ADVANCED_FACE ( 'NONE', ( #5844 ), #572, .F. ) ;
#4139 = LINE ( 'NONE', #1684, #3195 ) ;
#4140 = DIRECTION ( 'NONE',  ( -1.000000000000000000, 0.000000000000000000, 0.000000000000000000 ) ) ;
#4141 = CARTESIAN_POINT ( 'NONE',  ( -1.950000000000000400, 1.109999999999987663, -1.694999999999999840 ) ) ;
#4142 = ORIENTED_EDGE ( 'NONE', *, *, #5127, .F. ) ;
#4143 = ORIENTED_EDGE ( 'NONE', *, *, #4237, .F. ) ;
#4144 = CYLINDRICAL_SURFACE ( 'NONE', #813, 0.2949999999999762812 ) ;
#4145 = ORIENTED_EDGE ( 'NONE', *, *, #2229, .T. ) ;
#4146 = PLANE ( 'NONE',  #1722 ) ;
#4147 = PLANE ( 'NONE',  #6170 ) ;
#4148 = EDGE_CURVE ( 'NONE', #4365, #2619, #5570, .T. ) ;
#4149 = LINE ( 'NONE', #109, #7335 ) ;
#4150 = ORIENTED_EDGE ( 'NONE', *, *, #2044, .F. ) ;
#4151 = DIRECTION ( 'NONE',  ( -0.06975647374412144441, -0.9975640502598245307, 0.000000000000000000 ) ) ;
#4152 = DIRECTION ( 'NONE',  ( -0.000000000000000000, -0.000000000000000000, -1.000000000000000000 ) ) ;
#4153 = DIRECTION ( 'NONE',  ( -1.000000000000000000, 0.000000000000000000, 0.000000000000000000 ) ) ;
#4154 = STYLED_ITEM ( 'NONE', ( #9 ), #3767 ) ;
#4155 = CYLINDRICAL_SURFACE ( 'NONE', #6045, 0.2949999999999756151 ) ;
#4156 = EDGE_CURVE ( 'NONE', #3682, #1194, #194, .T. ) ;
#4157 = AXIS2_PLACEMENT_3D ( 'NONE', #1884, #5981, #7094 ) ;
#4158 = EDGE_LOOP ( 'NONE', ( #3189, #4327, #6490, #6649 ) ) ;
#4159 = LINE ( 'NONE', #3619, #2256 ) ;
#4160 = ORIENTED_EDGE ( 'NONE', *, *, #4228, .T. ) ;
#4161 = CARTESIAN_POINT ( 'NONE',  ( -2.984653575776294865, -3.794707603699265519E-16, 3.384999999999999787 ) ) ;
#4162 = VECTOR ( 'NONE', #4297, 1000.000000000000000 ) ;
#4163 = ORIENTED_EDGE ( 'NONE', *, *, #2392, .T. ) ;
#4165 = CARTESIAN_POINT ( 'NONE',  ( 2.449768264469166734, 0.2579400421529494669, -0.4250000000000000444 ) ) ;
#4164 = CARTESIAN_POINT ( 'NONE',  ( -2.379999999999975913, 0.8150000000000123812, 3.384999999999999787 ) ) ;
#4166 = AXIS2_PLACEMENT_3D ( 'NONE', #7394, #1567, #5554 ) ;
#4167 = DIRECTION ( 'NONE',  ( -0.9975640502598246417, -0.06975647374411851620, 0.000000000000000000 ) ) ;
#4168 = CARTESIAN_POINT ( 'NONE',  ( -3.000000000000000000, 0.2194640910571372949, 2.964999999999999858 ) ) ;
#4169 = AXIS2_PLACEMENT_3D ( 'NONE', #6799, #6841, #2720 ) ;
#4170 = CARTESIAN_POINT ( 'NONE',  ( 1.949999999999999956, 1.109999999999987663, 0.8450000000000003064 ) ) ;
#4171 = VECTOR ( 'NONE', #6878, 1000.000000000000000 ) ;
#4172 = ORIENTED_EDGE ( 'NONE', *, *, #1507, .T. ) ;
#4173 = ORIENTED_EDGE ( 'NONE', *, *, #1010, .F. ) ;
#4174 = DIRECTION ( 'NONE',  ( -0.06975647374412144441, 0.9975640502598245307, 0.000000000000000000 ) ) ;
#4175 = CARTESIAN_POINT ( 'NONE',  ( -2.379999999999975913, 0.8150000000000123812, 4.235000000000000320 ) ) ;
#4176 = DIRECTION ( 'NONE',  ( 1.000000000000000000, 0.000000000000000000, 0.000000000000000000 ) ) ;
#4177 = ADVANCED_FACE ( 'NONE', ( #2507 ), #4812, .F. ) ;
#4178 = ADVANCED_FACE ( 'NONE', ( #3726 ), #2040, .F. ) ;
#4179 = AXIS2_PLACEMENT_3D ( 'NONE', #6290, #2145, #7333 ) ;
#4180 = DIRECTION ( 'NONE',  ( 0.000000000000000000, 0.000000000000000000, 1.000000000000000000 ) ) ;
#4181 = DIRECTION ( 'NONE',  ( -8.993001040601393045E-16, 1.000000000000000000, 0.000000000000000000 ) ) ;
#4182 = VERTEX_POINT ( 'NONE', #4347 ) ;
#4183 = EDGE_LOOP ( 'NONE', ( #2667, #1764, #4722, #6775 ) ) ;
#4184 = DIRECTION ( 'NONE',  ( -8.993001040601393045E-16, -1.000000000000000000, 0.000000000000000000 ) ) ;
#4185 = ORIENTED_EDGE ( 'NONE', *, *, #6790, .T. ) ;
#4186 = DIRECTION ( 'NONE',  ( 0.06975647374412144441, 0.9975640502598245307, -0.000000000000000000 ) ) ;
#4187 = CARTESIAN_POINT ( 'NONE',  ( -2.434421840245462487, 0.03847595109581208178, 0.4250000000000000444 ) ) ;
#4188 = CIRCLE ( 'NONE', #496, 0.07500000000000041356 ) ;
#4189 = CARTESIAN_POINT ( 'NONE',  ( 1.949999999999999956, 0.8900000000000123368, -2.964999999999999858 ) ) ;
#4190 = CARTESIAN_POINT ( 'NONE',  ( -2.159999999999999698, 0.3327573459224363317, -4.655000000000000249 ) ) ;
#4191 = ORIENTED_EDGE ( 'NONE', *, *, #2365, .F. ) ;
#4192 = VERTEX_POINT ( 'NONE', #6075 ) ;
#4193 = EDGE_CURVE ( 'NONE', #2615, #577, #808, .T. ) ;
#4194 = DIRECTION ( 'NONE',  ( -1.000000000000000000, 0.000000000000000000, 0.000000000000000000 ) ) ;
#4195 = DIRECTION ( 'NONE',  ( 1.000000000000000000, 0.000000000000000000, 0.000000000000000000 ) ) ;
#4196 = VECTOR ( 'NONE', #4898, 1000.000000000000000 ) ;
#4197 = CARTESIAN_POINT ( 'NONE',  ( 2.159999999999999698, 0.3327573459224363317, 0.4250000000000000444 ) ) ;
#4198 = FACE_OUTER_BOUND ( 'NONE', #2621, .T. ) ;
#4199 = ORIENTED_EDGE ( 'NONE', *, *, #5798, .T. ) ;
#4200 = VECTOR ( 'NONE', #3074, 1000.000000000000000 ) ;
#4201 = DIRECTION ( 'NONE',  ( 0.000000000000000000, -1.000000000000000000, 0.000000000000000000 ) ) ;
#4202 = ORIENTED_EDGE ( 'NONE', *, *, #6048, .F. ) ;
#4203 = VERTEX_POINT ( 'NONE', #5535 ) ;
#4204 = VERTEX_POINT ( 'NONE', #6585 ) ;
#4205 = EDGE_CURVE ( 'NONE', #3742, #139, #3117, .T. ) ;
#4207 = CARTESIAN_POINT ( 'NONE',  ( 2.379999999999975913, 0.8150000000000123812, 1.695000000000000284 ) ) ;
#4206 = CARTESIAN_POINT ( 'NONE',  ( -1.950000000000000400, 0.8900000000000123368, 4.655000000000000249 ) ) ;
#4208 = ADVANCED_FACE ( 'NONE', ( #7194 ), #1898, .T. ) ;
#4209 =( LENGTH_UNIT ( ) NAMED_UNIT ( * ) SI_UNIT ( .MILLI., .METRE. ) );
#4210 = PLANE ( 'NONE',  #1031 ) ;
#4211 = CARTESIAN_POINT ( 'NONE',  ( 2.454999999999975646, 0.3327573459224363317, -2.964999999999999858 ) ) ;
#4212 = EDGE_LOOP ( 'NONE', ( #2997, #6843, #2865, #2947 ) ) ;
#4213 = ORIENTED_EDGE ( 'NONE', *, *, #6482, .F. ) ;
#4214 = ADVANCED_FACE ( 'NONE', ( #5462 ), #1359, .F. ) ;
#4215 = DIRECTION ( 'NONE',  ( 0.9975640502598246417, -0.06975647374411851620, 0.000000000000000000 ) ) ;
#4216 = UNCERTAINTY_MEASURE_WITH_UNIT (LENGTH_MEASURE( 1.000000000000000082E-05 ), #4008, 'distance_accuracy_value', 'NONE');
#4217 = VECTOR ( 'NONE', #4001, 1000.000000000000000 ) ;
#4218 = CARTESIAN_POINT ( 'NONE',  ( -2.084999999999999964, 0.8150000000000123812, -3.384999999999999787 ) ) ;
#4219 = DIRECTION ( 'NONE',  ( -1.000000000000000000, 0.000000000000000000, 0.000000000000000000 ) ) ;
#4220 = LINE ( 'NONE', #3140, #6006 ) ;
#4221 = ORIENTED_EDGE ( 'NONE', *, *, #7170, .F. ) ;
#4222 = EDGE_LOOP ( 'NONE', ( #5472, #2746, #6471, #2258 ) ) ;
#4223 = CIRCLE ( 'NONE', #6067, 0.2949999999999756151 ) ;
#4224 = DIRECTION ( 'NONE',  ( 0.000000000000000000, -1.000000000000000000, 0.000000000000000000 ) ) ;
#4225 = EDGE_CURVE ( 'NONE', #1369, #18, #2468, .T. ) ;
#4226 = ORIENTED_EDGE ( 'NONE', *, *, #4872, .F. ) ;
#4227 = LINE ( 'NONE', #728, #2689 ) ;
#4228 = EDGE_CURVE ( 'NONE', #2030, #4919, #7541, .T. ) ;
#4229 = LINE ( 'NONE', #1310, #1625 ) ;
#4230 = LINE ( 'NONE', #6581, #264 ) ;
#4231 =( LENGTH_UNIT ( ) NAMED_UNIT ( * ) SI_UNIT ( .MILLI., .METRE. ) );
#4232 = EDGE_LOOP ( 'NONE', ( #5393, #7474, #3940, #4840 ) ) ;
#4233 = DIRECTION ( 'NONE',  ( -0.000000000000000000, -0.000000000000000000, -1.000000000000000000 ) ) ;
#4234 = VECTOR ( 'NONE', #3740, 1000.000000000000000 ) ;
#4235 = DIRECTION ( 'NONE',  ( -0.000000000000000000, -0.000000000000000000, -1.000000000000000000 ) ) ;
#4236 = LINE ( 'NONE', #3085, #7555 ) ;
#4237 = EDGE_CURVE ( 'NONE', #2525, #3682, #4958, .T. ) ;
#4238 = CARTESIAN_POINT ( 'NONE',  ( 2.084999999999999964, 1.109999999999987885, -4.235000000000000320 ) ) ;
#4239 = ADVANCED_FACE ( 'NONE', ( #844 ), #7305, .F. ) ;
#4240 = ORIENTED_EDGE ( 'NONE', *, *, #469, .T. ) ;
#4241 = CARTESIAN_POINT ( 'NONE',  ( 1.949999999999999512, 0.8900000000000124478, -4.950000000000001066 ) ) ;
#4242 = EDGE_LOOP ( 'NONE', ( #5063, #3194, #4579, #777 ) ) ;
#4243 = CARTESIAN_POINT ( 'NONE',  ( -2.084999999999999964, 0.8900000000000122258, -4.235000000000000320 ) ) ;
#4244 = ORIENTED_EDGE ( 'NONE', *, *, #1444, .F. ) ;
#4245 = ORIENTED_EDGE ( 'NONE', *, *, #4987, .F. ) ;
#4246 = DIRECTION ( 'NONE',  ( -0.000000000000000000, -0.000000000000000000, -1.000000000000000000 ) ) ;
#4247 = SURFACE_STYLE_USAGE ( .BOTH. , #2520 ) ;
#4248 = DIRECTION ( 'NONE',  ( -1.000000000000000000, 0.000000000000000000, 0.000000000000000000 ) ) ;
#4249 = CIRCLE ( 'NONE', #2758, 0.2949999999999756151 ) ;
#4250 = AXIS2_PLACEMENT_3D ( 'NONE', #4316, #4998, #3773 ) ;
#4251 = DIRECTION ( 'NONE',  ( 1.000000000000000000, 8.031127203596346379E-16, 0.000000000000000000 ) ) ;
#4252 = AXIS2_PLACEMENT_3D ( 'NONE', #270, #880, #4382 ) ;
#4253 = ADVANCED_FACE ( 'NONE', ( #6731 ), #2006, .F. ) ;
#4254 = PRESENTATION_LAYER_ASSIGNMENT (  '', '', ( #812 ) ) ;
#4255 = ORIENTED_EDGE ( 'NONE', *, *, #3088, .F. ) ;
#4256 = VECTOR ( 'NONE', #3224, 1000.000000000000114 ) ;
#4257 = ORIENTED_EDGE ( 'NONE', *, *, #5447, .F. ) ;
#4258 = DIRECTION ( 'NONE',  ( 0.9975640502598246417, 0.06975647374411851620, 0.000000000000000000 ) ) ;
#4259 = CARTESIAN_POINT ( 'NONE',  ( 2.084999999999999964, 0.8900000000000122258, 2.115000000000000657 ) ) ;
#4260 = VECTOR ( 'NONE', #3970, 1000.000000000000000 ) ;
#4261 = CARTESIAN_POINT ( 'NONE',  ( 2.159999999999999698, 0.3327573459224363317, 0.8450000000000003064 ) ) ;
#4262 = EDGE_CURVE ( 'NONE', #3169, #4192, #6002, .T. ) ;
#4263 = DIRECTION ( 'NONE',  ( 0.000000000000000000, 0.000000000000000000, 1.000000000000000000 ) ) ;
#4264 = VECTOR ( 'NONE', #7532, 1000.000000000000000 ) ;
#4265 = ORIENTED_EDGE ( 'NONE', *, *, #6243, .T. ) ;
#4266 = ORIENTED_EDGE ( 'NONE', *, *, #3989, .F. ) ;
#4267 = LINE ( 'NONE', #5417, #2192 ) ;
#4268 = ORIENTED_EDGE ( 'NONE', *, *, #2473, .F. ) ;
#4269 = CARTESIAN_POINT ( 'NONE',  ( -2.454999999999975646, 0.3327573459224363317, 0.8450000000000003064 ) ) ;
#4270 = DIRECTION ( 'NONE',  ( -0.9975640502598246417, 0.06975647374411912682, 0.000000000000000000 ) ) ;
#4271 = AXIS2_PLACEMENT_3D ( 'NONE', #6704, #1874, #6670 ) ;
#4272 = DIRECTION ( 'NONE',  ( -0.000000000000000000, -0.000000000000000000, -1.000000000000000000 ) ) ;
#4273 = DIRECTION ( 'NONE',  ( -1.000000000000000000, -8.031127203596346379E-16, 0.000000000000000000 ) ) ;
#4274 = ORIENTED_EDGE ( 'NONE', *, *, #7526, .T. ) ;
#4275 = CARTESIAN_POINT ( 'NONE',  ( 1.949999999999999956, 0.8900000000000123368, -2.964999999999999858 ) ) ;
#4276 = DIRECTION ( 'NONE',  ( -0.000000000000000000, -0.000000000000000000, -1.000000000000000000 ) ) ;
#4277 = AXIS2_PLACEMENT_3D ( 'NONE', #1068, #6956, #2690 ) ;
#4278 = CARTESIAN_POINT ( 'NONE',  ( 2.434421840245462487, 0.03847595109581208178, -0.4250000000000000444 ) ) ;
#4279 = EDGE_CURVE ( 'NONE', #1882, #3485, #1394, .T. ) ;
#4280 = ORIENTED_EDGE ( 'NONE', *, *, #6944, .T. ) ;
#4281 = DIRECTION ( 'NONE',  ( 0.000000000000000000, -0.000000000000000000, -1.000000000000000000 ) ) ;
#4282 = VERTEX_POINT ( 'NONE', #7409 ) ;
#4283 = DIRECTION ( 'NONE',  ( 0.000000000000000000, 0.000000000000000000, 1.000000000000000000 ) ) ;
#4284 = ORIENTED_EDGE ( 'NONE', *, *, #2627, .F. ) ;
#4285 = EDGE_LOOP ( 'NONE', ( #1800, #4870, #1152, #6785 ) ) ;
#4286 = DIRECTION ( 'NONE',  ( -0.000000000000000000, -0.000000000000000000, -1.000000000000000000 ) ) ;
#4287 = SURFACE_STYLE_FILL_AREA ( #131 ) ;
#4288 = CARTESIAN_POINT ( 'NONE',  ( -2.379999999999975469, 0.3327573459224363317, 3.384999999999999787 ) ) ;
#4289 = AXIS2_PLACEMENT_3D ( 'NONE', #2675, #2215, #5559 ) ;
#4290 = CARTESIAN_POINT ( 'NONE',  ( -2.454999999999975646, 0.3327573459224363317, 0.8450000000000003064 ) ) ;
#4291 = ORIENTED_EDGE ( 'NONE', *, *, #7355, .T. ) ;
#4292 = AXIS2_PLACEMENT_3D ( 'NONE', #7268, #2007, #5614 ) ;
#4293 = VERTEX_POINT ( 'NONE', #2685 ) ;
#4294 = DIRECTION ( 'NONE',  ( 8.031127203596320741E-16, 1.000000000000000000, -0.000000000000000000 ) ) ;
#4295 = CARTESIAN_POINT ( 'NONE',  ( 1.949999999999999956, 1.109999999999987663, -1.694999999999999840 ) ) ;
#4296 = VECTOR ( 'NONE', #224, 1000.000000000000000 ) ;
#4297 = DIRECTION ( 'NONE',  ( -0.000000000000000000, -0.000000000000000000, -1.000000000000000000 ) ) ;
#4298 = VERTEX_POINT ( 'NONE', #1028 ) ;
#4299 = EDGE_LOOP ( 'NONE', ( #4962, #2367, #724, #4265 ) ) ;
#4300 = DIRECTION ( 'NONE',  ( -0.7016738431598675829, -0.7016738431598595893, -0.1237240302064806924 ) ) ;
#4301 = ORIENTED_EDGE ( 'NONE', *, *, #138, .F. ) ;
#4302 = CARTESIAN_POINT ( 'NONE',  ( 1.949999999999999956, 0.8900000000000123368, 4.655000000000000249 ) ) ;
#4303 = EDGE_CURVE ( 'NONE', #18, #3583, #3985, .T. ) ;
#4304 = EDGE_CURVE ( 'NONE', #5286, #1304, #5839, .T. ) ;
#4305 = CARTESIAN_POINT ( 'NONE',  ( -2.160000000000000142, 0.8150000000000123812, -4.655000000000000249 ) ) ;
#4306 = VECTOR ( 'NONE', #758, 1000.000000000000000 ) ;
#4307 = ADVANCED_FACE ( 'NONE', ( #378 ), #1580, .T. ) ;
#4308 = LINE ( 'NONE', #1314, #1247 ) ;
#4309 = ORIENTED_EDGE ( 'NONE', *, *, #6020, .F. ) ;
#4310 = CARTESIAN_POINT ( 'NONE',  ( -2.084999999999999964, 0.8150000000000123812, -4.655000000000000249 ) ) ;
#4311 = CIRCLE ( 'NONE', #4053, 0.07499999999999998335 ) ;
#4312 = DIRECTION ( 'NONE',  ( -1.000000000000000000, 0.000000000000000000, 0.000000000000000000 ) ) ;
#4313 = LINE ( 'NONE', #6663, #3330 ) ;
#4314 = VECTOR ( 'NONE', #7152, 1000.000000000000114 ) ;
#4315 = ORIENTED_EDGE ( 'NONE', *, *, #2088, .T. ) ;
#4316 = CARTESIAN_POINT ( 'NONE',  ( -2.454999999999975646, 0.3327573459224363317, -2.964999999999999858 ) ) ;
#4317 = EDGE_LOOP ( 'NONE', ( #565, #7485, #842, #5540 ) ) ;
#4318 = DIRECTION ( 'NONE',  ( -0.000000000000000000, -0.000000000000000000, -1.000000000000000000 ) ) ;
#4319 = AXIS2_PLACEMENT_3D ( 'NONE', #7536, #2288, #4631 ) ;
#4320 = ORIENTED_EDGE ( 'NONE', *, *, #2935, .F. ) ;
#4321 = EDGE_CURVE ( 'NONE', #1435, #4664, #4992, .T. ) ;
#4322 = DIRECTION ( 'NONE',  ( 1.000000000000000000, 0.000000000000000000, 0.000000000000000000 ) ) ;
#4323 = LINE ( 'NONE', #6671, #3580 ) ;
#4324 = ADVANCED_FACE ( 'NONE', ( #2185 ), #5032, .F. ) ;
#4325 = DIRECTION ( 'NONE',  ( -0.000000000000000000, -0.000000000000000000, -1.000000000000000000 ) ) ;
#4326 = VECTOR ( 'NONE', #2992, 1000.000000000000114 ) ;
#4327 = ORIENTED_EDGE ( 'NONE', *, *, #3591, .F. ) ;
#4328 = ORIENTED_EDGE ( 'NONE', *, *, #4987, .T. ) ;
#4329 = FACE_OUTER_BOUND ( 'NONE', #3593, .T. ) ;
#4330 = CARTESIAN_POINT ( 'NONE',  ( 2.434421840245462487, 0.03847595109581208178, 3.384999999999999787 ) ) ;
#4331 = DIRECTION ( 'NONE',  ( 0.000000000000000000, 0.000000000000000000, 1.000000000000000000 ) ) ;
#4332 = EDGE_CURVE ( 'NONE', #3632, #445, #6334, .T. ) ;
#4333 = EDGE_CURVE ( 'NONE', #5528, #4345, #1065, .T. ) ;
#4334 = CLOSED_SHELL ( 'NONE', ( #1243, #1932, #6480, #1818, #6457, #1505, #922, #5211, #6927, #1350, #3952, #7291, #2701, #754 ) ) ;
#4335 = CARTESIAN_POINT ( 'NONE',  ( 1.949999999999999956, 1.109999999999987663, -2.964999999999999858 ) ) ;
#4336 = ORIENTED_EDGE ( 'NONE', *, *, #746, .F. ) ;
#4337 = VERTEX_POINT ( 'NONE', #1653 ) ;
#4338 = DIRECTION ( 'NONE',  ( 0.000000000000000000, 0.000000000000000000, 1.000000000000000000 ) ) ;
#4339 = VECTOR ( 'NONE', #6130, 1000.000000000000000 ) ;
#4340 = ORIENTED_EDGE ( 'NONE', *, *, #6609, .T. ) ;
#4341 = CARTESIAN_POINT ( 'NONE',  ( -2.454999999999975646, 0.3327573459224363317, 4.655000000000000249 ) ) ;
#4342 = DIRECTION ( 'NONE',  ( -0.06975647374411853008, -0.9975640502598247528, 0.000000000000000000 ) ) ;
#4343 = DIRECTION ( 'NONE',  ( -8.993001040601393045E-16, -1.000000000000000000, -0.000000000000000000 ) ) ;
#4344 = EDGE_CURVE ( 'NONE', #6734, #4054, #2151, .T. ) ;
#4345 = VERTEX_POINT ( 'NONE', #447 ) ;
#4346 = ORIENTED_EDGE ( 'NONE', *, *, #3898, .F. ) ;
#4347 = CARTESIAN_POINT ( 'NONE',  ( -1.950000000000000400, 1.109999999999987663, 4.235000000000000320 ) ) ;
#4348 = CARTESIAN_POINT ( 'NONE',  ( 2.449768264469166734, 0.2579400421529494669, -0.8450000000000003064 ) ) ;
#4349 = APPLICATION_PROTOCOL_DEFINITION ( 'draft international standard', 'automotive_design', 1998, #136 ) ;
#4350 = DIRECTION ( 'NONE',  ( 0.000000000000000000, -1.000000000000000000, 0.000000000000000000 ) ) ;
#4351 = ORIENTED_EDGE ( 'NONE', *, *, #6583, .F. ) ;
#4352 = ADVANCED_FACE ( 'NONE', ( #1545 ), #3949, .T. ) ;
#4353 = DIRECTION ( 'NONE',  ( -1.000000000000000000, 0.000000000000000000, 0.000000000000000000 ) ) ;
#4354 = ORIENTED_EDGE ( 'NONE', *, *, #2023, .F. ) ;
#4355 = VECTOR ( 'NONE', #1983, 1000.000000000000000 ) ;
#4356 =( NAMED_UNIT ( * ) PLANE_ANGLE_UNIT ( ) SI_UNIT ( $, .RADIAN. ) );
#4357 = VERTEX_POINT ( 'NONE', #6844 ) ;
#4358 = DIRECTION ( 'NONE',  ( -0.000000000000000000, -0.000000000000000000, -1.000000000000000000 ) ) ;
#4359 = LINE ( 'NONE', #4469, #4000 ) ;
#4360 = CARTESIAN_POINT ( 'NONE',  ( 2.454999999999975646, 0.3327573459224363317, 3.384999999999999787 ) ) ;
#4361 = CARTESIAN_POINT ( 'NONE',  ( 2.449768264469166734, 0.2579400421529494669, -2.964999999999999858 ) ) ;
#4362 = EDGE_CURVE ( 'NONE', #7016, #6900, #2077, .T. ) ;
#4363 = DIRECTION ( 'NONE',  ( -0.000000000000000000, -0.000000000000000000, -1.000000000000000000 ) ) ;
#4364 = EDGE_LOOP ( 'NONE', ( #7307, #3206, #6822, #2673 ) ) ;
#4365 = VERTEX_POINT ( 'NONE', #2755 ) ;
#4366 = CARTESIAN_POINT ( 'NONE',  ( -2.434421840245462487, 0.03847595109581208178, 0.8450000000000003064 ) ) ;
#4367 =( GEOMETRIC_REPRESENTATION_CONTEXT ( 3 ) GLOBAL_UNCERTAINTY_ASSIGNED_CONTEXT ( ( #4368 ) ) GLOBAL_UNIT_ASSIGNED_CONTEXT ( ( #4499, #2189, #5102 ) ) REPRESENTATION_CONTEXT ( 'NONE', 'WORKASPACE' ) );
#4368 = UNCERTAINTY_MEASURE_WITH_UNIT (LENGTH_MEASURE( 1.000000000000000082E-05 ), #4499, 'distance_accuracy_value', 'NONE');
#4369 = DIRECTION ( 'NONE',  ( -0.000000000000000000, -0.000000000000000000, -1.000000000000000000 ) ) ;
#4370 = DIRECTION ( 'NONE',  ( 1.000000000000000000, 8.993001040601393045E-16, -0.000000000000000000 ) ) ;
#4371 = VERTEX_POINT ( 'NONE', #6225 ) ;
#4372 = EDGE_CURVE ( 'NONE', #2305, #5979, #6211, .T. ) ;
#4373 = VERTEX_POINT ( 'NONE', #3912 ) ;
#4374 = CARTESIAN_POINT ( 'NONE',  ( -2.984653575776294865, -3.794707603699265519E-16, -4.235000000000000320 ) ) ;
#4375 = VERTEX_POINT ( 'NONE', #3296 ) ;
#4376 = DIRECTION ( 'NONE',  ( -8.993001040601393045E-16, 1.000000000000000000, 0.000000000000000000 ) ) ;
#4377 = LINE ( 'NONE', #3398, #2469 ) ;
#4378 = VECTOR ( 'NONE', #7572, 1000.000000000000000 ) ;
#4379 = CARTESIAN_POINT ( 'NONE',  ( -2.449768264469166734, 0.2579400421529494669, 3.384999999999999787 ) ) ;
#4380 = ORIENTED_EDGE ( 'NONE', *, *, #1721, .T. ) ;
#4381 = VERTEX_POINT ( 'NONE', #6265 ) ;
#4382 = DIRECTION ( 'NONE',  ( -0.06975647374412144441, -0.9975640502598245307, 0.000000000000000000 ) ) ;
#4383 = CARTESIAN_POINT ( 'NONE',  ( 2.984653575776294865, -3.794707603699265519E-16, 2.115000000000000657 ) ) ;
#4384 = EDGE_CURVE ( 'NONE', #7238, #6543, #6803, .T. ) ;
#4385 = VECTOR ( 'NONE', #279, 1000.000000000000000 ) ;
#4386 = ORIENTED_EDGE ( 'NONE', *, *, #6258, .T. ) ;
#4387 = LINE ( 'NONE', #2658, #7295 ) ;
#4388 = ORIENTED_EDGE ( 'NONE', *, *, #5806, .T. ) ;
#4389 = FACE_OUTER_BOUND ( 'NONE', #6575, .T. ) ;
#4390 = DIRECTION ( 'NONE',  ( 0.000000000000000000, 0.000000000000000000, 1.000000000000000000 ) ) ;
#4391 = FACE_OUTER_BOUND ( 'NONE', #418, .T. ) ;
#4392 = EDGE_CURVE ( 'NONE', #6281, #2083, #7444, .T. ) ;
#4393 = PLANE ( 'NONE',  #6278 ) ;
#4394 = EDGE_CURVE ( 'NONE', #4034, #1882, #5135, .T. ) ;
#4395 = DIRECTION ( 'NONE',  ( -1.000000000000000000, 8.031127203596320741E-16, 0.000000000000000000 ) ) ;
#4396 = ORIENTED_EDGE ( 'NONE', *, *, #2896, .F. ) ;
#4397 = EDGE_LOOP ( 'NONE', ( #1043, #669, #8, #394, #3630, #3284, #6875, #5310, #3482, #2772, #4688, #4082 ) ) ;
#4398 = LINE ( 'NONE', #6136, #2451 ) ;
#4399 = AXIS2_PLACEMENT_3D ( 'NONE', #5022, #296, #871 ) ;
#4400 = CARTESIAN_POINT ( 'NONE',  ( -2.084999999999999964, 0.8900000000000122258, 3.384999999999999787 ) ) ;
#4401 = LINE ( 'NONE', #1016, #7003 ) ;
#4402 = AXIS2_PLACEMENT_3D ( 'NONE', #3125, #5471, #5578 ) ;
#4403 = VECTOR ( 'NONE', #3548, 1000.000000000000000 ) ;
#4404 = LINE ( 'NONE', #3245, #589 ) ;
#4405 = VERTEX_POINT ( 'NONE', #2652 ) ;
#4406 = VERTEX_POINT ( 'NONE', #7338 ) ;
#4407 = CARTESIAN_POINT ( 'NONE',  ( -1.950000000000000400, 1.109999999999987663, -0.8450000000000003064 ) ) ;
#4408 = ORIENTED_EDGE ( 'NONE', *, *, #3857, .F. ) ;
#4409 = CARTESIAN_POINT ( 'NONE',  ( -2.454999999999975646, 0.3327573459224363317, 2.115000000000000657 ) ) ;
#4410 = EDGE_CURVE ( 'NONE', #3534, #3177, #1561, .T. ) ;
#4411 = VECTOR ( 'NONE', #1776, 1000.000000000000000 ) ;
#4412 = LINE ( 'NONE', #6764, #3806 ) ;
#4413 = EDGE_CURVE ( 'NONE', #3215, #5137, #2342, .T. ) ;
#4414 = VECTOR ( 'NONE', #7510, 1000.000000000000000 ) ;
#4415 = CARTESIAN_POINT ( 'NONE',  ( -1.950000000000000400, 1.109999999999987663, 2.115000000000000657 ) ) ;
#4416 = CIRCLE ( 'NONE', #5029, 0.07499999999999998335 ) ;
#4417 = VERTEX_POINT ( 'NONE', #2380 ) ;
#4418 = ORIENTED_EDGE ( 'NONE', *, *, #898, .T. ) ;
#4419 = CARTESIAN_POINT ( 'NONE',  ( 2.454999999999975646, 0.3327573459224363317, 2.964999999999999858 ) ) ;
#4420 = ORIENTED_EDGE ( 'NONE', *, *, #6717, .F. ) ;
#4421 = DIRECTION ( 'NONE',  ( 0.000000000000000000, 1.000000000000000000, 0.000000000000000000 ) ) ;
#4422 = SURFACE_STYLE_USAGE ( .BOTH. , #6806 ) ;
#4423 = VECTOR ( 'NONE', #1022, 1000.000000000000227 ) ;
#4424 = EDGE_LOOP ( 'NONE', ( #1532, #4910, #5833, #5719 ) ) ;
#4425 = ADVANCED_FACE ( 'NONE', ( #2261 ), #4144, .T. ) ;
#4426 = VECTOR ( 'NONE', #5197, 1000.000000000000000 ) ;
#4427 = DIRECTION ( 'NONE',  ( -8.993001040601393045E-16, 1.000000000000000000, 0.000000000000000000 ) ) ;
#4428 = ORIENTED_EDGE ( 'NONE', *, *, #3514, .T. ) ;
#4429 = FACE_OUTER_BOUND ( 'NONE', #1185, .T. ) ;
#4430 = LINE ( 'NONE', #1519, #1040 ) ;
#4431 = CARTESIAN_POINT ( 'NONE',  ( 2.984653575776294865, -3.794707603699265519E-16, -0.4250000000000000444 ) ) ;
#4432 = CARTESIAN_POINT ( 'NONE',  ( 2.084999999999999964, 0.8900000000000122258, 2.964999999999999858 ) ) ;
#4433 = LINE ( 'NONE', #1595, #1871 ) ;
#4434 = AXIS2_PLACEMENT_3D ( 'NONE', #4211, #6673, #7244 ) ;
#4435 = DIRECTION ( 'NONE',  ( -0.000000000000000000, -0.000000000000000000, -1.000000000000000000 ) ) ;
#4436 = VERTEX_POINT ( 'NONE', #7515 ) ;
#4437 = ADVANCED_FACE ( 'NONE', ( #2304 ), #5295, .F. ) ;
#4438 = EDGE_CURVE ( 'NONE', #5023, #6179, #2909, .T. ) ;
#4439 = ORIENTED_EDGE ( 'NONE', *, *, #4112, .T. ) ;
#4440 = CARTESIAN_POINT ( 'NONE',  ( -2.984653575776294865, -3.794707603699265519E-16, -3.384999999999999787 ) ) ;
#4441 = FILL_AREA_STYLE_COLOUR ( '', #4738 ) ;
#4442 = CIRCLE ( 'NONE', #385, 0.2949999999999756151 ) ;
#4443 = EDGE_CURVE ( 'NONE', #6481, #1002, #29, .T. ) ;
#4444 = VECTOR ( 'NONE', #5309, 1000.000000000000000 ) ;
#4445 = DIRECTION ( 'NONE',  ( 0.000000000000000000, 1.000000000000000000, 0.000000000000000000 ) ) ;
#4446 = EDGE_CURVE ( 'NONE', #5386, #6639, #7591, .T. ) ;
#4447 = AXIS2_PLACEMENT_3D ( 'NONE', #5565, #2646, #4845 ) ;
#4448 = LINE ( 'NONE', #1668, #6244 ) ;
#4449 = ORIENTED_EDGE ( 'NONE', *, *, #7355, .F. ) ;
#4450 = ORIENTED_EDGE ( 'NONE', *, *, #2428, .F. ) ;
#4451 = FACE_OUTER_BOUND ( 'NONE', #521, .T. ) ;
#4452 = VERTEX_POINT ( 'NONE', #6449 ) ;
#4453 = DIRECTION ( 'NONE',  ( 1.000000000000000000, 8.031127203596346379E-16, 0.000000000000000000 ) ) ;
#4454 = FACE_OUTER_BOUND ( 'NONE', #6804, .T. ) ;
#4455 = LINE ( 'NONE', #5028, #3185 ) ;
#4456 = EDGE_CURVE ( 'NONE', #6313, #5467, #5913, .T. ) ;
#4457 = ORIENTED_EDGE ( 'NONE', *, *, #5594, .F. ) ;
#4458 = ORIENTED_EDGE ( 'NONE', *, *, #7381, .T. ) ;
#4459 = DIRECTION ( 'NONE',  ( 0.000000000000000000, 0.000000000000000000, 1.000000000000000000 ) ) ;
#4460 = VERTEX_POINT ( 'NONE', #4721 ) ;
#4461 = DIRECTION ( 'NONE',  ( -0.000000000000000000, -0.000000000000000000, -1.000000000000000000 ) ) ;
#4462 = DIRECTION ( 'NONE',  ( 1.000000000000000000, 0.000000000000000000, 0.000000000000000000 ) ) ;
#4463 = LINE ( 'NONE', #7272, #295 ) ;
#4464 = ORIENTED_EDGE ( 'NONE', *, *, #529, .T. ) ;
#4465 = DIRECTION ( 'NONE',  ( -1.000000000000000000, 0.000000000000000000, 0.000000000000000000 ) ) ;
#4466 = ADVANCED_FACE ( 'NONE', ( #1812 ), #5255, .F. ) ;
#4467 = VECTOR ( 'NONE', #5342, 1000.000000000000000 ) ;
#4468 = DIRECTION ( 'NONE',  ( -0.000000000000000000, -0.000000000000000000, -1.000000000000000000 ) ) ;
#4469 = CARTESIAN_POINT ( 'NONE',  ( -1.950000000000000400, 1.109999999999987663, 4.655000000000000249 ) ) ;
#4470 = LINE ( 'NONE', #2733, #3212 ) ;
#4471 = LINE ( 'NONE', #4970, #1114 ) ;
#4472 = CARTESIAN_POINT ( 'NONE',  ( 2.434421840245462487, 0.03847595109581208178, -2.115000000000000213 ) ) ;
#4473 = VECTOR ( 'NONE', #3123, 1000.000000000000000 ) ;
#4474 = DIRECTION ( 'NONE',  ( -0.000000000000000000, -0.000000000000000000, -1.000000000000000000 ) ) ;
#4475 = ORIENTED_EDGE ( 'NONE', *, *, #4413, .T. ) ;
#4476 = ORIENTED_EDGE ( 'NONE', *, *, #2931, .T. ) ;
#4477 = CARTESIAN_POINT ( 'NONE',  ( 2.379999999999975913, 0.8150000000000123812, 4.235000000000000320 ) ) ;
#4478 = SURFACE_STYLE_USAGE ( .BOTH. , #2741 ) ;
#4479 = ADVANCED_FACE ( 'NONE', ( #3448 ), #523, .F. ) ;
#4480 = CARTESIAN_POINT ( 'NONE',  ( 2.084999999999999964, 0.8150000000000123812, 2.115000000000000657 ) ) ;
#4481 = AXIS2_PLACEMENT_3D ( 'NONE', #5627, #6171, #4395 ) ;
#4482 = VECTOR ( 'NONE', #1004, 1000.000000000000000 ) ;
#4483 = ORIENTED_EDGE ( 'NONE', *, *, #4148, .F. ) ;
#4484 = ORIENTED_EDGE ( 'NONE', *, *, #6695, .F. ) ;
#4485 = FACE_OUTER_BOUND ( 'NONE', #879, .T. ) ;
#4486 = ORIENTED_EDGE ( 'NONE', *, *, #3062, .T. ) ;
#4487 = DIRECTION ( 'NONE',  ( 1.000000000000000000, 0.000000000000000000, 0.000000000000000000 ) ) ;
#4488 = CYLINDRICAL_SURFACE ( 'NONE', #1489, 0.07499999999999998335 ) ;
#4489 = EDGE_CURVE ( 'NONE', #6721, #1398, #486, .T. ) ;
#4490 = PRESENTATION_LAYER_ASSIGNMENT (  '', '', ( #3904 ) ) ;
#4491 = CYLINDRICAL_SURFACE ( 'NONE', #4169, 0.2949999999999762812 ) ;
#4492 = AXIS2_PLACEMENT_3D ( 'NONE', #5326, #1683, #1804 ) ;
#4493 = ORIENTED_EDGE ( 'NONE', *, *, #4597, .F. ) ;
#4494 = ORIENTED_EDGE ( 'NONE', *, *, #6825, .F. ) ;
#4495 = DIRECTION ( 'NONE',  ( 0.000000000000000000, 1.000000000000000000, 0.000000000000000000 ) ) ;
#4496 = EDGE_LOOP ( 'NONE', ( #2393, #4257, #2138, #3817 ) ) ;
#4497 = AXIS2_PLACEMENT_3D ( 'NONE', #4609, #6493, #2421 ) ;
#4498 = CARTESIAN_POINT ( 'NONE',  ( 2.454999999999975646, 0.3327573459224363317, 3.384999999999999787 ) ) ;
#4499 =( LENGTH_UNIT ( ) NAMED_UNIT ( * ) SI_UNIT ( .MILLI., .METRE. ) );
#4500 = AXIS2_PLACEMENT_3D ( 'NONE', #3739, #6519, #6086 ) ;
#4501 = EDGE_CURVE ( 'NONE', #5189, #2205, #5842, .T. ) ;
#4502 = CARTESIAN_POINT ( 'NONE',  ( 2.084999999999999964, 1.109999999999987885, 1.695000000000000284 ) ) ;
#4503 = FACE_OUTER_BOUND ( 'NONE', #5080, .T. ) ;
#4504 = ORIENTED_EDGE ( 'NONE', *, *, #2784, .F. ) ;
#4505 = CARTESIAN_POINT ( 'NONE',  ( -1.950000000000000400, 0.8900000000000124478, 4.949999999999999289 ) ) ;
#4506 = CIRCLE ( 'NONE', #6469, 0.07500000000000041356 ) ;
#4507 = CARTESIAN_POINT ( 'NONE',  ( -1.837150732346582771, 0.2500000000000000000, 0.000000000000000000 ) ) ;
#4508 = DIRECTION ( 'NONE',  ( 0.000000000000000000, 0.000000000000000000, 1.000000000000000000 ) ) ;
#4509 = DIRECTION ( 'NONE',  ( -1.000000000000000000, 0.000000000000000000, 0.000000000000000000 ) ) ;
#4510 = EDGE_CURVE ( 'NONE', #4531, #3818, #6373, .T. ) ;
#4511 = DIRECTION ( 'NONE',  ( 1.000000000000000000, 0.000000000000000000, 0.000000000000000000 ) ) ;
#4512 = FILL_AREA_STYLE ('',( #4586 ) ) ;
#4513 = DIRECTION ( 'NONE',  ( -0.000000000000000000, -0.000000000000000000, -1.000000000000000000 ) ) ;
#4514 = ORIENTED_EDGE ( 'NONE', *, *, #1522, .F. ) ;
#4515 = ORIENTED_EDGE ( 'NONE', *, *, #255, .T. ) ;
#4516 = PLANE ( 'NONE',  #2686 ) ;
#4517 = UNCERTAINTY_MEASURE_WITH_UNIT (LENGTH_MEASURE( 1.000000000000000082E-05 ), #2493, 'distance_accuracy_value', 'NONE');
#4518 = SURFACE_SIDE_STYLE ('',( #1015 ) ) ;
#4519 = DIRECTION ( 'NONE',  ( -1.000000000000000000, 0.000000000000000000, 0.000000000000000000 ) ) ;
#4520 = ADVANCED_FACE ( 'NONE', ( #7551 ), #5834, .F. ) ;
#4521 = ORIENTED_EDGE ( 'NONE', *, *, #885, .F. ) ;
#4522 = ORIENTED_EDGE ( 'NONE', *, *, #4805, .F. ) ;
#4523 = LINE ( 'NONE', #6867, #5388 ) ;
#4524 = EDGE_LOOP ( 'NONE', ( #7028, #1222, #3830, #6105, #1579, #2343, #4855, #1997, #6866, #3956, #868, #114 ) ) ;
#4525 = CARTESIAN_POINT ( 'NONE',  ( -1.950000000000000400, 1.109999999999987663, 0.4250000000000000444 ) ) ;
#4526 = COLOUR_RGB ( '',0.7921568627450980005, 0.8196078431372548767, 0.9333333333333333481 ) ;
#4527 = CARTESIAN_POINT ( 'NONE',  ( -2.159999999999999698, 0.3327573459224363317, -3.384999999999999787 ) ) ;
#4528 = AXIS2_PLACEMENT_3D ( 'NONE', #5369, #176, #6061 ) ;
#4529 = DIRECTION ( 'NONE',  ( 8.993001040601393045E-16, 1.000000000000000000, -0.000000000000000000 ) ) ;
#4530 = VECTOR ( 'NONE', #26, 1000.000000000000227 ) ;
#4531 = VERTEX_POINT ( 'NONE', #5797 ) ;
#4532 = ADVANCED_FACE ( 'NONE', ( #5174 ), #603, .T. ) ;
#4533 = ORIENTED_EDGE ( 'NONE', *, *, #3857, .T. ) ;
#4534 = CARTESIAN_POINT ( 'NONE',  ( 2.379999999999975913, 0.8150000000000123812, 0.8450000000000003064 ) ) ;
#4535 = EDGE_CURVE ( 'NONE', #4293, #5832, #5337, .T. ) ;
#4536 = CIRCLE ( 'NONE', #6008, 0.07499999999999998335 ) ;
#4537 = ORIENTED_EDGE ( 'NONE', *, *, #2155, .F. ) ;
#4538 = DIRECTION ( 'NONE',  ( -0.000000000000000000, -0.000000000000000000, -1.000000000000000000 ) ) ;
#4539 = SHAPE_DEFINITION_REPRESENTATION ( #3932, #6904 ) ;
#4540 = ADVANCED_FACE ( 'NONE', ( #64 ), #4760, .F. ) ;
#4541 = AXIS2_PLACEMENT_3D ( 'NONE', #6993, #4723, #2911 ) ;
#4542 = CARTESIAN_POINT ( 'NONE',  ( -1.837150732346582771, 0.2500000000000000000, -4.837150732346583659 ) ) ;
#4543 = SURFACE_STYLE_USAGE ( .BOTH. , #3919 ) ;
#4544 = ORIENTED_EDGE ( 'NONE', *, *, #1354, .T. ) ;
#4545 = CARTESIAN_POINT ( 'NONE',  ( -1.950000000000000400, 1.109999999999987663, 4.235000000000000320 ) ) ;
#4546 = LINE ( 'NONE', #6884, #7539 ) ;
#4547 = CARTESIAN_POINT ( 'NONE',  ( 1.949999999999999956, 0.8900000000000123368, -2.115000000000000213 ) ) ;
#4548 = CARTESIAN_POINT ( 'NONE',  ( -2.159999999999999698, 0.3327573459224363317, 3.384999999999999787 ) ) ;
#4549 = CIRCLE ( 'NONE', #613, 0.2250000000000003664 ) ;
#4550 =( NAMED_UNIT ( * ) PLANE_ANGLE_UNIT ( ) SI_UNIT ( $, .RADIAN. ) );
#4551 = FACE_OUTER_BOUND ( 'NONE', #2038, .T. ) ;
#4552 = ORIENTED_EDGE ( 'NONE', *, *, #6790, .F. ) ;
#4553 = ADVANCED_FACE ( 'NONE', ( #3604 ), #184, .F. ) ;
#4554 = EDGE_CURVE ( 'NONE', #5137, #7449, #6093, .T. ) ;
#4555 = EDGE_LOOP ( 'NONE', ( #3683, #1965, #4890, #1388 ) ) ;
#4556 = CARTESIAN_POINT ( 'NONE',  ( 2.379999999999975913, 0.8150000000000123812, 1.695000000000000284 ) ) ;
#4557 = LINE ( 'NONE', #398, #5840 ) ;
#4558 = CYLINDRICAL_SURFACE ( 'NONE', #2265, 0.07500000000000041356 ) ;
#4559 = CARTESIAN_POINT ( 'NONE',  ( -2.454999999999975646, 0.3327573459224363317, -2.115000000000000213 ) ) ;
#4560 = ORIENTED_EDGE ( 'NONE', *, *, #4, .T. ) ;
#4561 = ORIENTED_EDGE ( 'NONE', *, *, #1399, .T. ) ;
#4562 = ORIENTED_EDGE ( 'NONE', *, *, #7526, .F. ) ;
#4563 = CARTESIAN_POINT ( 'NONE',  ( 2.449768264469166734, 0.2579400421529494669, 0.4250000000000000444 ) ) ;
#4564 = VECTOR ( 'NONE', #4251, 1000.000000000000000 ) ;
#4565 = DIRECTION ( 'NONE',  ( 0.000000000000000000, 0.000000000000000000, 1.000000000000000000 ) ) ;
#4566 = EDGE_CURVE ( 'NONE', #7031, #6516, #2537, .T. ) ;
#4567 = CYLINDRICAL_SURFACE ( 'NONE', #3432, 0.2949999999999756151 ) ;
#4568 = EDGE_CURVE ( 'NONE', #5743, #3914, #3026, .T. ) ;
#4569 = CIRCLE ( 'NONE', #1255, 0.2949999999999762812 ) ;
#4570 = DIRECTION ( 'NONE',  ( -0.9975640502598246417, -0.06975647374411851620, 0.000000000000000000 ) ) ;
#4571 = DIRECTION ( 'NONE',  ( -1.000000000000000000, 0.000000000000000000, 0.000000000000000000 ) ) ;
#4572 = ORIENTED_EDGE ( 'NONE', *, *, #7196, .F. ) ;
#4573 = ORIENTED_EDGE ( 'NONE', *, *, #3516, .T. ) ;
#4574 = DIRECTION ( 'NONE',  ( -1.000000000000000000, -0.000000000000000000, -0.000000000000000000 ) ) ;
#4575 = ORIENTED_EDGE ( 'NONE', *, *, #5084, .F. ) ;
#4576 = CARTESIAN_POINT ( 'NONE',  ( -1.950000000000000400, 1.109999999999987663, -1.694999999999999840 ) ) ;
#4577 = DIRECTION ( 'NONE',  ( 0.000000000000000000, -0.000000000000000000, -1.000000000000000000 ) ) ;
#4578 = FACE_OUTER_BOUND ( 'NONE', #5276, .T. ) ;
#4579 = ORIENTED_EDGE ( 'NONE', *, *, #302, .F. ) ;
#4580 = LINE ( 'NONE', #4505, #6708 ) ;
#4581 = LINE ( 'NONE', #5923, #2154 ) ;
#4582 = AXIS2_PLACEMENT_3D ( 'NONE', #3816, #5667, #2630 ) ;
#4583 = LINE ( 'NONE', #5113, #1059 ) ;
#4584 = PLANE ( 'NONE',  #3576 ) ;
#4585 = EDGE_CURVE ( 'NONE', #484, #7433, #4744, .T. ) ;
#4586 = FILL_AREA_STYLE_COLOUR ( '', #4715 ) ;
#4587 = LINE ( 'NONE', #6928, #1119 ) ;
#4588 = VERTEX_POINT ( 'NONE', #103 ) ;
#4589 = VECTOR ( 'NONE', #5265, 1000.000000000000227 ) ;
#4590 = DIRECTION ( 'NONE',  ( -8.993001040601393045E-16, 1.000000000000000000, 0.000000000000000000 ) ) ;
#4591 = EDGE_LOOP ( 'NONE', ( #7029, #3646, #940, #965 ) ) ;
#4592 = CYLINDRICAL_SURFACE ( 'NONE', #237, 0.2949999999999756151 ) ;
#4593 = DIRECTION ( 'NONE',  ( 0.06975647374412144441, -0.9975640502598245307, 0.000000000000000000 ) ) ;
#4594 = DIRECTION ( 'NONE',  ( -1.000000000000000000, 8.993001040601393045E-16, 0.000000000000000000 ) ) ;
#4595 = DIRECTION ( 'NONE',  ( 1.000000000000000000, 0.000000000000000000, 0.000000000000000000 ) ) ;
#4596 = CIRCLE ( 'NONE', #5573, 0.2949999999999756151 ) ;
#4597 = EDGE_CURVE ( 'NONE', #7046, #2359, #2413, .T. ) ;
#4598 = ORIENTED_EDGE ( 'NONE', *, *, #5184, .F. ) ;
#4599 = EDGE_LOOP ( 'NONE', ( #4226, #1402, #7476, #2015 ) ) ;
#4600 = ORIENTED_EDGE ( 'NONE', *, *, #6044, .T. ) ;
#4601 = AXIS2_PLACEMENT_3D ( 'NONE', #6317, #7573, #6435 ) ;
#4602 = DIRECTION ( 'NONE',  ( -0.06975647374412144441, -0.9975640502598245307, 0.000000000000000000 ) ) ;
#4603 = DIRECTION ( 'NONE',  ( -0.000000000000000000, -0.000000000000000000, -1.000000000000000000 ) ) ;
#4604 = DIRECTION ( 'NONE',  ( -0.000000000000000000, -0.000000000000000000, -1.000000000000000000 ) ) ;
#4605 = LINE ( 'NONE', #60, #7419 ) ;
#4606 = DIRECTION ( 'NONE',  ( -0.000000000000000000, -0.000000000000000000, -1.000000000000000000 ) ) ;
#4607 = ORIENTED_EDGE ( 'NONE', *, *, #3793, .F. ) ;
#4608 = ORIENTED_EDGE ( 'NONE', *, *, #7024, .T. ) ;
#4609 = CARTESIAN_POINT ( 'NONE',  ( -2.454999999999975646, 0.3327573459224363317, 2.115000000000000657 ) ) ;
#4610 = ORIENTED_EDGE ( 'NONE', *, *, #6119, .F. ) ;
#4611 = PLANE ( 'NONE',  #854 ) ;
#4612 = DIRECTION ( 'NONE',  ( 0.000000000000000000, 1.000000000000000000, 0.000000000000000000 ) ) ;
#4613 = DIRECTION ( 'NONE',  ( -1.000000000000000000, 0.000000000000000000, 0.000000000000000000 ) ) ;
#4614 = ORIENTED_EDGE ( 'NONE', *, *, #6730, .T. ) ;
#4615 = CARTESIAN_POINT ( 'NONE',  ( -2.984653575776294865, -3.794707603699265519E-16, -0.4250000000000000444 ) ) ;
#4616 = CARTESIAN_POINT ( 'NONE',  ( -2.159999999999999698, 0.3327573459224363317, 0.8450000000000003064 ) ) ;
#4617 =( GEOMETRIC_REPRESENTATION_CONTEXT ( 3 ) GLOBAL_UNCERTAINTY_ASSIGNED_CONTEXT ( ( #4904 ) ) GLOBAL_UNIT_ASSIGNED_CONTEXT ( ( #4209, #5475, #5360 ) ) REPRESENTATION_CONTEXT ( 'NONE', 'WORKASPACE' ) );
#4618 = CARTESIAN_POINT ( 'NONE',  ( -2.449768264469166734, 0.2579400421529493004, 1.695000000000000284 ) ) ;
#4619 = LINE ( 'NONE', #7002, #502 ) ;
#4620 = VECTOR ( 'NONE', #40, 1000.000000000000000 ) ;
#4621 = FACE_OUTER_BOUND ( 'NONE', #7540, .T. ) ;
#4622 = ORIENTED_EDGE ( 'NONE', *, *, #2210, .T. ) ;
#4623 = LINE ( 'NONE', #1124, #104 ) ;
#4624 = ORIENTED_EDGE ( 'NONE', *, *, #3980, .F. ) ;
#4625 = ADVANCED_FACE ( 'NONE', ( #6032 ), #1927, .F. ) ;
#4627 = DIRECTION ( 'NONE',  ( -1.000000000000000000, 0.000000000000000000, 0.000000000000000000 ) ) ;
#4626 = CARTESIAN_POINT ( 'NONE',  ( -2.449768264469166734, 0.2579400421529494669, 4.655000000000000249 ) ) ;
#4628 = EDGE_CURVE ( 'NONE', #2687, #2854, #5453, .T. ) ;
#4629 = DIRECTION ( 'NONE',  ( 8.993001040601393045E-16, -1.000000000000000000, 0.000000000000000000 ) ) ;
#4630 = VECTOR ( 'NONE', #5185, 1000.000000000000000 ) ;
#4631 = DIRECTION ( 'NONE',  ( -1.000000000000000000, 0.000000000000000000, 0.000000000000000000 ) ) ;
#4632 = ADVANCED_FACE ( 'NONE', ( #798 ), #5492, .T. ) ;
#4633 = VERTEX_POINT ( 'NONE', #1306 ) ;
#4634 = ORIENTED_EDGE ( 'NONE', *, *, #2859, .F. ) ;
#4635 = VERTEX_POINT ( 'NONE', #7296 ) ;
#4636 = CARTESIAN_POINT ( 'NONE',  ( 2.379999999999975469, 0.3327573459224363317, 0.8450000000000003064 ) ) ;
#4637 = FACE_OUTER_BOUND ( 'NONE', #5611, .T. ) ;
#4638 = VECTOR ( 'NONE', #5616, 1000.000000000000000 ) ;
#4639 = CARTESIAN_POINT ( 'NONE',  ( -2.434421840245462487, 0.03847595109581208178, -1.694999999999999840 ) ) ;
#4640 = DIRECTION ( 'NONE',  ( -8.993001040601393045E-16, -1.000000000000000000, 0.000000000000000000 ) ) ;
#4641 = CARTESIAN_POINT ( 'NONE',  ( -2.449768264469166734, 0.2579400421529494669, -0.4250000000000000444 ) ) ;
#4642 = ORIENTED_EDGE ( 'NONE', *, *, #1721, .F. ) ;
#4643 = ADVANCED_FACE ( 'NONE', ( #7146 ), #5379, .F. ) ;
#4644 = ORIENTED_EDGE ( 'NONE', *, *, #5216, .F. ) ;
#4645 = CARTESIAN_POINT ( 'NONE',  ( 2.379999999999975913, 0.8150000000000123812, -0.4250000000000000444 ) ) ;
#4646 = AXIS2_PLACEMENT_3D ( 'NONE', #2087, #4318, #1326 ) ;
#4647 = VERTEX_POINT ( 'NONE', #3645 ) ;
#4648 = LINE ( 'NONE', #1266, #4411 ) ;
#4649 = EDGE_CURVE ( 'NONE', #2536, #6668, #5990, .T. ) ;
#4650 = CIRCLE ( 'NONE', #4897, 0.07499999999999998335 ) ;
#4651 = LINE ( 'NONE', #6453, #3945 ) ;
#4652 = AXIS2_PLACEMENT_3D ( 'NONE', #5449, #5489, #4181 ) ;
#4653 = FACE_OUTER_BOUND ( 'NONE', #1908, .T. ) ;
#4654 = PRESENTATION_STYLE_ASSIGNMENT (( #4543 ) ) ;
#4655 = ORIENTED_EDGE ( 'NONE', *, *, #1969, .F. ) ;
#4656 = CARTESIAN_POINT ( 'NONE',  ( -3.000000000000000000, 0.2194640910571372949, 0.8450000000000003064 ) ) ;
#4657 = CARTESIAN_POINT ( 'NONE',  ( 1.949999999999999956, 0.8900000000000123368, -0.4250000000000000444 ) ) ;
#4658 = DIRECTION ( 'NONE',  ( -0.06975647374412144441, -0.9975640502598245307, 0.000000000000000000 ) ) ;
#4659 = AXIS2_PLACEMENT_3D ( 'NONE', #3757, #766, #5562 ) ;
#4660 = DIRECTION ( 'NONE',  ( -1.000000000000000000, 0.000000000000000000, 0.000000000000000000 ) ) ;
#4661 = EDGE_CURVE ( 'NONE', #1735, #4759, #151, .T. ) ;
#4662 = ORIENTED_EDGE ( 'NONE', *, *, #4649, .T. ) ;
#4663 = DIRECTION ( 'NONE',  ( 1.000000000000000000, 0.000000000000000000, 0.000000000000000000 ) ) ;
#4664 = VERTEX_POINT ( 'NONE', #725 ) ;
#4665 = CARTESIAN_POINT ( 'NONE',  ( 3.000000000000000000, 0.2194640910571372949, 0.8450000000000003064 ) ) ;
#4666 = VERTEX_POINT ( 'NONE', #3070 ) ;
#4668 = DIRECTION ( 'NONE',  ( 1.000000000000000000, 0.000000000000000000, 0.000000000000000000 ) ) ;
#4667 = LINE ( 'NONE', #4164, #7327 ) ;
#4669 = FILL_AREA_STYLE_COLOUR ( '', #4988 ) ;
#4670 = DIRECTION ( 'NONE',  ( 1.000000000000000000, 0.000000000000000000, -0.000000000000000000 ) ) ;
#4671 = AXIS2_PLACEMENT_3D ( 'NONE', #59, #2336, #5289 ) ;
#4672 = CARTESIAN_POINT ( 'NONE',  ( 2.454999999999975646, 0.3327573459224363317, -0.4250000000000000444 ) ) ;
#4673 = EDGE_CURVE ( 'NONE', #242, #6286, #4267, .T. ) ;
#4674 = ORIENTED_EDGE ( 'NONE', *, *, #3498, .T. ) ;
#4675 = CIRCLE ( 'NONE', #1984, 0.2949999999999756151 ) ;
#4676 = ORIENTED_EDGE ( 'NONE', *, *, #6167, .T. ) ;
#4677 = EDGE_CURVE ( 'NONE', #3393, #393, #3143, .T. ) ;
#4678 = CARTESIAN_POINT ( 'NONE',  ( -1.950000000000000400, 1.109999999999987663, 2.115000000000000657 ) ) ;
#4679 = CARTESIAN_POINT ( 'NONE',  ( 2.454999999999975646, 0.3327573459224363317, -2.964999999999999858 ) ) ;
#4680 = DIRECTION ( 'NONE',  ( -1.000000000000000000, 8.993001040601393045E-16, 0.000000000000000000 ) ) ;
#4681 = ADVANCED_FACE ( 'NONE', ( #260 ), #222, .F. ) ;
#4682 = LINE ( 'NONE', #6947, #6817 ) ;
#4683 = VECTOR ( 'NONE', #134, 1000.000000000000000 ) ;
#4684 = DIRECTION ( 'NONE',  ( 1.000000000000000000, -8.031127203596320741E-16, -0.000000000000000000 ) ) ;
#4685 = EDGE_LOOP ( 'NONE', ( #376, #3101, #3716, #6145 ) ) ;
#4686 = ORIENTED_EDGE ( 'NONE', *, *, #6847, .T. ) ;
#4687 = DIRECTION ( 'NONE',  ( -1.000000000000000000, 0.000000000000000000, 0.000000000000000000 ) ) ;
#4688 = ORIENTED_EDGE ( 'NONE', *, *, #6077, .T. ) ;
#4689 = CARTESIAN_POINT ( 'NONE',  ( -1.950000000000000400, 1.109999999999987663, 4.949999999999999289 ) ) ;
#4690 = FACE_OUTER_BOUND ( 'NONE', #5020, .T. ) ;
#4691 = VECTOR ( 'NONE', #1361, 1000.000000000000000 ) ;
#4692 = ADVANCED_FACE ( 'NONE', ( #439 ), #2142, .F. ) ;
#4693 = CARTESIAN_POINT ( 'NONE',  ( -2.984653575776294865, -3.794707603699265519E-16, 2.115000000000000657 ) ) ;
#4694 = SURFACE_SIDE_STYLE ('',( #1744 ) ) ;
#4695 = ORIENTED_EDGE ( 'NONE', *, *, #884, .F. ) ;
#4696 = CARTESIAN_POINT ( 'NONE',  ( 1.949999999999999956, 1.109999999999987663, -1.694999999999999840 ) ) ;
#4697 = CARTESIAN_POINT ( 'NONE',  ( 2.160000000000000142, 0.8150000000000123812, -3.384999999999999787 ) ) ;
#4698 = LINE ( 'NONE', #5729, #6840 ) ;
#4699 = FACE_OUTER_BOUND ( 'NONE', #6360, .T. ) ;
#4700 = ORIENTED_EDGE ( 'NONE', *, *, #7589, .T. ) ;
#4701 = DIRECTION ( 'NONE',  ( 0.000000000000000000, 0.000000000000000000, 1.000000000000000000 ) ) ;
#4702 = ORIENTED_EDGE ( 'NONE', *, *, #6837, .T. ) ;
#4703 = DIRECTION ( 'NONE',  ( -0.000000000000000000, -0.000000000000000000, -1.000000000000000000 ) ) ;
#4704 = VERTEX_POINT ( 'NONE', #1456 ) ;
#4706 = DIRECTION ( 'NONE',  ( -0.9975640502598246417, -0.06975647374411851620, 0.000000000000000000 ) ) ;
#4705 = FACE_OUTER_BOUND ( 'NONE', #2787, .T. ) ;
#4707 = CARTESIAN_POINT ( 'NONE',  ( -2.159999999999999698, 0.3327573459224363317, 4.655000000000000249 ) ) ;
#4708 = DIRECTION ( 'NONE',  ( -0.000000000000000000, 0.000000000000000000, -1.000000000000000000 ) ) ;
#4709 = CARTESIAN_POINT ( 'NONE',  ( 2.379999999999975913, 0.8150000000000123812, -4.235000000000000320 ) ) ;
#4710 = ORIENTED_EDGE ( 'NONE', *, *, #5117, .T. ) ;
#4711 = VERTEX_POINT ( 'NONE', #5640 ) ;
#4712 = DIRECTION ( 'NONE',  ( 0.000000000000000000, 0.000000000000000000, 1.000000000000000000 ) ) ;
#4713 = EDGE_CURVE ( 'NONE', #1828, #826, #2643, .T. ) ;
#4714 = DIRECTION ( 'NONE',  ( -8.993001040601393045E-16, 1.000000000000000000, 0.000000000000000000 ) ) ;
#4715 = COLOUR_RGB ( '',0.7921568627450980005, 0.8196078431372548767, 0.9333333333333333481 ) ;
#4716 = FACE_OUTER_BOUND ( 'NONE', #6980, .T. ) ;
#4717 = CARTESIAN_POINT ( 'NONE',  ( -1.950000000000000400, 1.109999999999987663, 0.4250000000000000444 ) ) ;
#4718 = LINE ( 'NONE', #6411, #7142 ) ;
#4719 = ORIENTED_EDGE ( 'NONE', *, *, #1116, .T. ) ;
#4720 = ORIENTED_EDGE ( 'NONE', *, *, #4, .F. ) ;
#4721 = CARTESIAN_POINT ( 'NONE',  ( 2.159999999999999698, 0.3327573459224363317, -2.964999999999999858 ) ) ;
#4722 = ORIENTED_EDGE ( 'NONE', *, *, #4628, .F. ) ;
#4723 = DIRECTION ( 'NONE',  ( -0.000000000000000000, -0.000000000000000000, -1.000000000000000000 ) ) ;
#4724 = ADVANCED_FACE ( 'NONE', ( #4485 ), #6760, .F. ) ;
#4725 = PLANE ( 'NONE',  #4936 ) ;
#4726 = LINE ( 'NONE', #3033, #4314 ) ;
#4727 = ORIENTED_EDGE ( 'NONE', *, *, #1313, .F. ) ;
#4728 = CIRCLE ( 'NONE', #3252, 0.2949999999999762812 ) ;
#4729 = LINE ( 'NONE', #6462, #2407 ) ;
#4730 = CARTESIAN_POINT ( 'NONE',  ( 2.434421840245462487, 0.03847595109581208178, -4.235000000000000320 ) ) ;
#4731 = DIRECTION ( 'NONE',  ( -0.000000000000000000, -0.000000000000000000, -1.000000000000000000 ) ) ;
#4732 = DIRECTION ( 'NONE',  ( -0.000000000000000000, -0.000000000000000000, -1.000000000000000000 ) ) ;
#4733 = AXIS2_PLACEMENT_3D ( 'NONE', #4656, #1861, #6960 ) ;
#4734 = EDGE_LOOP ( 'NONE', ( #2214, #5443, #2075, #3260 ) ) ;
#4735 = PLANE ( 'NONE',  #2993 ) ;
#4736 = ORIENTED_EDGE ( 'NONE', *, *, #952, .F. ) ;
#4737 = CARTESIAN_POINT ( 'NONE',  ( -2.434421840245462487, 0.03847595109581208178, 4.655000000000000249 ) ) ;
#4738 = COLOUR_RGB ( '',0.2509803921568627416, 0.2509803921568627416, 0.2509803921568627416 ) ;
#4739 = EDGE_CURVE ( 'NONE', #779, #816, #4650, .T. ) ;
#4740 = ORIENTED_EDGE ( 'NONE', *, *, #2717, .T. ) ;
#4742 = DIRECTION ( 'NONE',  ( -0.000000000000000000, -0.000000000000000000, -1.000000000000000000 ) ) ;
#4741 = LINE ( 'NONE', #2439, #5851 ) ;
#4743 = CARTESIAN_POINT ( 'NONE',  ( 1.949999999999999956, 0.8900000000000123368, -0.8450000000000003064 ) ) ;
#4744 = CIRCLE ( 'NONE', #5720, 0.07499999999999998335 ) ;
#4745 = DIRECTION ( 'NONE',  ( -1.000000000000000000, 0.000000000000000000, 0.000000000000000000 ) ) ;
#4746 = ADVANCED_FACE ( 'NONE', ( #4451 ), #5676, .F. ) ;
#4747 = DIRECTION ( 'NONE',  ( -0.000000000000000000, 0.000000000000000000, -1.000000000000000000 ) ) ;
#4748 = VECTOR ( 'NONE', #389, 1000.000000000000114 ) ;
#4749 = ORIENTED_EDGE ( 'NONE', *, *, #3100, .T. ) ;
#4750 = ORIENTED_EDGE ( 'NONE', *, *, #1010, .T. ) ;
#4751 = CARTESIAN_POINT ( 'NONE',  ( -2.159999999999999698, 0.3327573459224363317, -2.964999999999999858 ) ) ;
#4752 = CIRCLE ( 'NONE', #1446, 0.07500000000000041356 ) ;
#4753 = LINE ( 'NONE', #7095, #5220 ) ;
#4754 = DIRECTION ( 'NONE',  ( -0.000000000000000000, -0.000000000000000000, -1.000000000000000000 ) ) ;
#4755 = EDGE_CURVE ( 'NONE', #1869, #5533, #2781, .T. ) ;
#4756 = CARTESIAN_POINT ( 'NONE',  ( -2.084999999999999964, 0.8150000000000123812, 0.8450000000000003064 ) ) ;
#4757 = CARTESIAN_POINT ( 'NONE',  ( 2.379999999999975469, 0.3327573459224363317, -1.694999999999999840 ) ) ;
#4758 = ORIENTED_EDGE ( 'NONE', *, *, #3720, .F. ) ;
#4759 = VERTEX_POINT ( 'NONE', #3901 ) ;
#4760 = PLANE ( 'NONE',  #1806 ) ;
#4761 = VERTEX_POINT ( 'NONE', #402 ) ;
#4762 = DIRECTION ( 'NONE',  ( 0.06975647374412144441, -0.9975640502598245307, 0.000000000000000000 ) ) ;
#4763 = DIRECTION ( 'NONE',  ( 0.000000000000000000, -1.000000000000000000, 0.000000000000000000 ) ) ;
#4764 = CARTESIAN_POINT ( 'NONE',  ( 0.000000000000000000, 0.2500000000000000000, -4.837150732346583659 ) ) ;
#4765 = ADVANCED_FACE ( 'NONE', ( #3792 ), #3324, .F. ) ;
#4766 = EDGE_CURVE ( 'NONE', #7254, #747, #5126, .T. ) ;
#4767 = ORIENTED_EDGE ( 'NONE', *, *, #7318, .F. ) ;
#4768 = LINE ( 'NONE', #4615, #1047 ) ;
#4769 = CARTESIAN_POINT ( 'NONE',  ( -3.000000000000000000, 0.2194640910571372949, -2.964999999999999858 ) ) ;
#4770 = EDGE_CURVE ( 'NONE', #3947, #2331, #7578, .T. ) ;
#4771 = LINE ( 'NONE', #7117, #3519 ) ;
#4772 = AXIS2_PLACEMENT_3D ( 'NONE', #277, #5000, #4283 ) ;
#4773 = DIRECTION ( 'NONE',  ( -0.000000000000000000, -0.000000000000000000, -1.000000000000000000 ) ) ;
#4774 = AXIS2_PLACEMENT_3D ( 'NONE', #56, #3976, #5287 ) ;
#4775 = ORIENTED_EDGE ( 'NONE', *, *, #5982, .T. ) ;
#4776 = DIRECTION ( 'NONE',  ( -1.000000000000000000, 8.031127203596320741E-16, 0.000000000000000000 ) ) ;
#4777 = VERTEX_POINT ( 'NONE', #4407 ) ;
#4778 =( NAMED_UNIT ( * ) PLANE_ANGLE_UNIT ( ) SI_UNIT ( $, .RADIAN. ) );
#4779 = ORIENTED_EDGE ( 'NONE', *, *, #2506, .F. ) ;
#4780 = ORIENTED_EDGE ( 'NONE', *, *, #6345, .F. ) ;
#4782 = PLANE ( 'NONE',  #3796 ) ;
#4781 = DIRECTION ( 'NONE',  ( 0.000000000000000000, 1.000000000000000000, 0.000000000000000000 ) ) ;
#4783 = VECTOR ( 'NONE', #3279, 1000.000000000000000 ) ;
#4784 = CARTESIAN_POINT ( 'NONE',  ( -1.950000000000000400, 0.8900000000000123368, -4.655000000000000249 ) ) ;
#4785 = CARTESIAN_POINT ( 'NONE',  ( -2.084999999999999964, 0.8150000000000123812, -1.694999999999999840 ) ) ;
#4786 = VECTOR ( 'NONE', #6873, 1000.000000000000000 ) ;
#4787 = CARTESIAN_POINT ( 'NONE',  ( -2.449768264469166734, 0.2579400421529493004, -0.8450000000000003064 ) ) ;
#4788 = AXIS2_PLACEMENT_3D ( 'NONE', #5419, #1422, #1349 ) ;
#4789 = EDGE_CURVE ( 'NONE', #6657, #1261, #3358, .T. ) ;
#4790 = EDGE_LOOP ( 'NONE', ( #4832, #276, #5407, #92 ) ) ;
#4791 = ADVANCED_FACE ( 'NONE', ( #5057 ), #1497, .F. ) ;
#4792 = EDGE_LOOP ( 'NONE', ( #4719, #3805, #5796, #6180 ) ) ;
#4793 = CARTESIAN_POINT ( 'NONE',  ( -3.000000000000000000, 0.2194640910571372949, 2.115000000000000657 ) ) ;
#4794 = SURFACE_SIDE_STYLE ('',( #3678 ) ) ;
#4795 = DIRECTION ( 'NONE',  ( -1.000000000000000000, 0.000000000000000000, 0.000000000000000000 ) ) ;
#4796 = CIRCLE ( 'NONE', #6386, 0.2949999999999762812 ) ;
#4797 = DIRECTION ( 'NONE',  ( -0.000000000000000000, -0.000000000000000000, -1.000000000000000000 ) ) ;
#4798 = FACE_OUTER_BOUND ( 'NONE', #4242, .T. ) ;
#4799 = ORIENTED_EDGE ( 'NONE', *, *, #4510, .T. ) ;
#4800 = EDGE_CURVE ( 'NONE', #238, #5109, #5632, .T. ) ;
#4801 = ORIENTED_EDGE ( 'NONE', *, *, #4101, .T. ) ;
#4802 = CARTESIAN_POINT ( 'NONE',  ( 2.984653575776294865, -3.794707603699265519E-16, -0.4250000000000000444 ) ) ;
#4803 = ORIENTED_EDGE ( 'NONE', *, *, #497, .T. ) ;
#4804 = CARTESIAN_POINT ( 'NONE',  ( -2.984653575776294865, -3.794707603699265519E-16, 0.4250000000000000444 ) ) ;
#4805 = EDGE_CURVE ( 'NONE', #6900, #5528, #1468, .T. ) ;
#4806 = DIRECTION ( 'NONE',  ( -0.000000000000000000, -0.000000000000000000, -1.000000000000000000 ) ) ;
#4807 = VECTOR ( 'NONE', #391, 1000.000000000000227 ) ;
#4808 = DIRECTION ( 'NONE',  ( -0.000000000000000000, -0.000000000000000000, -1.000000000000000000 ) ) ;
#4809 = LINE ( 'NONE', #6996, #4467 ) ;
#4810 = ORIENTED_EDGE ( 'NONE', *, *, #6580, .T. ) ;
#4811 = ORIENTED_EDGE ( 'NONE', *, *, #6580, .F. ) ;
#4812 = PLANE ( 'NONE',  #5966 ) ;
#4813 = AXIS2_PLACEMENT_3D ( 'NONE', #5772, #7528, #2202 ) ;
#4814 = DIRECTION ( 'NONE',  ( -0.000000000000000000, -0.000000000000000000, -1.000000000000000000 ) ) ;
#4815 = EDGE_CURVE ( 'NONE', #229, #1240, #948, .T. ) ;
#4816 = VECTOR ( 'NONE', #7233, 1000.000000000000000 ) ;
#4817 = CARTESIAN_POINT ( 'NONE',  ( 2.084999999999999964, 0.8150000000000123812, 0.8450000000000003064 ) ) ;
#4818 = EDGE_CURVE ( 'NONE', #985, #6135, #4523, .T. ) ;
#4819 = CARTESIAN_POINT ( 'NONE',  ( -2.159999999999999698, 0.3327573459224363317, 0.8450000000000003064 ) ) ;
#4820 = VERTEX_POINT ( 'NONE', #3941 ) ;
#4821 = VECTOR ( 'NONE', #3889, 1000.000000000000000 ) ;
#4822 = CARTESIAN_POINT ( 'NONE',  ( -3.000000000000000000, 0.2194640910571372949, 4.655000000000000249 ) ) ;
#4823 = VERTEX_POINT ( 'NONE', #6288 ) ;
#4824 = SURFACE_STYLE_FILL_AREA ( #5313 ) ;
#4825 = ORIENTED_EDGE ( 'NONE', *, *, #7052, .F. ) ;
#4826 = ORIENTED_EDGE ( 'NONE', *, *, #5617, .T. ) ;
#4827 = DIRECTION ( 'NONE',  ( -0.000000000000000000, -0.000000000000000000, -1.000000000000000000 ) ) ;
#4828 = CARTESIAN_POINT ( 'NONE',  ( -2.084999999999999964, 0.8150000000000123812, -3.384999999999999787 ) ) ;
#4829 = DIRECTION ( 'NONE',  ( -0.000000000000000000, -0.000000000000000000, -1.000000000000000000 ) ) ;
#4830 = ADVANCED_FACE ( 'NONE', ( #1019 ), #5710, .F. ) ;
#4831 = DIRECTION ( 'NONE',  ( -0.1710878697460324060, -0.9702875252478150303, -0.1710878697460324060 ) ) ;
#4832 = ORIENTED_EDGE ( 'NONE', *, *, #3368, .T. ) ;
#4833 = ORIENTED_EDGE ( 'NONE', *, *, #5329, .F. ) ;
#4834 = CARTESIAN_POINT ( 'NONE',  ( 2.379999999999975913, 0.8150000000000123812, 3.384999999999999787 ) ) ;
#4835 = LINE ( 'NONE', #3636, #5770 ) ;
#4836 = EDGE_CURVE ( 'NONE', #5099, #6074, #5824, .T. ) ;
#4837 = CARTESIAN_POINT ( 'NONE',  ( -2.084999999999999964, 0.8150000000000123812, -4.235000000000000320 ) ) ;
#4838 = DIRECTION ( 'NONE',  ( 1.000000000000000000, 0.000000000000000000, -0.000000000000000000 ) ) ;
#4839 = ORIENTED_EDGE ( 'NONE', *, *, #6185, .F. ) ;
#4840 = ORIENTED_EDGE ( 'NONE', *, *, #3312, .T. ) ;
#4841 =( GEOMETRIC_REPRESENTATION_CONTEXT ( 3 ) GLOBAL_UNCERTAINTY_ASSIGNED_CONTEXT ( ( #6526 ) ) GLOBAL_UNIT_ASSIGNED_CONTEXT ( ( #2277, #3464, #5731 ) ) REPRESENTATION_CONTEXT ( 'NONE', 'WORKASPACE' ) );
#4842 = DIRECTION ( 'NONE',  ( 0.9975640502598246417, 0.06975647374411912682, 0.000000000000000000 ) ) ;
#4843 = ORIENTED_EDGE ( 'NONE', *, *, #4321, .F. ) ;
#4844 = CARTESIAN_POINT ( 'NONE',  ( 2.160000000000000142, 0.8150000000000123812, -4.655000000000000249 ) ) ;
#4845 = DIRECTION ( 'NONE',  ( 8.993001040601393045E-16, 1.000000000000000000, 0.000000000000000000 ) ) ;
#4846 = AXIS2_PLACEMENT_3D ( 'NONE', #2691, #1400, #2121 ) ;
#4847 = PLANE ( 'NONE',  #5759 ) ;
#4848 = DIRECTION ( 'NONE',  ( -8.031127203596346379E-16, 1.000000000000000000, 0.000000000000000000 ) ) ;
#4849 = EDGE_LOOP ( 'NONE', ( #5869, #448, #1316, #6729 ) ) ;
#4850 = DIRECTION ( 'NONE',  ( -0.9975640502598246417, 0.06975647374411912682, 0.000000000000000000 ) ) ;
#4851 = AXIS2_PLACEMENT_3D ( 'NONE', #5476, #4895, #7168 ) ;
#4852 = LINE ( 'NONE', #1274, #2882 ) ;
#4853 = DIRECTION ( 'NONE',  ( 1.000000000000000000, -8.031127203596320741E-16, -0.000000000000000000 ) ) ;
#4854 = AXIS2_PLACEMENT_3D ( 'NONE', #7546, #7586, #4640 ) ;
#4855 = ORIENTED_EDGE ( 'NONE', *, *, #5127, .T. ) ;
#4856 = CARTESIAN_POINT ( 'NONE',  ( 2.084999999999999964, 0.8150000000000123812, 4.655000000000000249 ) ) ;
#4857 = ORIENTED_EDGE ( 'NONE', *, *, #5058, .F. ) ;
#4858 = CARTESIAN_POINT ( 'NONE',  ( 1.949999999999999956, 0.8900000000000123368, -3.384999999999999787 ) ) ;
#4859 = VERTEX_POINT ( 'NONE', #5787 ) ;
#4860 = EDGE_LOOP ( 'NONE', ( #4801, #5010, #359, #1678 ) ) ;
#4861 = LINE ( 'NONE', #4206, #6605 ) ;
#4862 = LINE ( 'NONE', #7243, #4234 ) ;
#4863 = VECTOR ( 'NONE', #4152, 1000.000000000000000 ) ;
#4864 = CARTESIAN_POINT ( 'NONE',  ( -3.000000000000000000, 0.2194640910571372949, 4.655000000000000249 ) ) ;
#4865 =( GEOMETRIC_REPRESENTATION_CONTEXT ( 3 ) GLOBAL_UNCERTAINTY_ASSIGNED_CONTEXT ( ( #2530 ) ) GLOBAL_UNIT_ASSIGNED_CONTEXT ( ( #3896, #3280, #1602 ) ) REPRESENTATION_CONTEXT ( 'NONE', 'WORKASPACE' ) );
#4866 = ORIENTED_EDGE ( 'NONE', *, *, #6569, .F. ) ;
#4867 = EDGE_CURVE ( 'NONE', #3255, #5832, #6981, .T. ) ;
#4868 = EDGE_CURVE ( 'NONE', #6135, #297, #6323, .T. ) ;
#4869 = VECTOR ( 'NONE', #1143, 1000.000000000000000 ) ;
#4870 = ORIENTED_EDGE ( 'NONE', *, *, #1062, .F. ) ;
#4871 = DIRECTION ( 'NONE',  ( -0.06975647374411853008, -0.9975640502598247528, 0.000000000000000000 ) ) ;
#4872 = EDGE_CURVE ( 'NONE', #4371, #5460, #3518, .T. ) ;
#4873 = CARTESIAN_POINT ( 'NONE',  ( -2.379999999999975913, 0.8150000000000123812, -1.694999999999999840 ) ) ;
#4874 = DIRECTION ( 'NONE',  ( 0.000000000000000000, 0.000000000000000000, 1.000000000000000000 ) ) ;
#4875 = VECTOR ( 'NONE', #1628, 1000.000000000000000 ) ;
#4876 = EDGE_LOOP ( 'NONE', ( #2203, #3665, #956, #1945 ) ) ;
#4877 = ORIENTED_EDGE ( 'NONE', *, *, #7052, .T. ) ;
#4878 = DIRECTION ( 'NONE',  ( -1.000000000000000000, 0.000000000000000000, 0.000000000000000000 ) ) ;
#4879 = ORIENTED_EDGE ( 'NONE', *, *, #3855, .F. ) ;
#4880 = CARTESIAN_POINT ( 'NONE',  ( -2.449768264469166734, 0.2579400421529493004, 3.384999999999999787 ) ) ;
#4881 = DIRECTION ( 'NONE',  ( 0.000000000000000000, 1.000000000000000000, 0.000000000000000000 ) ) ;
#4882 = EDGE_CURVE ( 'NONE', #4761, #5397, #2251, .T. ) ;
#4883 = CARTESIAN_POINT ( 'NONE',  ( -2.379999999999975469, 0.3327573459224363317, -2.115000000000000213 ) ) ;
#4884 = ORIENTED_EDGE ( 'NONE', *, *, #3441, .F. ) ;
#4885 = ADVANCED_FACE ( 'NONE', ( #1176 ), #4094, .F. ) ;
#4886 = DIRECTION ( 'NONE',  ( -1.000000000000000000, 0.000000000000000000, 0.000000000000000000 ) ) ;
#4887 = CARTESIAN_POINT ( 'NONE',  ( -2.084999999999999964, 0.8150000000000123812, -0.8450000000000003064 ) ) ;
#4888 = ORIENTED_EDGE ( 'NONE', *, *, #5938, .F. ) ;
#4889 = CARTESIAN_POINT ( 'NONE',  ( 2.084999999999999964, 0.8150000000000123812, -0.8450000000000003064 ) ) ;
#4890 = ORIENTED_EDGE ( 'NONE', *, *, #2872, .F. ) ;
#4891 = ORIENTED_EDGE ( 'NONE', *, *, #911, .T. ) ;
#4892 = ORIENTED_EDGE ( 'NONE', *, *, #7108, .F. ) ;
#4893 = PLANE ( 'NONE',  #945 ) ;
#4894 = VECTOR ( 'NONE', #4703, 1000.000000000000000 ) ;
#4895 = DIRECTION ( 'NONE',  ( 0.000000000000000000, 0.000000000000000000, 1.000000000000000000 ) ) ;
#4896 = EDGE_CURVE ( 'NONE', #5525, #3475, #3476, .T. ) ;
#4897 = AXIS2_PLACEMENT_3D ( 'NONE', #7469, #986, #6215 ) ;
#4898 = DIRECTION ( 'NONE',  ( -0.000000000000000000, -0.000000000000000000, -1.000000000000000000 ) ) ;
#4899 = AXIS2_PLACEMENT_3D ( 'NONE', #6757, #3423, #4043 ) ;
#4900 = VERTEX_POINT ( 'NONE', #5325 ) ;
#4901 = CIRCLE ( 'NONE', #4166, 0.07500000000000041356 ) ;
#4902 = VERTEX_POINT ( 'NONE', #6404 ) ;
#4903 = FACE_OUTER_BOUND ( 'NONE', #6217, .T. ) ;
#4904 = UNCERTAINTY_MEASURE_WITH_UNIT (LENGTH_MEASURE( 1.000000000000000082E-05 ), #4209, 'distance_accuracy_value', 'NONE');
#4905 = SURFACE_STYLE_USAGE ( .BOTH. , #5372 ) ;
#4906 = DIRECTION ( 'NONE',  ( 0.000000000000000000, -0.000000000000000000, -1.000000000000000000 ) ) ;
#4907 = CIRCLE ( 'NONE', #2936, 0.2949999999999762812 ) ;
#4908 = DIRECTION ( 'NONE',  ( 0.000000000000000000, 0.000000000000000000, 1.000000000000000000 ) ) ;
#4909 = ORIENTED_EDGE ( 'NONE', *, *, #7301, .T. ) ;
#4910 = ORIENTED_EDGE ( 'NONE', *, *, #248, .F. ) ;
#4911 = DIRECTION ( 'NONE',  ( -1.000000000000000000, 0.000000000000000000, 0.000000000000000000 ) ) ;
#4912 = ORIENTED_EDGE ( 'NONE', *, *, #5681, .F. ) ;
#4913 = CARTESIAN_POINT ( 'NONE',  ( -1.950000000000000400, 1.109999999999987663, 1.695000000000000284 ) ) ;
#4914 = DIRECTION ( 'NONE',  ( 0.9975640502598246417, -0.06975647374411851620, 0.000000000000000000 ) ) ;
#4915 = EDGE_CURVE ( 'NONE', #4664, #4345, #2981, .T. ) ;
#4916 = AXIS2_PLACEMENT_3D ( 'NONE', #3061, #7177, #95 ) ;
#4917 = DIRECTION ( 'NONE',  ( 0.06975647374411853008, -0.9975640502598247528, 0.000000000000000000 ) ) ;
#4918 = ORIENTED_EDGE ( 'NONE', *, *, #5429, .T. ) ;
#4919 = VERTEX_POINT ( 'NONE', #1092 ) ;
#4920 = CARTESIAN_POINT ( 'NONE',  ( 2.454999999999975646, 0.3327573459224363317, -1.694999999999999840 ) ) ;
#4921 = VECTOR ( 'NONE', #5446, 1000.000000000000000 ) ;
#4922 = CYLINDRICAL_SURFACE ( 'NONE', #4292, 0.2949999999999758371 ) ;
#4923 = CARTESIAN_POINT ( 'NONE',  ( 1.949999999999999956, 1.109999999999987663, 0.8450000000000003064 ) ) ;
#4924 = EDGE_CURVE ( 'NONE', #1831, #682, #233, .T. ) ;
#4925 = CIRCLE ( 'NONE', #3937, 0.07500000000000041356 ) ;
#4926 = EDGE_LOOP ( 'NONE', ( #5491, #2148, #303, #6222, #205, #984, #4388, #5775, #5203, #7577, #5118, #2910 ) ) ;
#4927 = CARTESIAN_POINT ( 'NONE',  ( -2.159999999999999698, 0.3327573459224363317, -1.694999999999999840 ) ) ;
#4928 = EDGE_LOOP ( 'NONE', ( #28, #2656, #781, #2445 ) ) ;
#4929 =( LENGTH_UNIT ( ) NAMED_UNIT ( * ) SI_UNIT ( .MILLI., .METRE. ) );
#4930 = VECTOR ( 'NONE', #4325, 1000.000000000000000 ) ;
#4931 = ORIENTED_EDGE ( 'NONE', *, *, #6107, .T. ) ;
#4932 = DIRECTION ( 'NONE',  ( -1.000000000000000000, 0.000000000000000000, 0.000000000000000000 ) ) ;
#4933 = LINE ( 'NONE', #4784, #2769 ) ;
#4934 = DIRECTION ( 'NONE',  ( -0.000000000000000000, -0.000000000000000000, -1.000000000000000000 ) ) ;
#4935 = CARTESIAN_POINT ( 'NONE',  ( -1.950000000000000400, 1.109999999999987663, -2.964999999999999858 ) ) ;
#4936 = AXIS2_PLACEMENT_3D ( 'NONE', #5876, #6994, #1229 ) ;
#4937 = EDGE_CURVE ( 'NONE', #6651, #2083, #1055, .T. ) ;
#4938 = ORIENTED_EDGE ( 'NONE', *, *, #2392, .F. ) ;
#4939 = VERTEX_POINT ( 'NONE', #3396 ) ;
#4940 = DIRECTION ( 'NONE',  ( 1.000000000000000000, 0.000000000000000000, 0.000000000000000000 ) ) ;
#4941 = PRESENTATION_STYLE_ASSIGNMENT (( #254 ) ) ;
#4942 = LINE ( 'NONE', #2450, #983 ) ;
#4943 = CLOSED_SHELL ( 'NONE', ( #451, #5448, #4059, #3157, #5769, #2332, #2776, #1578, #1807, #6261, #2585, #2246, #6424, #962 ) ) ;
#4944 = EDGE_CURVE ( 'NONE', #522, #1188, #1727, .T. ) ;
#4945 = CARTESIAN_POINT ( 'NONE',  ( 1.949999999999999956, 1.109999999999987663, -2.964999999999999858 ) ) ;
#4946 = ORIENTED_EDGE ( 'NONE', *, *, #646, .T. ) ;
#4947 = ORIENTED_EDGE ( 'NONE', *, *, #7595, .T. ) ;
#4948 = CARTESIAN_POINT ( 'NONE',  ( -2.084999999999999964, 0.8150000000000123812, -0.4250000000000000444 ) ) ;
#4949 = AXIS2_PLACEMENT_3D ( 'NONE', #895, #5413, #5550 ) ;
#4950 = ORIENTED_EDGE ( 'NONE', *, *, #6058, .T. ) ;
#4951 = CARTESIAN_POINT ( 'NONE',  ( 2.159999999999999698, 0.3327573459224363317, -4.655000000000000249 ) ) ;
#4952 = DIRECTION ( 'NONE',  ( -1.000000000000000000, 0.000000000000000000, 0.000000000000000000 ) ) ;
#4953 = CARTESIAN_POINT ( 'NONE',  ( 2.084999999999999964, 0.8150000000000123812, -2.964999999999999858 ) ) ;
#4954 =( GEOMETRIC_REPRESENTATION_CONTEXT ( 3 ) GLOBAL_UNCERTAINTY_ASSIGNED_CONTEXT ( ( #5671 ) ) GLOBAL_UNIT_ASSIGNED_CONTEXT ( ( #1708, #4550, #973 ) ) REPRESENTATION_CONTEXT ( 'NONE', 'WORKASPACE' ) );
#4955 = ORIENTED_EDGE ( 'NONE', *, *, #2063, .F. ) ;
#4956 = EDGE_CURVE ( 'NONE', #6483, #4777, #7505, .T. ) ;
#4957 = VERTEX_POINT ( 'NONE', #4056 ) ;
#4958 = LINE ( 'NONE', #3192, #1430 ) ;
#4959 = CARTESIAN_POINT ( 'NONE',  ( -1.050000000000000266, 1.700000000000000178, -4.100000000000002309 ) ) ;
#4960 = VECTOR ( 'NONE', #2476, 1000.000000000000114 ) ;
#4961 = EDGE_CURVE ( 'NONE', #2990, #3007, #1136, .T. ) ;
#4962 = ORIENTED_EDGE ( 'NONE', *, *, #2612, .T. ) ;
#4963 = CARTESIAN_POINT ( 'NONE',  ( -2.159999999999999698, 0.3327573459224363317, -4.235000000000000320 ) ) ;
#4964 = ORIENTED_EDGE ( 'NONE', *, *, #2597, .F. ) ;
#4965 = CIRCLE ( 'NONE', #5948, 0.07500000000000041356 ) ;
#4966 = CYLINDRICAL_SURFACE ( 'NONE', #5009, 0.07499999999999998335 ) ;
#4967 = DIRECTION ( 'NONE',  ( 0.000000000000000000, 0.000000000000000000, 1.000000000000000000 ) ) ;
#4968 = DIRECTION ( 'NONE',  ( -0.000000000000000000, -0.000000000000000000, -1.000000000000000000 ) ) ;
#4969 = LINE ( 'NONE', #7279, #4821 ) ;
#4970 = CARTESIAN_POINT ( 'NONE',  ( -3.000000000000000000, 0.2194640910571372949, 2.115000000000000657 ) ) ;
#4971 = CARTESIAN_POINT ( 'NONE',  ( 1.949999999999999512, 1.109999999999987663, 4.949999999999999289 ) ) ;
#4972 = EDGE_LOOP ( 'NONE', ( #5039, #4552, #4125, #2420 ) ) ;
#4973 = EDGE_CURVE ( 'NONE', #2631, #1142, #5246, .T. ) ;
#4974 = EDGE_CURVE ( 'NONE', #7006, #7503, #2334, .T. ) ;
#4975 = ORIENTED_EDGE ( 'NONE', *, *, #5806, .F. ) ;
#4976 = LINE ( 'NONE', #5588, #6744 ) ;
#4977 = DIRECTION ( 'NONE',  ( -1.000000000000000000, 0.000000000000000000, 0.000000000000000000 ) ) ;
#4978 = AXIS2_PLACEMENT_3D ( 'NONE', #3957, #1003, #5693 ) ;
#4979 = DIRECTION ( 'NONE',  ( -0.9975640502598246417, 0.06975647374411912682, 0.000000000000000000 ) ) ;
#4980 = VERTEX_POINT ( 'NONE', #20 ) ;
#4981 = ORIENTED_EDGE ( 'NONE', *, *, #5726, .F. ) ;
#4982 = CARTESIAN_POINT ( 'NONE',  ( 2.084999999999999964, 0.8900000000000122258, -4.235000000000000320 ) ) ;
#4983 = PRESENTATION_LAYER_ASSIGNMENT (  '', '', ( #686 ) ) ;
#4984 = ORIENTED_EDGE ( 'NONE', *, *, #4974, .T. ) ;
#4985 = CARTESIAN_POINT ( 'NONE',  ( -1.950000000000000400, 1.109999999999987663, -4.235000000000000320 ) ) ;
#4986 = CYLINDRICAL_SURFACE ( 'NONE', #3075, 0.07500000000000041356 ) ;
#4987 = EDGE_CURVE ( 'NONE', #1226, #6246, #2567, .T. ) ;
#4988 = COLOUR_RGB ( '',0.7921568627450980005, 0.8196078431372548767, 0.9333333333333333481 ) ;
#4989 = FACE_OUTER_BOUND ( 'NONE', #4928, .T. ) ;
#4990 = ORIENTED_EDGE ( 'NONE', *, *, #793, .T. ) ;
#4991 = ORIENTED_EDGE ( 'NONE', *, *, #5435, .T. ) ;
#4992 = LINE ( 'NONE', #5612, #6454 ) ;
#4993 = DIRECTION ( 'NONE',  ( -0.000000000000000000, -0.000000000000000000, -1.000000000000000000 ) ) ;
#4994 = AXIS2_PLACEMENT_3D ( 'NONE', #3095, #4286, #6085 ) ;
#4995 = ADVANCED_FACE ( 'NONE', ( #1803 ), #6484, .F. ) ;
#4996 = EDGE_CURVE ( 'NONE', #4704, #2570, #1296, .T. ) ;
#4997 = ORIENTED_EDGE ( 'NONE', *, *, #6609, .F. ) ;
#4998 = DIRECTION ( 'NONE',  ( 0.000000000000000000, 0.000000000000000000, 1.000000000000000000 ) ) ;
#4999 = ORIENTED_EDGE ( 'NONE', *, *, #1246, .T. ) ;
#5000 = DIRECTION ( 'NONE',  ( -1.000000000000000000, 0.000000000000000000, 0.000000000000000000 ) ) ;
#5001 = CARTESIAN_POINT ( 'NONE',  ( -3.000000000000000000, 0.2194640910571372949, -4.235000000000000320 ) ) ;
#5002 = VECTOR ( 'NONE', #1000, 1000.000000000000000 ) ;
#5003 = LINE ( 'NONE', #7387, #440 ) ;
#5004 = LINE ( 'NONE', #6538, #3329 ) ;
#5005 = PLANE ( 'NONE',  #1379 ) ;
#5006 = ADVANCED_FACE ( 'NONE', ( #1377 ), #7135, .F. ) ;
#5007 = DIRECTION ( 'NONE',  ( -0.000000000000000000, -0.000000000000000000, -1.000000000000000000 ) ) ;
#5008 = VERTEX_POINT ( 'NONE', #1256 ) ;
#5009 = AXIS2_PLACEMENT_3D ( 'NONE', #202, #6702, #6738 ) ;
#5010 = ORIENTED_EDGE ( 'NONE', *, *, #529, .F. ) ;
#5011 = DIRECTION ( 'NONE',  ( -0.000000000000000000, -0.000000000000000000, -1.000000000000000000 ) ) ;
#5012 = VECTOR ( 'NONE', #2293, 1000.000000000000227 ) ;
#5013 = SURFACE_STYLE_USAGE ( .BOTH. , #4518 ) ;
#5014 = CARTESIAN_POINT ( 'NONE',  ( -2.159999999999999698, 0.3327573459224363317, 3.384999999999999787 ) ) ;
#5015 = COLOUR_RGB ( '',0.7921568627450980005, 0.8196078431372548767, 0.9333333333333333481 ) ;
#5016 = EDGE_CURVE ( 'NONE', #4406, #3349, #6678, .T. ) ;
#5017 = ADVANCED_FACE ( 'NONE', ( #756 ), #3633, .F. ) ;
#5018 = AXIS2_PLACEMENT_3D ( 'NONE', #6771, #305, #5934 ) ;
#5019 = DIRECTION ( 'NONE',  ( -1.000000000000000000, -0.000000000000000000, -0.000000000000000000 ) ) ;
#5020 = EDGE_LOOP ( 'NONE', ( #5418, #4767, #231, #4464 ) ) ;
#5021 = EDGE_LOOP ( 'NONE', ( #3109, #3973, #3024, #1186 ) ) ;
#5022 = CARTESIAN_POINT ( 'NONE',  ( -2.454999999999975646, 0.3327573459224363317, 4.235000000000000320 ) ) ;
#5023 = VERTEX_POINT ( 'NONE', #4834 ) ;
#5024 = CARTESIAN_POINT ( 'NONE',  ( -2.984653575776294865, -3.794707603699265519E-16, 4.235000000000000320 ) ) ;
#5025 = CIRCLE ( 'NONE', #977, 0.2250000000000003664 ) ;
#5026 = DIRECTION ( 'NONE',  ( -0.000000000000000000, -0.000000000000000000, -1.000000000000000000 ) ) ;
#5027 = EDGE_CURVE ( 'NONE', #330, #4452, #3676, .T. ) ;
#5028 = CARTESIAN_POINT ( 'NONE',  ( -2.159999999999999698, 0.3327573459224363317, -1.694999999999999840 ) ) ;
#5029 = AXIS2_PLACEMENT_3D ( 'NONE', #7368, #6903, #5642 ) ;
#5030 = ORIENTED_EDGE ( 'NONE', *, *, #1006, .T. ) ;
#5031 = ORIENTED_EDGE ( 'NONE', *, *, #7260, .T. ) ;
#5032 = CYLINDRICAL_SURFACE ( 'NONE', #7068, 0.07499999999999998335 ) ;
#5033 = ORIENTED_EDGE ( 'NONE', *, *, #4304, .T. ) ;
#5034 = CARTESIAN_POINT ( 'NONE',  ( -2.449768264469166734, 0.2579400421529493004, 3.384999999999999787 ) ) ;
#5035 = VECTOR ( 'NONE', #2903, 1000.000000000000000 ) ;
#5036 = CARTESIAN_POINT ( 'NONE',  ( 2.454999999999975646, 0.3327573459224363317, -2.115000000000000213 ) ) ;
#5037 = CIRCLE ( 'NONE', #990, 0.2949999999999762812 ) ;
#5038 = CARTESIAN_POINT ( 'NONE',  ( -2.084999999999999964, 0.8150000000000123812, -0.4250000000000000444 ) ) ;
#5039 = ORIENTED_EDGE ( 'NONE', *, *, #3306, .T. ) ;
#5040 = ADVANCED_FACE ( 'NONE', ( #2529 ), #829, .F. ) ;
#5041 = LINE ( 'NONE', #2090, #4482 ) ;
#5042 = CARTESIAN_POINT ( 'NONE',  ( -2.379999999999975469, 0.3327573459224363317, -4.235000000000000320 ) ) ;
#5043 = LINE ( 'NONE', #2053, #1993 ) ;
#5044 = CARTESIAN_POINT ( 'NONE',  ( 2.984653575776294865, -3.794707603699265519E-16, 1.695000000000000284 ) ) ;
#5045 = CIRCLE ( 'NONE', #630, 0.2949999999999762812 ) ;
#5046 = LINE ( 'NONE', #7356, #4339 ) ;
#5047 = ORIENTED_EDGE ( 'NONE', *, *, #870, .T. ) ;
#5048 = VERTEX_POINT ( 'NONE', #6095 ) ;
#5049 = ADVANCED_FACE ( 'NONE', ( #4329 ), #1954, .F. ) ;
#5050 = CARTESIAN_POINT ( 'NONE',  ( -2.379999999999975913, 0.8150000000000123812, -2.964999999999999858 ) ) ;
#5051 = DIRECTION ( 'NONE',  ( 8.993001040601393045E-16, -1.000000000000000000, 0.000000000000000000 ) ) ;
#5052 = VECTOR ( 'NONE', #164, 1000.000000000000000 ) ;
#5053 = VECTOR ( 'NONE', #1237, 1000.000000000000000 ) ;
#5054 = FACE_OUTER_BOUND ( 'NONE', #5338, .T. ) ;
#5055 = ORIENTED_EDGE ( 'NONE', *, *, #4956, .F. ) ;
#5056 = EDGE_LOOP ( 'NONE', ( #7266, #949, #1758, #6602 ) ) ;
#5057 = FACE_OUTER_BOUND ( 'NONE', #6536, .T. ) ;
#5058 = EDGE_CURVE ( 'NONE', #814, #5153, #3594, .T. ) ;
#5059 = ORIENTED_EDGE ( 'NONE', *, *, #7290, .T. ) ;
#5060 = FACE_OUTER_BOUND ( 'NONE', #4158, .T. ) ;
#5061 = CARTESIAN_POINT ( 'NONE',  ( 2.454999999999975646, 0.3327573459224363317, 2.115000000000000657 ) ) ;
#5062 = DIRECTION ( 'NONE',  ( 0.000000000000000000, 1.000000000000000000, 0.000000000000000000 ) ) ;
#5063 = ORIENTED_EDGE ( 'NONE', *, *, #3935, .T. ) ;
#5064 = ADVANCED_FACE ( 'NONE', ( #6025 ), #1412, .F. ) ;
#5065 = ORIENTED_EDGE ( 'NONE', *, *, #6508, .T. ) ;
#5066 = DIRECTION ( 'NONE',  ( 0.000000000000000000, 1.000000000000000000, 0.000000000000000000 ) ) ;
#5067 = ORIENTED_EDGE ( 'NONE', *, *, #6750, .F. ) ;
#5068 = CARTESIAN_POINT ( 'NONE',  ( -2.434421840245462487, 0.03847595109581208178, 0.8450000000000003064 ) ) ;
#5069 = DIRECTION ( 'NONE',  ( -1.000000000000000000, -8.031127203596346379E-16, 0.000000000000000000 ) ) ;
#5070 = FILL_AREA_STYLE ('',( #5724 ) ) ;
#5071 = EDGE_LOOP ( 'NONE', ( #6824, #2844, #3618, #6154 ) ) ;
#5072 = AXIS2_PLACEMENT_3D ( 'NONE', #6040, #4848, #4273 ) ;
#5073 = LINE ( 'NONE', #2796, #3627 ) ;
#5074 = CARTESIAN_POINT ( 'NONE',  ( -2.984653575776294865, -3.794707603699265519E-16, 2.964999999999999858 ) ) ;
#5075 = CARTESIAN_POINT ( 'NONE',  ( 2.084999999999999964, 0.8900000000000122258, -4.655000000000000249 ) ) ;
#5076 = EDGE_CURVE ( 'NONE', #5610, #4381, #140, .T. ) ;
#5077 = CARTESIAN_POINT ( 'NONE',  ( 2.449768264469166734, 0.2579400421529494669, 2.964999999999999858 ) ) ;
#5078 = FILL_AREA_STYLE ('',( #1009 ) ) ;
#5079 = CARTESIAN_POINT ( 'NONE',  ( -2.084999999999999964, 0.8150000000000123812, -1.694999999999999840 ) ) ;
#5080 = EDGE_LOOP ( 'NONE', ( #82, #958, #4892, #6913 ) ) ;
#5081 = ORIENTED_EDGE ( 'NONE', *, *, #7589, .F. ) ;
#5082 = DIRECTION ( 'NONE',  ( 1.000000000000000000, 0.000000000000000000, 0.000000000000000000 ) ) ;
#5083 = CARTESIAN_POINT ( 'NONE',  ( 2.159999999999999698, 0.3327573459224363317, -2.964999999999999858 ) ) ;
#5084 = EDGE_CURVE ( 'NONE', #4633, #897, #7175, .T. ) ;
#5085 = VECTOR ( 'NONE', #3560, 1000.000000000000114 ) ;
#5086 = ADVANCED_FACE ( 'NONE', ( #670 ), #3170, .F. ) ;
#5087 = ORIENTED_EDGE ( 'NONE', *, *, #982, .T. ) ;
#5088 = ORIENTED_EDGE ( 'NONE', *, *, #5802, .F. ) ;
#5089 = EDGE_CURVE ( 'NONE', #1813, #5890, #6748, .T. ) ;
#5090 = DIRECTION ( 'NONE',  ( -0.000000000000000000, -0.000000000000000000, -1.000000000000000000 ) ) ;
#5091 = ORIENTED_EDGE ( 'NONE', *, *, #5994, .F. ) ;
#5092 = CARTESIAN_POINT ( 'NONE',  ( 1.949999999999999956, 1.109999999999987663, -2.964999999999999858 ) ) ;
#5093 = CARTESIAN_POINT ( 'NONE',  ( -2.379999999999975469, 0.3327573459224363317, -1.694999999999999840 ) ) ;
#5094 = CARTESIAN_POINT ( 'NONE',  ( 2.084999999999999964, 0.8900000000000122258, -3.384999999999999787 ) ) ;
#5095 = COLOUR_RGB ( '',0.7921568627450980005, 0.8196078431372548767, 0.9333333333333333481 ) ;
#5096 = ORIENTED_EDGE ( 'NONE', *, *, #5147, .T. ) ;
#5097 = ORIENTED_EDGE ( 'NONE', *, *, #1539, .T. ) ;
#5098 = CARTESIAN_POINT ( 'NONE',  ( 2.084999999999999964, 0.8150000000000123812, -4.655000000000000249 ) ) ;
#5099 = VERTEX_POINT ( 'NONE', #6604 ) ;
#5100 = VECTOR ( 'NONE', #4103, 1000.000000000000000 ) ;
#5101 = DIRECTION ( 'NONE',  ( -0.000000000000000000, -0.000000000000000000, -1.000000000000000000 ) ) ;
#5102 =( NAMED_UNIT ( * ) SI_UNIT ( $, .STERADIAN. ) SOLID_ANGLE_UNIT ( ) );
#5103 = AXIS2_PLACEMENT_3D ( 'NONE', #25, #4180, #5947 ) ;
#5104 = VECTOR ( 'NONE', #6353, 1000.000000000000000 ) ;
#5105 = ADVANCED_FACE ( 'NONE', ( #4903 ), #7248, .F. ) ;
#5106 = EDGE_CURVE ( 'NONE', #6009, #6574, #1337, .T. ) ;
#5107 = CARTESIAN_POINT ( 'NONE',  ( -2.084999999999999964, 0.8900000000000123368, 0.8450000000000003064 ) ) ;
#5108 = FACE_OUTER_BOUND ( 'NONE', #6143, .T. ) ;
#5109 = VERTEX_POINT ( 'NONE', #979 ) ;
#5110 = CYLINDRICAL_SURFACE ( 'NONE', #2760, 0.07500000000000041356 ) ;
#5111 = VECTOR ( 'NONE', #3048, 1000.000000000000000 ) ;
#5112 = PLANE ( 'NONE',  #6080 ) ;
#5113 = CARTESIAN_POINT ( 'NONE',  ( 2.434421840245462487, 0.03847595109581208178, 4.655000000000000249 ) ) ;
#5114 = CYLINDRICAL_SURFACE ( 'NONE', #6888, 0.2949999999999758371 ) ;
#5115 = DIRECTION ( 'NONE',  ( 0.000000000000000000, 0.000000000000000000, 1.000000000000000000 ) ) ;
#5116 = ORIENTED_EDGE ( 'NONE', *, *, #4304, .F. ) ;
#5117 = EDGE_CURVE ( 'NONE', #4902, #4405, #5879, .T. ) ;
#5118 = ORIENTED_EDGE ( 'NONE', *, *, #6356, .T. ) ;
#5119 = EDGE_CURVE ( 'NONE', #4859, #5153, #1352, .T. ) ;
#5120 = LINE ( 'NONE', #7460, #1845 ) ;
#5121 = FILL_AREA_STYLE_COLOUR ( '', #2538 ) ;
#5122 = DIRECTION ( 'NONE',  ( -1.000000000000000000, 0.000000000000000000, 0.000000000000000000 ) ) ;
#5123 = ORIENTED_EDGE ( 'NONE', *, *, #7234, .T. ) ;
#5124 = ORIENTED_EDGE ( 'NONE', *, *, #4372, .F. ) ;
#5125 = ORIENTED_EDGE ( 'NONE', *, *, #4766, .F. ) ;
#5126 = LINE ( 'NONE', #2067, #1075 ) ;
#5127 = EDGE_CURVE ( 'NONE', #5890, #7238, #4398, .T. ) ;
#5128 = CARTESIAN_POINT ( 'NONE',  ( -2.084999999999999964, 1.109999999999987663, 0.8450000000000003064 ) ) ;
#5129 = EDGE_CURVE ( 'NONE', #1928, #148, #4536, .T. ) ;
#5130 = FACE_OUTER_BOUND ( 'NONE', #2489, .T. ) ;
#5131 = AXIS2_PLACEMENT_3D ( 'NONE', #7222, #6068, #4878 ) ;
#5132 = LINE ( 'NONE', #5645, #4414 ) ;
#5133 = EDGE_LOOP ( 'NONE', ( #3384, #2466, #5030, #2005, #2282, #7044, #1134, #5257, #7432, #5442, #3449, #2109 ) ) ;
#5134 = EDGE_LOOP ( 'NONE', ( #5324, #2517, #5335, #4702 ) ) ;
#5135 = LINE ( 'NONE', #2223, #6712 ) ;
#5136 = VECTOR ( 'NONE', #4421, 1000.000000000000000 ) ;
#5137 = VERTEX_POINT ( 'NONE', #4477 ) ;
#5138 = LINE ( 'NONE', #7480, #3552 ) ;
#5139 = EDGE_CURVE ( 'NONE', #1891, #1565, #941, .T. ) ;
#5140 = VECTOR ( 'NONE', #4570, 1000.000000000000227 ) ;
#5141 = VECTOR ( 'NONE', #4762, 1000.000000000000114 ) ;
#5142 = DIRECTION ( 'NONE',  ( 1.000000000000000000, -8.993001040601393045E-16, 0.000000000000000000 ) ) ;
#5143 = CARTESIAN_POINT ( 'NONE',  ( -2.084999999999999964, 0.8900000000000123368, 4.235000000000000320 ) ) ;
#5144 = ORIENTED_EDGE ( 'NONE', *, *, #1935, .T. ) ;
#5145 =( NAMED_UNIT ( * ) PLANE_ANGLE_UNIT ( ) SI_UNIT ( $, .RADIAN. ) );
#5146 = CARTESIAN_POINT ( 'NONE',  ( 1.949999999999999956, 0.8900000000000123368, 4.235000000000000320 ) ) ;
#5147 = EDGE_CURVE ( 'NONE', #4531, #3087, #7322, .T. ) ;
#5148 = LINE ( 'NONE', #6388, #2425 ) ;
#5149 = DIRECTION ( 'NONE',  ( 0.9975640502598246417, -0.06975647374411851620, 0.000000000000000000 ) ) ;
#5150 = CIRCLE ( 'NONE', #6765, 0.2949999999999762812 ) ;
#5151 = CARTESIAN_POINT ( 'NONE',  ( -2.449768264469166734, 0.2579400421529494669, -4.235000000000000320 ) ) ;
#5152 = LINE ( 'NONE', #7491, #144 ) ;
#5153 = VERTEX_POINT ( 'NONE', #324 ) ;
#5154 = CARTESIAN_POINT ( 'NONE',  ( -2.449768264469166734, 0.2579400421529493004, -1.694999999999999840 ) ) ;
#5155 = ORIENTED_EDGE ( 'NONE', *, *, #6977, .F. ) ;
#5156 = DIRECTION ( 'NONE',  ( -0.000000000000000000, -0.000000000000000000, -1.000000000000000000 ) ) ;
#5157 = CARTESIAN_POINT ( 'NONE',  ( 1.949999999999999956, 1.109999999999987663, 4.655000000000000249 ) ) ;
#5158 = CARTESIAN_POINT ( 'NONE',  ( -1.950000000000000400, 1.109999999999987663, -0.4250000000000000444 ) ) ;
#5159 = LINE ( 'NONE', #5860, #7379 ) ;
#5160 = VECTOR ( 'NONE', #936, 1000.000000000000227 ) ;
#5161 = EDGE_LOOP ( 'NONE', ( #5647, #6737, #580, #4676 ) ) ;
#5162 = ORIENTED_EDGE ( 'NONE', *, *, #898, .F. ) ;
#5163 = ORIENTED_EDGE ( 'NONE', *, *, #7537, .T. ) ;
#5164 = DIRECTION ( 'NONE',  ( -8.993001040601393045E-16, 1.000000000000000000, 0.000000000000000000 ) ) ;
#5165 = VECTOR ( 'NONE', #4773, 1000.000000000000000 ) ;
#5166 = CARTESIAN_POINT ( 'NONE',  ( -2.379999999999975913, 0.8150000000000123812, -4.235000000000000320 ) ) ;
#5167 = CARTESIAN_POINT ( 'NONE',  ( 2.160000000000000142, 0.8150000000000123812, -1.694999999999999840 ) ) ;
#5168 = AXIS2_PLACEMENT_3D ( 'NONE', #3310, #6816, #7314 ) ;
#5169 = EDGE_CURVE ( 'NONE', #1940, #1385, #6206, .T. ) ;
#5170 = PLANE ( 'NONE',  #2452 ) ;
#5171 = DIRECTION ( 'NONE',  ( -0.000000000000000000, -0.000000000000000000, -1.000000000000000000 ) ) ;
#5172 = ORIENTED_EDGE ( 'NONE', *, *, #6491, .F. ) ;
#5173 = ORIENTED_EDGE ( 'NONE', *, *, #6107, .F. ) ;
#5174 = FACE_OUTER_BOUND ( 'NONE', #1175, .T. ) ;
#5175 = ORIENTED_EDGE ( 'NONE', *, *, #4303, .F. ) ;
#5176 = DIRECTION ( 'NONE',  ( 0.06975647374412144441, 0.9975640502598245307, -0.000000000000000000 ) ) ;
#5177 = DIRECTION ( 'NONE',  ( 0.000000000000000000, 0.000000000000000000, 1.000000000000000000 ) ) ;
#5178 = EDGE_CURVE ( 'NONE', #223, #1735, #1488, .T. ) ;
#5179 = ADVANCED_FACE ( 'NONE', ( #6282 ), #1601, .F. ) ;
#5180 = DIRECTION ( 'NONE',  ( -0.000000000000000000, -0.000000000000000000, -1.000000000000000000 ) ) ;
#5181 = VERTEX_POINT ( 'NONE', #3241 ) ;
#5182 = PRESENTATION_STYLE_ASSIGNMENT (( #7486 ) ) ;
#5183 = DIRECTION ( 'NONE',  ( 0.06975647374411853008, -0.9975640502598247528, 0.000000000000000000 ) ) ;
#5184 = EDGE_CURVE ( 'NONE', #6603, #223, #6787, .T. ) ;
#5185 = DIRECTION ( 'NONE',  ( 8.993001040601393045E-16, 1.000000000000000000, -0.000000000000000000 ) ) ;
#5186 = PLANE ( 'NONE',  #6406 ) ;
#5187 = SURFACE_STYLE_USAGE ( .BOTH. , #2884 ) ;
#5188 = CARTESIAN_POINT ( 'NONE',  ( 2.379999999999975469, 0.3327573459224363317, 2.115000000000000657 ) ) ;
#5189 = VERTEX_POINT ( 'NONE', #3858 ) ;
#5190 = AXIS2_PLACEMENT_3D ( 'NONE', #5958, #3571, #7111 ) ;
#5191 = CARTESIAN_POINT ( 'NONE',  ( 2.084999999999999964, 0.8150000000000123812, -0.4250000000000000444 ) ) ;
#5192 = ORIENTED_EDGE ( 'NONE', *, *, #3046, .T. ) ;
#5194 = CARTESIAN_POINT ( 'NONE',  ( -2.449768264469166734, 0.2579400421529494669, -3.384999999999999787 ) ) ;
#5193 = LINE ( 'NONE', #3586, #1319 ) ;
#5195 = CARTESIAN_POINT ( 'NONE',  ( -2.084999999999999964, 1.109999999999987663, -1.694999999999999840 ) ) ;
#5196 = DIRECTION ( 'NONE',  ( -0.000000000000000000, -0.000000000000000000, -1.000000000000000000 ) ) ;
#5197 = DIRECTION ( 'NONE',  ( -0.000000000000000000, -0.000000000000000000, -1.000000000000000000 ) ) ;
#5198 = MECHANICAL_DESIGN_GEOMETRIC_PRESENTATION_REPRESENTATION (  '', ( #2276 ), #6807 ) ;
#5199 = EDGE_CURVE ( 'NONE', #4204, #6858, #6174, .T. ) ;
#5200 = ORIENTED_EDGE ( 'NONE', *, *, #1219, .T. ) ;
#5201 = EDGE_CURVE ( 'NONE', #1828, #711, #4901, .T. ) ;
#5202 = ORIENTED_EDGE ( 'NONE', *, *, #4755, .F. ) ;
#5203 = ORIENTED_EDGE ( 'NONE', *, *, #4673, .T. ) ;
#5204 = CIRCLE ( 'NONE', #7300, 0.2949999999999762812 ) ;
#5205 = DIRECTION ( 'NONE',  ( -0.000000000000000000, -0.000000000000000000, -1.000000000000000000 ) ) ;
#5206 = LINE ( 'NONE', #4016, #6942 ) ;
#5207 = DIRECTION ( 'NONE',  ( -0.000000000000000000, -0.000000000000000000, -1.000000000000000000 ) ) ;
#5208 = PLANE ( 'NONE',  #4481 ) ;
#5209 = DIRECTION ( 'NONE',  ( -0.000000000000000000, -0.000000000000000000, -1.000000000000000000 ) ) ;
#5210 = ORIENTED_EDGE ( 'NONE', *, *, #3439, .F. ) ;
#5211 = ADVANCED_FACE ( 'NONE', ( #2100 ), #5670, .F. ) ;
#5212 = ORIENTED_EDGE ( 'NONE', *, *, #2127, .F. ) ;
#5213 = CARTESIAN_POINT ( 'NONE',  ( 1.949999999999999956, 0.8900000000000123368, 4.655000000000000249 ) ) ;
#5214 = ORIENTED_EDGE ( 'NONE', *, *, #5304, .T. ) ;
#5215 = CARTESIAN_POINT ( 'NONE',  ( 2.379999999999975913, 0.8150000000000123812, -4.655000000000000249 ) ) ;
#5216 = EDGE_CURVE ( 'NONE', #6074, #6047, #4976, .T. ) ;
#5217 = VECTOR ( 'NONE', #810, 1000.000000000000000 ) ;
#5218 = CARTESIAN_POINT ( 'NONE',  ( -1.950000000000000400, 0.8900000000000123368, -4.950000000000001066 ) ) ;
#5219 =( GEOMETRIC_REPRESENTATION_CONTEXT ( 3 ) GLOBAL_UNCERTAINTY_ASSIGNED_CONTEXT ( ( #5445 ) ) GLOBAL_UNIT_ASSIGNED_CONTEXT ( ( #3307, #5145, #6234 ) ) REPRESENTATION_CONTEXT ( 'NONE', 'WORKASPACE' ) );
#5220 = VECTOR ( 'NONE', #1843, 1000.000000000000000 ) ;
#5221 = DIRECTION ( 'NONE',  ( 0.9975640502598246417, 0.06975647374411912682, 0.000000000000000000 ) ) ;
#5222 = DIRECTION ( 'NONE',  ( 0.06975647374411914070, 0.9975640502598247528, -0.000000000000000000 ) ) ;
#5223 = AXIS2_PLACEMENT_3D ( 'NONE', #4645, #4024, #4184 ) ;
#5224 = ORIENTED_EDGE ( 'NONE', *, *, #6899, .T. ) ;
#5225 = LINE ( 'NONE', #1154, #7316 ) ;
#5226 = CARTESIAN_POINT ( 'NONE',  ( 2.449768264469166734, 0.2579400421529494669, 2.115000000000000657 ) ) ;
#5227 = MECHANICAL_DESIGN_GEOMETRIC_PRESENTATION_REPRESENTATION (  '', ( #2544 ), #5603 ) ;
#5228 = CARTESIAN_POINT ( 'NONE',  ( 2.434421840245462487, 0.03847595109581208178, 0.8450000000000003064 ) ) ;
#5229 = EDGE_CURVE ( 'NONE', #113, #2555, #2633, .T. ) ;
#5230 = DIRECTION ( 'NONE',  ( 0.06975647374411853008, -0.9975640502598247528, 0.000000000000000000 ) ) ;
#5231 = FILL_AREA_STYLE ('',( #1120 ) ) ;
#5232 = EDGE_CURVE ( 'NONE', #6524, #3027, #2078, .T. ) ;
#5233 = VECTOR ( 'NONE', #6307, 1000.000000000000227 ) ;
#5234 = CARTESIAN_POINT ( 'NONE',  ( -2.084999999999999964, 0.8900000000000122258, -4.655000000000000249 ) ) ;
#5235 = ORIENTED_EDGE ( 'NONE', *, *, #7392, .F. ) ;
#5236 = ORIENTED_EDGE ( 'NONE', *, *, #7509, .F. ) ;
#5238 = CARTESIAN_POINT ( 'NONE',  ( 2.454999999999975646, 0.3327573459224363317, -1.694999999999999840 ) ) ;
#5237 = LINE ( 'NONE', #1080, #942 ) ;
#5239 = DIRECTION ( 'NONE',  ( -0.06975647374411914070, 0.9975640502598247528, 0.000000000000000000 ) ) ;
#5240 = ADVANCED_FACE ( 'NONE', ( #2173 ), #4516, .F. ) ;
#5241 = VECTOR ( 'NONE', #2483, 1000.000000000000000 ) ;
#5242 = LINE ( 'NONE', #1799, #5654 ) ;
#5243 = VERTEX_POINT ( 'NONE', #7286 ) ;
#5244 = VERTEX_POINT ( 'NONE', #4366 ) ;
#5245 = ORIENTED_EDGE ( 'NONE', *, *, #6628, .F. ) ;
#5246 = LINE ( 'NONE', #478, #6248 ) ;
#5247 = CARTESIAN_POINT ( 'NONE',  ( -1.950000000000000400, 0.8900000000000123368, 0.8450000000000003064 ) ) ;
#5248 = AXIS2_PLACEMENT_3D ( 'NONE', #5036, #5177, #7380 ) ;
#5249 = DIRECTION ( 'NONE',  ( -1.000000000000000000, 0.000000000000000000, 0.000000000000000000 ) ) ;
#5250 = EDGE_CURVE ( 'NONE', #6084, #3485, #1206, .T. ) ;
#5251 = DIRECTION ( 'NONE',  ( -8.993001040601393045E-16, 1.000000000000000000, 0.000000000000000000 ) ) ;
#5252 = LINE ( 'NONE', #2339, #2572 ) ;
#5253 = ORIENTED_EDGE ( 'NONE', *, *, #3989, .T. ) ;
#5254 = ORIENTED_EDGE ( 'NONE', *, *, #1856, .T. ) ;
#5255 = PLANE ( 'NONE',  #5223 ) ;
#5256 =( GEOMETRIC_REPRESENTATION_CONTEXT ( 3 ) GLOBAL_UNCERTAINTY_ASSIGNED_CONTEXT ( ( #1378 ) ) GLOBAL_UNIT_ASSIGNED_CONTEXT ( ( #6552, #127, #3699 ) ) REPRESENTATION_CONTEXT ( 'NONE', 'WORKASPACE' ) );
#5257 = ORIENTED_EDGE ( 'NONE', *, *, #6808, .T. ) ;
#5258 = FACE_OUTER_BOUND ( 'NONE', #6188, .T. ) ;
#5259 = AXIS2_PLACEMENT_3D ( 'NONE', #3179, #5527, #2606 ) ;
#5260 = CARTESIAN_POINT ( 'NONE',  ( 3.000000000000000000, 0.2194640910571372949, -1.694999999999999840 ) ) ;
#5261 = ADVANCED_FACE ( 'NONE', ( #1760 ), #6397, .T. ) ;
#5262 = CIRCLE ( 'NONE', #2682, 0.2949999999999756151 ) ;
#5263 = CARTESIAN_POINT ( 'NONE',  ( 2.160000000000000142, 0.8150000000000123812, -4.235000000000000320 ) ) ;
#5264 = VECTOR ( 'NONE', #3819, 1000.000000000000000 ) ;
#5265 = DIRECTION ( 'NONE',  ( -0.9975640502598246417, 0.06975647374411851620, -0.000000000000000000 ) ) ;
#5266 = EDGE_LOOP ( 'NONE', ( #3504, #1254, #5725, #3643 ) ) ;
#5267 = CARTESIAN_POINT ( 'NONE',  ( 2.159999999999999698, 0.3327573459224363317, -3.384999999999999787 ) ) ;
#5268 = CARTESIAN_POINT ( 'NONE',  ( -2.379999999999975913, 0.8150000000000123812, 4.655000000000000249 ) ) ;
#5269 = DIRECTION ( 'NONE',  ( -0.000000000000000000, -0.000000000000000000, -1.000000000000000000 ) ) ;
#5270 = AXIS2_PLACEMENT_3D ( 'NONE', #6324, #4565, #2069 ) ;
#5271 = DIRECTION ( 'NONE',  ( -1.000000000000000000, 0.000000000000000000, 0.000000000000000000 ) ) ;
#5272 = ORIENTED_EDGE ( 'NONE', *, *, #230, .T. ) ;
#5273 = CARTESIAN_POINT ( 'NONE',  ( 1.949999999999999956, 0.8900000000000123368, 4.235000000000000320 ) ) ;
#5274 = ORIENTED_EDGE ( 'NONE', *, *, #135, .F. ) ;
#5275 = DIRECTION ( 'NONE',  ( -0.9975640502598246417, -0.06975647374411912682, 0.000000000000000000 ) ) ;
#5276 = EDGE_LOOP ( 'NONE', ( #2937, #4504, #571, #3002, #1132, #5870, #6630, #6979, #3573, #251, #5630, #3506 ) ) ;
#5278 = LINE ( 'NONE', #3969, #2326 ) ;
#5277 = DIRECTION ( 'NONE',  ( 8.993001040601393045E-16, 1.000000000000000000, -0.000000000000000000 ) ) ;
#5279 = PRESENTATION_STYLE_ASSIGNMENT (( #2285 ) ) ;
#5280 = FILL_AREA_STYLE ('',( #1636 ) ) ;
#5281 = AXIS2_PLACEMENT_3D ( 'NONE', #225, #4342, #4914 ) ;
#5282 = LINE ( 'NONE', #2811, #4426 ) ;
#5283 = ORIENTED_EDGE ( 'NONE', *, *, #5447, .T. ) ;
#5284 = EDGE_CURVE ( 'NONE', #5153, #5494, #4088, .T. ) ;
#5285 = CIRCLE ( 'NONE', #3435, 0.2949999999999762812 ) ;
#5286 = VERTEX_POINT ( 'NONE', #5817 ) ;
#5287 = DIRECTION ( 'NONE',  ( 1.000000000000000000, 0.000000000000000000, 0.000000000000000000 ) ) ;
#5288 = FACE_OUTER_BOUND ( 'NONE', #4792, .T. ) ;
#5289 = DIRECTION ( 'NONE',  ( -1.000000000000000000, 0.000000000000000000, 0.000000000000000000 ) ) ;
#5290 = CARTESIAN_POINT ( 'NONE',  ( 2.084999999999999964, 1.109999999999987885, -4.235000000000000320 ) ) ;
#5291 = CIRCLE ( 'NONE', #2822, 0.07499999999999998335 ) ;
#5292 = LINE ( 'NONE', #6908, #1712 ) ;
#5293 = ORIENTED_EDGE ( 'NONE', *, *, #6687, .F. ) ;
#5294 = ORIENTED_EDGE ( 'NONE', *, *, #1975, .F. ) ;
#5295 = CYLINDRICAL_SURFACE ( 'NONE', #4497, 0.07500000000000041356 ) ;
#5296 = ORIENTED_EDGE ( 'NONE', *, *, #6482, .T. ) ;
#5297 = DIRECTION ( 'NONE',  ( -1.000000000000000000, 0.000000000000000000, 0.000000000000000000 ) ) ;
#5298 = DIRECTION ( 'NONE',  ( -0.000000000000000000, -0.000000000000000000, -1.000000000000000000 ) ) ;
#5299 = VECTOR ( 'NONE', #3271, 1000.000000000000000 ) ;
#5300 = EDGE_CURVE ( 'NONE', #2058, #6721, #1594, .T. ) ;
#5301 = FACE_OUTER_BOUND ( 'NONE', #920, .T. ) ;
#5302 = FACE_OUTER_BOUND ( 'NONE', #2794, .T. ) ;
#5303 = ORIENTED_EDGE ( 'NONE', *, *, #2462, .F. ) ;
#5304 = EDGE_CURVE ( 'NONE', #711, #307, #5278, .T. ) ;
#5305 = ORIENTED_EDGE ( 'NONE', *, *, #2259, .F. ) ;
#5306 = DIRECTION ( 'NONE',  ( -0.000000000000000000, -1.000000000000000000, -0.000000000000000000 ) ) ;
#5307 = CARTESIAN_POINT ( 'NONE',  ( 1.949999999999999956, 0.8900000000000123368, 2.115000000000000657 ) ) ;
#5308 = CARTESIAN_POINT ( 'NONE',  ( 2.084999999999999964, 0.8150000000000123812, -4.235000000000000320 ) ) ;
#5309 = DIRECTION ( 'NONE',  ( -0.000000000000000000, -0.000000000000000000, -1.000000000000000000 ) ) ;
#5310 = ORIENTED_EDGE ( 'NONE', *, *, #3581, .T. ) ;
#5311 = CARTESIAN_POINT ( 'NONE',  ( -2.984653575776294865, -3.794707603699265519E-16, -0.8450000000000003064 ) ) ;
#5312 = ORIENTED_EDGE ( 'NONE', *, *, #410, .F. ) ;
#5313 = FILL_AREA_STYLE ('',( #4122 ) ) ;
#5314 = VECTOR ( 'NONE', #3066, 1000.000000000000000 ) ;
#5315 = EDGE_CURVE ( 'NONE', #6412, #5533, #1794, .T. ) ;
#5316 = VERTEX_POINT ( 'NONE', #1634 ) ;
#5318 = DIRECTION ( 'NONE',  ( -1.000000000000000000, 0.000000000000000000, 0.000000000000000000 ) ) ;
#5317 = DIRECTION ( 'NONE',  ( -0.000000000000000000, -0.000000000000000000, -1.000000000000000000 ) ) ;
#5319 = LINE ( 'NONE', #4707, #6098 ) ;
#5320 = DIRECTION ( 'NONE',  ( -1.000000000000000000, 0.000000000000000000, 0.000000000000000000 ) ) ;
#5321 = ADVANCED_FACE ( 'NONE', ( #508 ), #544, .F. ) ;
#5322 = CARTESIAN_POINT ( 'NONE',  ( -2.454999999999975646, 0.3327573459224363317, 4.655000000000000249 ) ) ;
#5323 = ORIENTED_EDGE ( 'NONE', *, *, #1694, .T. ) ;
#5324 = ORIENTED_EDGE ( 'NONE', *, *, #2155, .T. ) ;
#5325 = CARTESIAN_POINT ( 'NONE',  ( 1.949999999999999956, 1.109999999999987663, 4.235000000000000320 ) ) ;
#5326 = CARTESIAN_POINT ( 'NONE',  ( -2.084999999999999964, 0.8150000000000123812, -2.964999999999999858 ) ) ;
#5327 = CIRCLE ( 'NONE', #1649, 0.07499999999999998335 ) ;
#5328 = FACE_OUTER_BOUND ( 'NONE', #6883, .T. ) ;
#5329 = EDGE_CURVE ( 'NONE', #5972, #1345, #3428, .T. ) ;
#5330 = EDGE_CURVE ( 'NONE', #4084, #6651, #5120, .T. ) ;
#5331 = CARTESIAN_POINT ( 'NONE',  ( 2.084999999999999964, 0.8900000000000122258, -0.4250000000000000444 ) ) ;
#5332 = AXIS2_PLACEMENT_3D ( 'NONE', #3096, #5404, #4248 ) ;
#5333 = ADVANCED_FACE ( 'NONE', ( #1671 ), #2363, .T. ) ;
#5334 = DIRECTION ( 'NONE',  ( -1.000000000000000000, -8.993001040601393045E-16, 0.000000000000000000 ) ) ;
#5335 = ORIENTED_EDGE ( 'NONE', *, *, #2812, .F. ) ;
#5336 = ORIENTED_EDGE ( 'NONE', *, *, #5201, .F. ) ;
#5337 = LINE ( 'NONE', #2867, #6460 ) ;
#5338 = EDGE_LOOP ( 'NONE', ( #1775, #6832, #6648, #5504 ) ) ;
#5339 = DIRECTION ( 'NONE',  ( 0.000000000000000000, 0.000000000000000000, -1.000000000000000000 ) ) ;
#5340 = CARTESIAN_POINT ( 'NONE',  ( 1.837150732346581883, 0.2500000000000000000, 0.000000000000000000 ) ) ;
#5341 = CARTESIAN_POINT ( 'NONE',  ( -2.449768264469166734, 0.2579400421529493004, 0.4250000000000000444 ) ) ;
#5342 = DIRECTION ( 'NONE',  ( -0.000000000000000000, -0.000000000000000000, -1.000000000000000000 ) ) ;
#5343 = ORIENTED_EDGE ( 'NONE', *, *, #3395, .F. ) ;
#5344 = VECTOR ( 'NONE', #5579, 1000.000000000000000 ) ;
#5345 = DIRECTION ( 'NONE',  ( -0.000000000000000000, -0.000000000000000000, -1.000000000000000000 ) ) ;
#5346 = FILL_AREA_STYLE_COLOUR ( '', #5961 ) ;
#5347 = DIRECTION ( 'NONE',  ( 1.000000000000000000, 0.000000000000000000, 0.000000000000000000 ) ) ;
#5348 = EDGE_CURVE ( 'NONE', #4282, #2745, #6366, .T. ) ;
#5349 = DIRECTION ( 'NONE',  ( 0.000000000000000000, -0.000000000000000000, -1.000000000000000000 ) ) ;
#5350 = EDGE_CURVE ( 'NONE', #5243, #7006, #5392, .T. ) ;
#5351 = AXIS2_PLACEMENT_3D ( 'NONE', #74, #7114, #4194 ) ;
#5352 = ORIENTED_EDGE ( 'NONE', *, *, #4372, .T. ) ;
#5353 = DIRECTION ( 'NONE',  ( 8.031127203596320741E-16, 1.000000000000000000, -0.000000000000000000 ) ) ;
#5354 = ORIENTED_EDGE ( 'NONE', *, *, #217, .F. ) ;
#5355 = FACE_OUTER_BOUND ( 'NONE', #3127, .T. ) ;
#5356 = COLOUR_RGB ( '',0.7921568627450980005, 0.8196078431372548767, 0.9333333333333333481 ) ;
#5357 = ORIENTED_EDGE ( 'NONE', *, *, #4818, .T. ) ;
#5359 = DIRECTION ( 'NONE',  ( 0.7071067811865435759, -0.7071067811865515695, 0.000000000000000000 ) ) ;
#5358 = DIRECTION ( 'NONE',  ( 0.9975640502598246417, 0.06975647374411912682, 0.000000000000000000 ) ) ;
#5360 =( NAMED_UNIT ( * ) SI_UNIT ( $, .STERADIAN. ) SOLID_ANGLE_UNIT ( ) );
#5361 = CARTESIAN_POINT ( 'NONE',  ( 2.379999999999975469, 0.3327573459224363317, -3.384999999999999787 ) ) ;
#5362 = CARTESIAN_POINT ( 'NONE',  ( 1.695562207025369084, 2.552988429520691049, -4.695562207025370860 ) ) ;
#5363 = VECTOR ( 'NONE', #6200, 1000.000000000000000 ) ;
#5364 = EDGE_CURVE ( 'NONE', #2513, #7342, #3385, .T. ) ;
#5365 = EDGE_LOOP ( 'NONE', ( #1577, #7468, #2211, #3685 ) ) ;
#5366 = EDGE_CURVE ( 'NONE', #563, #3673, #6629, .T. ) ;
#5367 = EDGE_CURVE ( 'NONE', #1202, #2886, #2241, .T. ) ;
#5368 = ORIENTED_EDGE ( 'NONE', *, *, #3730, .T. ) ;
#5369 = CARTESIAN_POINT ( 'NONE',  ( 2.454999999999975646, 0.3327573459224363317, 3.384999999999999787 ) ) ;
#5370 = UNCERTAINTY_MEASURE_WITH_UNIT (LENGTH_MEASURE( 1.000000000000000082E-05 ), #2201, 'distance_accuracy_value', 'NONE');
#5371 = VECTOR ( 'NONE', #738, 1000.000000000000000 ) ;
#5372 = SURFACE_SIDE_STYLE ('',( #671 ) ) ;
#5373 = CARTESIAN_POINT ( 'NONE',  ( 0.000000000000000000, 1.750000000000000000, 0.000000000000000000 ) ) ;
#5374 = PLANE ( 'NONE',  #1543 ) ;
#5375 = ADVANCED_FACE ( 'NONE', ( #2890 ), #4592, .T. ) ;
#5376 = DIRECTION ( 'NONE',  ( -8.993001040601393045E-16, 1.000000000000000000, 0.000000000000000000 ) ) ;
#5377 = ORIENTED_EDGE ( 'NONE', *, *, #646, .F. ) ;
#5378 = ORIENTED_EDGE ( 'NONE', *, *, #1007, .F. ) ;
#5379 = PLANE ( 'NONE',  #2318 ) ;
#5380 = EDGE_LOOP ( 'NONE', ( #4997, #274, #3124, #4642, #6713, #1103, #287, #3854, #6065, #4320, #4811, #401 ) ) ;
#5381 = CARTESIAN_POINT ( 'NONE',  ( -3.000000000000000000, 0.2194640910571372949, 4.655000000000000249 ) ) ;
#5382 = CARTESIAN_POINT ( 'NONE',  ( 2.160000000000000142, 0.8150000000000123812, 3.384999999999999787 ) ) ;
#5383 = DIRECTION ( 'NONE',  ( 0.000000000000000000, 0.000000000000000000, 1.000000000000000000 ) ) ;
#5384 = ORIENTED_EDGE ( 'NONE', *, *, #302, .T. ) ;
#5385 = EDGE_CURVE ( 'NONE', #4022, #2780, #6892, .T. ) ;
#5386 = VERTEX_POINT ( 'NONE', #4006 ) ;
#5387 = DIRECTION ( 'NONE',  ( -0.000000000000000000, -0.000000000000000000, -1.000000000000000000 ) ) ;
#5388 = VECTOR ( 'NONE', #1607, 1000.000000000000000 ) ;
#5389 = CARTESIAN_POINT ( 'NONE',  ( 2.379999999999975913, 0.8150000000000123812, -4.235000000000000320 ) ) ;
#5390 = CARTESIAN_POINT ( 'NONE',  ( -2.084999999999999964, 1.109999999999987663, 0.8450000000000003064 ) ) ;
#5391 = CARTESIAN_POINT ( 'NONE',  ( 3.000000000000000000, 0.2194640910571372949, 0.8450000000000003064 ) ) ;
#5392 = CIRCLE ( 'NONE', #847, 0.07500000000000041356 ) ;
#5393 = ORIENTED_EDGE ( 'NONE', *, *, #1957, .T. ) ;
#5394 = CARTESIAN_POINT ( 'NONE',  ( 2.434421840245462487, 0.03847595109581208178, 2.115000000000000657 ) ) ;
#5395 = ORIENTED_EDGE ( 'NONE', *, *, #7475, .T. ) ;
#5396 = SURFACE_STYLE_USAGE ( .BOTH. , #3584 ) ;
#5397 = VERTEX_POINT ( 'NONE', #7048 ) ;
#5398 = ADVANCED_FACE ( 'NONE', ( #4127 ), #49, .F. ) ;
#5399 = VERTEX_POINT ( 'NONE', #5974 ) ;
#5401 = FACE_OUTER_BOUND ( 'NONE', #1211, .T. ) ;
#5400 = CYLINDRICAL_SURFACE ( 'NONE', #4271, 0.2949999999999762812 ) ;
#5402 = AXIS2_PLACEMENT_3D ( 'NONE', #1966, #3719, #6070 ) ;
#5403 = FACE_OUTER_BOUND ( 'NONE', #7083, .T. ) ;
#5404 = DIRECTION ( 'NONE',  ( -0.000000000000000000, 0.000000000000000000, -1.000000000000000000 ) ) ;
#5405 = CARTESIAN_POINT ( 'NONE',  ( 1.695562207025369084, -0.5529884295206907163, 4.695562207025369084 ) ) ;
#5406 = ORIENTED_EDGE ( 'NONE', *, *, #4815, .F. ) ;
#5407 = ORIENTED_EDGE ( 'NONE', *, *, #1486, .F. ) ;
#5408 = DIRECTION ( 'NONE',  ( 0.9975640502598246417, 0.06975647374411851620, 0.000000000000000000 ) ) ;
#5409 = VECTOR ( 'NONE', #4604, 1000.000000000000000 ) ;
#5410 =( LENGTH_UNIT ( ) NAMED_UNIT ( * ) SI_UNIT ( .MILLI., .METRE. ) );
#5411 = CARTESIAN_POINT ( 'NONE',  ( -2.084999999999999964, 0.8150000000000123812, -0.4250000000000000444 ) ) ;
#5412 = VECTOR ( 'NONE', #6318, 1000.000000000000000 ) ;
#5413 = DIRECTION ( 'NONE',  ( -0.000000000000000000, -0.000000000000000000, -1.000000000000000000 ) ) ;
#5414 = CARTESIAN_POINT ( 'NONE',  ( -1.950000000000000400, 1.109999999999987663, -4.950000000000001066 ) ) ;
#5415 = ORIENTED_EDGE ( 'NONE', *, *, #5350, .F. ) ;
#5416 = ORIENTED_EDGE ( 'NONE', *, *, #479, .F. ) ;
#5417 = CARTESIAN_POINT ( 'NONE',  ( -2.984653575776294865, -3.794707603699265519E-16, 2.115000000000000657 ) ) ;
#5418 = ORIENTED_EDGE ( 'NONE', *, *, #3842, .T. ) ;
#5419 = CARTESIAN_POINT ( 'NONE',  ( -2.454999999999975646, 0.3327573459224363317, -4.235000000000000320 ) ) ;
#5420 = DIRECTION ( 'NONE',  ( -0.000000000000000000, -0.000000000000000000, -1.000000000000000000 ) ) ;
#5421 = CIRCLE ( 'NONE', #5908, 0.07500000000000041356 ) ;
#5422 = PLANE ( 'NONE',  #1846 ) ;
#5423 = ORIENTED_EDGE ( 'NONE', *, *, #1864, .T. ) ;
#5424 = CARTESIAN_POINT ( 'NONE',  ( -3.000000000000000000, 0.2194640910571372949, -0.4250000000000000444 ) ) ;
#5425 = AXIS2_PLACEMENT_3D ( 'NONE', #5889, #3542, #1364 ) ;
#5426 = DIRECTION ( 'NONE',  ( -0.000000000000000000, -0.000000000000000000, -1.000000000000000000 ) ) ;
#5427 = VECTOR ( 'NONE', #5868, 1000.000000000000000 ) ;
#5428 = CARTESIAN_POINT ( 'NONE',  ( 3.000000000000000000, 0.2194640910571372949, 4.235000000000000320 ) ) ;
#5429 = EDGE_CURVE ( 'NONE', #4034, #6084, #87, .T. ) ;
#5430 = EDGE_CURVE ( 'NONE', #7503, #5525, #2582, .T. ) ;
#5431 = EDGE_LOOP ( 'NONE', ( #6562, #3494, #2511, #5891 ) ) ;
#5432 = AXIS2_PLACEMENT_3D ( 'NONE', #68, #4806, #3452 ) ;
#5433 = LINE ( 'NONE', #743, #6437 ) ;
#5434 = VERTEX_POINT ( 'NONE', #4348 ) ;
#5435 = EDGE_CURVE ( 'NONE', #1914, #3612, #5894, .T. ) ;
#5436 = ORIENTED_EDGE ( 'NONE', *, *, #2373, .F. ) ;
#5437 = ORIENTED_EDGE ( 'NONE', *, *, #3659, .F. ) ;
#5438 = DIRECTION ( 'NONE',  ( -0.000000000000000000, -0.000000000000000000, -1.000000000000000000 ) ) ;
#5439 = CARTESIAN_POINT ( 'NONE',  ( -1.050000000000000266, 1.750000000000000000, -4.325000000000002842 ) ) ;
#5440 = DIRECTION ( 'NONE',  ( -0.000000000000000000, -0.000000000000000000, -1.000000000000000000 ) ) ;
#5441 = PLANE ( 'NONE',  #2227 ) ;
#5442 = ORIENTED_EDGE ( 'NONE', *, *, #5895, .T. ) ;
#5443 = ORIENTED_EDGE ( 'NONE', *, *, #2210, .F. ) ;
#5444 = CARTESIAN_POINT ( 'NONE',  ( 1.949999999999999512, -10.64048871058091983, -4.950000000000001066 ) ) ;
#5445 = UNCERTAINTY_MEASURE_WITH_UNIT (LENGTH_MEASURE( 1.000000000000000082E-05 ), #3307, 'distance_accuracy_value', 'NONE');
#5446 = DIRECTION ( 'NONE',  ( -0.000000000000000000, -0.000000000000000000, -1.000000000000000000 ) ) ;
#5447 = EDGE_CURVE ( 'NONE', #6066, #2990, #625, .T. ) ;
#5448 = ADVANCED_FACE ( 'NONE', ( #271 ), #4782, .F. ) ;
#5449 = CARTESIAN_POINT ( 'NONE',  ( -2.379999999999975913, 0.8150000000000123812, 2.115000000000000657 ) ) ;
#5450 = VERTEX_POINT ( 'NONE', #3049 ) ;
#5451 = VERTEX_POINT ( 'NONE', #1511 ) ;
#5452 = VECTOR ( 'NONE', #6622, 1000.000000000000000 ) ;
#5453 = LINE ( 'NONE', #2457, #6735 ) ;
#5454 = VERTEX_POINT ( 'NONE', #4959 ) ;
#5455 = DIRECTION ( 'NONE',  ( 1.000000000000000000, -8.031127203596320741E-16, -0.000000000000000000 ) ) ;
#5456 = LINE ( 'NONE', #189, #742 ) ;
#5457 = CIRCLE ( 'NONE', #6921, 0.07499999999999998335 ) ;
#5458 = FACE_OUTER_BOUND ( 'NONE', #2560, .T. ) ;
#5459 = CARTESIAN_POINT ( 'NONE',  ( -1.524154985015796937, 1.750000000000000000, -4.950000000000001066 ) ) ;
#5460 = VERTEX_POINT ( 'NONE', #6518 ) ;
#5461 = ADVANCED_FACE ( 'NONE', ( #1431 ), #3804, .F. ) ;
#5462 = FACE_OUTER_BOUND ( 'NONE', #3554, .T. ) ;
#5463 = VECTOR ( 'NONE', #14, 1000.000000000000227 ) ;
#5464 = CARTESIAN_POINT ( 'NONE',  ( 1.949999999999999956, 0.8900000000000123368, -2.964999999999999858 ) ) ;
#5465 = DIRECTION ( 'NONE',  ( -8.993001040601393045E-16, -1.000000000000000000, -0.000000000000000000 ) ) ;
#5466 = CIRCLE ( 'NONE', #3134, 0.07500000000000041356 ) ;
#5467 = VERTEX_POINT ( 'NONE', #2973 ) ;
#5468 = VECTOR ( 'NONE', #7523, 1000.000000000000000 ) ;
#5469 = CARTESIAN_POINT ( 'NONE',  ( -2.984653575776294865, -3.794707603699265519E-16, -1.694999999999999840 ) ) ;
#5470 = ORIENTED_EDGE ( 'NONE', *, *, #3277, .F. ) ;
#5471 = DIRECTION ( 'NONE',  ( 0.000000000000000000, 0.000000000000000000, 1.000000000000000000 ) ) ;
#5472 = ORIENTED_EDGE ( 'NONE', *, *, #1118, .T. ) ;
#5473 = ORIENTED_EDGE ( 'NONE', *, *, #2365, .T. ) ;
#5474 = CARTESIAN_POINT ( 'NONE',  ( 2.159999999999999698, 0.3327573459224363317, 0.8450000000000003064 ) ) ;
#5475 =( NAMED_UNIT ( * ) PLANE_ANGLE_UNIT ( ) SI_UNIT ( $, .RADIAN. ) );
#5476 = CARTESIAN_POINT ( 'NONE',  ( -2.084999999999999964, 0.8150000000000123812, -2.115000000000000213 ) ) ;
#5477 = CARTESIAN_POINT ( 'NONE',  ( -2.084999999999999964, 0.8150000000000123812, 2.964999999999999858 ) ) ;
#5478 = CIRCLE ( 'NONE', #7195, 0.2949999999999756151 ) ;
#5479 = EDGE_CURVE ( 'NONE', #4054, #3939, #6692, .T. ) ;
#5480 = VECTOR ( 'NONE', #1920, 1000.000000000000000 ) ;
#5481 = EDGE_LOOP ( 'NONE', ( #4274, #679, #5415, #5272 ) ) ;
#5482 = AXIS2_PLACEMENT_3D ( 'NONE', #4374, #6614, #5952 ) ;
#5483 = ORIENTED_EDGE ( 'NONE', *, *, #6243, .F. ) ;
#5484 = EDGE_CURVE ( 'NONE', #10, #484, #7088, .T. ) ;
#5485 = DIRECTION ( 'NONE',  ( 8.993001040601393045E-16, 1.000000000000000000, -0.000000000000000000 ) ) ;
#5486 = DIRECTION ( 'NONE',  ( 0.000000000000000000, 0.000000000000000000, 1.000000000000000000 ) ) ;
#5487 = MECHANICAL_DESIGN_GEOMETRIC_PRESENTATION_REPRESENTATION (  '', ( #2895 ), #3635 ) ;
#5488 = DIRECTION ( 'NONE',  ( 1.000000000000000000, 8.031127203596346379E-16, 0.000000000000000000 ) ) ;
#5489 = DIRECTION ( 'NONE',  ( 1.000000000000000000, 8.993001040601393045E-16, -0.000000000000000000 ) ) ;
#5490 = ORIENTED_EDGE ( 'NONE', *, *, #3379, .T. ) ;
#5491 = ORIENTED_EDGE ( 'NONE', *, *, #6381, .T. ) ;
#5492 = CYLINDRICAL_SURFACE ( 'NONE', #5131, 0.2949999999999762812 ) ;
#5493 = ADVANCED_FACE ( 'NONE', ( #705 ), #2042, .F. ) ;
#5494 = VERTEX_POINT ( 'NONE', #4207 ) ;
#5495 = CARTESIAN_POINT ( 'NONE',  ( -1.783375384548076203, -0.05497515231329584001, 4.783375384548075537 ) ) ;
#5496 = CARTESIAN_POINT ( 'NONE',  ( -2.379999999999975913, 0.8150000000000123812, -0.4250000000000000444 ) ) ;
#5497 = CARTESIAN_POINT ( 'NONE',  ( 2.084999999999999964, 0.8900000000000122258, 4.655000000000000249 ) ) ;
#5498 = ORIENTED_EDGE ( 'NONE', *, *, #4332, .T. ) ;
#5499 = ORIENTED_EDGE ( 'NONE', *, *, #3256, .F. ) ;
#5500 = DIRECTION ( 'NONE',  ( -0.000000000000000000, -0.000000000000000000, -1.000000000000000000 ) ) ;
#5501 =( LENGTH_UNIT ( ) NAMED_UNIT ( * ) SI_UNIT ( .MILLI., .METRE. ) );
#5502 = EDGE_CURVE ( 'NONE', #6403, #3939, #2654, .T. ) ;
#5503 = CARTESIAN_POINT ( 'NONE',  ( 2.159999999999999698, 0.3327573459224363317, 4.655000000000000249 ) ) ;
#5504 = ORIENTED_EDGE ( 'NONE', *, *, #1470, .T. ) ;
#5505 = DIRECTION ( 'NONE',  ( 0.000000000000000000, 0.000000000000000000, 1.000000000000000000 ) ) ;
#5506 = VERTEX_POINT ( 'NONE', #6733 ) ;
#5507 = ORIENTED_EDGE ( 'NONE', *, *, #5076, .F. ) ;
#5508 = DIRECTION ( 'NONE',  ( -0.000000000000000000, -0.000000000000000000, -1.000000000000000000 ) ) ;
#5509 = AXIS2_PLACEMENT_3D ( 'NONE', #7007, #2970, #2479 ) ;
#5510 = CARTESIAN_POINT ( 'NONE',  ( 3.000000000000000000, 0.2194640910571372949, 2.964999999999999858 ) ) ;
#5511 = VECTOR ( 'NONE', #3017, 1000.000000000000000 ) ;
#5512 = CARTESIAN_POINT ( 'NONE',  ( -2.379999999999975913, 0.8150000000000123812, -4.655000000000000249 ) ) ;
#5513 = ADVANCED_FACE ( 'NONE', ( #5401 ), #845, .F. ) ;
#5514 = VECTOR ( 'NONE', #5831, 1000.000000000000000 ) ;
#5515 = ORIENTED_EDGE ( 'NONE', *, *, #67, .T. ) ;
#5516 = VECTOR ( 'NONE', #4742, 1000.000000000000000 ) ;
#5517 = ORIENTED_EDGE ( 'NONE', *, *, #5250, .T. ) ;
#5518 = DIRECTION ( 'NONE',  ( -0.000000000000000000, -0.000000000000000000, -1.000000000000000000 ) ) ;
#5519 = UNCERTAINTY_MEASURE_WITH_UNIT (LENGTH_MEASURE( 1.000000000000000082E-05 ), #4231, 'distance_accuracy_value', 'NONE');
#5520 = FILL_AREA_STYLE_COLOUR ( '', #5356 ) ;
#5521 = FACE_OUTER_BOUND ( 'NONE', #3191, .T. ) ;
#5522 = VECTOR ( 'NONE', #2574, 1000.000000000000000 ) ;
#5523 = EDGE_CURVE ( 'NONE', #4980, #332, #1875, .T. ) ;
#5524 = DIRECTION ( 'NONE',  ( 0.9975640502598246417, 0.06975647374411912682, 0.000000000000000000 ) ) ;
#5525 = VERTEX_POINT ( 'NONE', #1245 ) ;
#5526 = EDGE_LOOP ( 'NONE', ( #5561, #54, #2945, #2644, #1263, #3425, #3223, #5902, #3734, #105, #4002, #5568 ) ) ;
#5527 = DIRECTION ( 'NONE',  ( 0.9975640502598245307, 0.06975647374412144441, -0.000000000000000000 ) ) ;
#5528 = VERTEX_POINT ( 'NONE', #3587 ) ;
#5529 = FACE_OUTER_BOUND ( 'NONE', #2066, .T. ) ;
#5530 = CARTESIAN_POINT ( 'NONE',  ( -2.084999999999999964, 0.8900000000000122258, -4.235000000000000320 ) ) ;
#5531 = AXIS2_PLACEMENT_3D ( 'NONE', #1415, #4369, #4795 ) ;
#5532 = CARTESIAN_POINT ( 'NONE',  ( 2.159999999999999698, 0.3327573459224363317, -4.235000000000000320 ) ) ;
#5533 = VERTEX_POINT ( 'NONE', #5536 ) ;
#5534 = ORIENTED_EDGE ( 'NONE', *, *, #1006, .F. ) ;
#5535 = CARTESIAN_POINT ( 'NONE',  ( -2.379999999999975469, 0.3327573459224363317, -0.4250000000000000444 ) ) ;
#5536 = CARTESIAN_POINT ( 'NONE',  ( 2.449768264469166734, 0.2579400421529494669, 0.4250000000000000444 ) ) ;
#5537 = FILL_AREA_STYLE ('',( #5346 ) ) ;
#5538 = AXIS2_PLACEMENT_3D ( 'NONE', #267, #3799, #191 ) ;
#5539 = ADVANCED_FACE ( 'NONE', ( #6156 ), #4922, .T. ) ;
#5540 = ORIENTED_EDGE ( 'NONE', *, *, #4489, .T. ) ;
#5541 = DIRECTION ( 'NONE',  ( -0.000000000000000000, -0.000000000000000000, -1.000000000000000000 ) ) ;
#5542 = ORIENTED_EDGE ( 'NONE', *, *, #4815, .T. ) ;
#5543 = DIRECTION ( 'NONE',  ( -0.06975647374412144441, 0.9975640502598245307, 0.000000000000000000 ) ) ;
#5544 = VECTOR ( 'NONE', #1523, 1000.000000000000114 ) ;
#5545 = CARTESIAN_POINT ( 'NONE',  ( 2.454999999999975646, 0.3327573459224363317, -4.235000000000000320 ) ) ;
#5546 = LINE ( 'NONE', #7417, #4385 ) ;
#5547 = CARTESIAN_POINT ( 'NONE',  ( 2.449768264469166734, 0.2579400421529494669, -4.235000000000000320 ) ) ;
#5548 = DIRECTION ( 'NONE',  ( -0.9975640502598246417, 0.06975647374411912682, 0.000000000000000000 ) ) ;
#5549 = VECTOR ( 'NONE', #7350, 1000.000000000000227 ) ;
#5550 = DIRECTION ( 'NONE',  ( -1.000000000000000000, 0.000000000000000000, 0.000000000000000000 ) ) ;
#5551 = ORIENTED_EDGE ( 'NONE', *, *, #1153, .F. ) ;
#5552 = ORIENTED_EDGE ( 'NONE', *, *, #6380, .F. ) ;
#5553 = EDGE_CURVE ( 'NONE', #4345, #1869, #3841, .T. ) ;
#5554 = DIRECTION ( 'NONE',  ( -1.000000000000000000, 0.000000000000000000, 0.000000000000000000 ) ) ;
#5555 = DIRECTION ( 'NONE',  ( -0.000000000000000000, -0.000000000000000000, -1.000000000000000000 ) ) ;
#5556 = DIRECTION ( 'NONE',  ( -1.000000000000000000, 0.000000000000000000, 0.000000000000000000 ) ) ;
#5557 = ORIENTED_EDGE ( 'NONE', *, *, #4661, .F. ) ;
#5558 = ORIENTED_EDGE ( 'NONE', *, *, #7454, .T. ) ;
#5559 = DIRECTION ( 'NONE',  ( 8.993001040601393045E-16, 1.000000000000000000, 0.000000000000000000 ) ) ;
#5560 = VECTOR ( 'NONE', #3782, 1000.000000000000000 ) ;
#5561 = ORIENTED_EDGE ( 'NONE', *, *, #3395, .T. ) ;
#5562 = DIRECTION ( 'NONE',  ( 1.000000000000000000, 0.000000000000000000, 0.000000000000000000 ) ) ;
#5563 = ADVANCED_FACE ( 'NONE', ( #3879 ), #959, .F. ) ;
#5564 = EDGE_CURVE ( 'NONE', #5921, #1242, #6228, .T. ) ;
#5565 = CARTESIAN_POINT ( 'NONE',  ( 2.159999999999999698, 0.3327573459224363317, -4.235000000000000320 ) ) ;
#5566 = EDGE_CURVE ( 'NONE', #6, #5628, #488, .T. ) ;
#5567 = DIRECTION ( 'NONE',  ( 1.000000000000000000, 0.000000000000000000, 0.000000000000000000 ) ) ;
#5568 = ORIENTED_EDGE ( 'NONE', *, *, #1133, .T. ) ;
#5569 = ORIENTED_EDGE ( 'NONE', *, *, #3749, .T. ) ;
#5570 = LINE ( 'NONE', #5424, #3015 ) ;
#5571 = DIRECTION ( 'NONE',  ( -1.000000000000000000, 0.000000000000000000, 0.000000000000000000 ) ) ;
#5572 = ADVANCED_FACE ( 'NONE', ( #6805 ), #5721, .F. ) ;
#5573 = AXIS2_PLACEMENT_3D ( 'NONE', #5618, #5505, #239 ) ;
#5574 = ORIENTED_EDGE ( 'NONE', *, *, #3490, .F. ) ;
#5575 = DIRECTION ( 'NONE',  ( -0.000000000000000000, -0.000000000000000000, -1.000000000000000000 ) ) ;
#5576 = ORIENTED_EDGE ( 'NONE', *, *, #1144, .T. ) ;
#5577 = STYLED_ITEM ( 'NONE', ( #7490 ), #1410 ) ;
#5578 = DIRECTION ( 'NONE',  ( -1.000000000000000000, 0.000000000000000000, 0.000000000000000000 ) ) ;
#5579 = DIRECTION ( 'NONE',  ( -0.000000000000000000, 1.000000000000000000, -0.000000000000000000 ) ) ;
#5580 = EDGE_CURVE ( 'NONE', #7321, #7331, #4907, .T. ) ;
#5581 = LINE ( 'NONE', #3888, #1439 ) ;
#5582 = FACE_OUTER_BOUND ( 'NONE', #1508, .T. ) ;
#5583 = ADVANCED_FACE ( 'NONE', ( #1620 ), #1030, .T. ) ;
#5584 = DIRECTION ( 'NONE',  ( 0.000000000000000000, 1.000000000000000000, 0.000000000000000000 ) ) ;
#5585 = CYLINDRICAL_SURFACE ( 'NONE', #4949, 0.2949999999999758371 ) ;
#5586 = ORIENTED_EDGE ( 'NONE', *, *, #5364, .F. ) ;
#5587 = ORIENTED_EDGE ( 'NONE', *, *, #1262, .T. ) ;
#5588 = CARTESIAN_POINT ( 'NONE',  ( -1.950000000000000400, 0.8900000000000123368, 0.4250000000000000444 ) ) ;
#5589 = VECTOR ( 'NONE', #1946, 1000.000000000000000 ) ;
#5590 = UNCERTAINTY_MEASURE_WITH_UNIT (LENGTH_MEASURE( 1.000000000000000082E-05 ), #5410, 'distance_accuracy_value', 'NONE');
#5591 = VECTOR ( 'NONE', #5762, 1000.000000000000000 ) ;
#5592 =( LENGTH_UNIT ( ) NAMED_UNIT ( * ) SI_UNIT ( .MILLI., .METRE. ) );
#5593 = CARTESIAN_POINT ( 'NONE',  ( -2.379999999999975469, 0.3327573459224363317, -4.655000000000000249 ) ) ;
#5594 = EDGE_CURVE ( 'NONE', #5890, #2205, #449, .T. ) ;
#5595 = VECTOR ( 'NONE', #2410, 1000.000000000000000 ) ;
#5596 = EDGE_CURVE ( 'NONE', #3356, #6403, #6336, .T. ) ;
#5597 = EDGE_CURVE ( 'NONE', #5244, #1831, #1547, .T. ) ;
#5598 = VECTOR ( 'NONE', #5962, 1000.000000000000000 ) ;
#5599 = CARTESIAN_POINT ( 'NONE',  ( -2.084999999999999964, 1.109999999999987663, 2.115000000000000657 ) ) ;
#5600 = ORIENTED_EDGE ( 'NONE', *, *, #3300, .T. ) ;
#5601 = ORIENTED_EDGE ( 'NONE', *, *, #5982, .F. ) ;
#5602 = CARTESIAN_POINT ( 'NONE',  ( 2.454999999999975646, 0.3327573459224363317, 0.4250000000000000444 ) ) ;
#5603 =( GEOMETRIC_REPRESENTATION_CONTEXT ( 3 ) GLOBAL_UNCERTAINTY_ASSIGNED_CONTEXT ( ( #1297 ) ) GLOBAL_UNIT_ASSIGNED_CONTEXT ( ( #207, #2591, #2484 ) ) REPRESENTATION_CONTEXT ( 'NONE', 'WORKASPACE' ) );
#5604 = ORIENTED_EDGE ( 'NONE', *, *, #7397, .F. ) ;
#5605 = DIRECTION ( 'NONE',  ( 0.000000000000000000, 0.000000000000000000, 1.000000000000000000 ) ) ;
#5606 = LINE ( 'NONE', #3360, #6756 ) ;
#5607 = AXIS2_PLACEMENT_3D ( 'NONE', #4626, #1714, #2929 ) ;
#5608 = CARTESIAN_POINT ( 'NONE',  ( 2.084999999999999964, 0.8150000000000123812, 3.384999999999999787 ) ) ;
#5609 = EDGE_CURVE ( 'NONE', #7513, #5008, #2119, .T. ) ;
#5610 = VERTEX_POINT ( 'NONE', #1583 ) ;
#5611 = EDGE_LOOP ( 'NONE', ( #5668, #4266, #2855, #2139 ) ) ;
#5612 = CARTESIAN_POINT ( 'NONE',  ( 2.984653575776294865, -3.794707603699265519E-16, 0.8450000000000003064 ) ) ;
#5613 = ORIENTED_EDGE ( 'NONE', *, *, #7184, .T. ) ;
#5614 = DIRECTION ( 'NONE',  ( -1.000000000000000000, 0.000000000000000000, 0.000000000000000000 ) ) ;
#5615 = VECTOR ( 'NONE', #2518, 1000.000000000000000 ) ;
#5616 = DIRECTION ( 'NONE',  ( -1.000000000000000000, 0.000000000000000000, 0.000000000000000000 ) ) ;
#5617 = EDGE_CURVE ( 'NONE', #4902, #4373, #2790, .T. ) ;
#5618 = CARTESIAN_POINT ( 'NONE',  ( 2.084999999999999964, 0.8150000000000123812, -2.964999999999999858 ) ) ;
#5619 = ORIENTED_EDGE ( 'NONE', *, *, #6245, .T. ) ;
#5620 = CARTESIAN_POINT ( 'NONE',  ( 2.379999999999975913, 0.8150000000000123812, -1.694999999999999840 ) ) ;
#5621 = DIRECTION ( 'NONE',  ( 0.9975640502598246417, -0.06975647374411912682, -0.000000000000000000 ) ) ;
#5622 = VECTOR ( 'NONE', #1817, 1000.000000000000114 ) ;
#5623 = FACE_OUTER_BOUND ( 'NONE', #6331, .T. ) ;
#5624 = LINE ( 'NONE', #6087, #511 ) ;
#5625 = LINE ( 'NONE', #4361, #4807 ) ;
#5626 = EDGE_CURVE ( 'NONE', #3247, #3159, #5138, .T. ) ;
#5627 = CARTESIAN_POINT ( 'NONE',  ( 2.084999999999999964, 0.8900000000000122258, 0.8450000000000003064 ) ) ;
#5628 = VERTEX_POINT ( 'NONE', #6267 ) ;
#5629 = AXIS2_PLACEMENT_3D ( 'NONE', #5191, #3213, #5556 ) ;
#5630 = ORIENTED_EDGE ( 'NONE', *, *, #5479, .F. ) ;
#5631 = DIRECTION ( 'NONE',  ( -0.000000000000000000, -0.000000000000000000, -1.000000000000000000 ) ) ;
#5632 = CIRCLE ( 'NONE', #3052, 0.07499999999999998335 ) ;
#5633 = FACE_OUTER_BOUND ( 'NONE', #2761, .T. ) ;
#5634 = DIRECTION ( 'NONE',  ( 0.9975640502598246417, -0.06975647374411912682, -0.000000000000000000 ) ) ;
#5635 = VECTOR ( 'NONE', #3400, 1000.000000000000000 ) ;
#5636 = EDGE_CURVE ( 'NONE', #3141, #4704, #2226, .T. ) ;
#5637 = VECTOR ( 'NONE', #6114, 1000.000000000000000 ) ;
#5638 = EDGE_LOOP ( 'NONE', ( #1789, #2106, #1090, #3929 ) ) ;
#5639 = ORIENTED_EDGE ( 'NONE', *, *, #1178, .F. ) ;
#5640 = CARTESIAN_POINT ( 'NONE',  ( 2.084999999999999964, 1.109999999999987885, 0.4250000000000000444 ) ) ;
#5641 = ORIENTED_EDGE ( 'NONE', *, *, #5367, .T. ) ;
#5642 = DIRECTION ( 'NONE',  ( -1.000000000000000000, 0.000000000000000000, 0.000000000000000000 ) ) ;
#5643 = CIRCLE ( 'NONE', #5270, 0.2949999999999762812 ) ;
#5644 = LINE ( 'NONE', #3979, #4050 ) ;
#5645 = CARTESIAN_POINT ( 'NONE',  ( -1.950000000000000400, 0.8900000000000123368, 2.115000000000000657 ) ) ;
#5646 = ORIENTED_EDGE ( 'NONE', *, *, #1444, .T. ) ;
#5647 = ORIENTED_EDGE ( 'NONE', *, *, #2935, .T. ) ;
#5648 = DIRECTION ( 'NONE',  ( -0.000000000000000000, -0.000000000000000000, -1.000000000000000000 ) ) ;
#5649 = ORIENTED_EDGE ( 'NONE', *, *, #4446, .F. ) ;
#5650 = DIRECTION ( 'NONE',  ( -0.06975647374411853008, -0.9975640502598247528, 0.000000000000000000 ) ) ;
#5651 = PRESENTATION_STYLE_ASSIGNMENT (( #4422 ) ) ;
#5652 = AXIS2_PLACEMENT_3D ( 'NONE', #5373, #3747, #4906 ) ;
#5653 = DIRECTION ( 'NONE',  ( -0.000000000000000000, -0.000000000000000000, -1.000000000000000000 ) ) ;
#5654 = VECTOR ( 'NONE', #4595, 1000.000000000000000 ) ;
#5655 = CARTESIAN_POINT ( 'NONE',  ( 2.084999999999999964, 0.8150000000000123812, 0.8450000000000003064 ) ) ;
#5656 = ORIENTED_EDGE ( 'NONE', *, *, #2308, .F. ) ;
#5657 = CARTESIAN_POINT ( 'NONE',  ( 1.949999999999999956, 0.8900000000000123368, -3.384999999999999787 ) ) ;
#5658 = DIRECTION ( 'NONE',  ( -1.000000000000000000, 0.000000000000000000, 0.000000000000000000 ) ) ;
#5659 = DIRECTION ( 'NONE',  ( 0.000000000000000000, 1.000000000000000000, 0.000000000000000000 ) ) ;
#5660 = DIRECTION ( 'NONE',  ( 1.000000000000000000, -8.031127203596320741E-16, -0.000000000000000000 ) ) ;
#5661 = ADVANCED_FACE ( 'NONE', ( #3987 ), #1067, .F. ) ;
#5662 = EDGE_CURVE ( 'NONE', #3902, #2030, #3337, .T. ) ;
#5663 = DIRECTION ( 'NONE',  ( 8.993001040601393045E-16, -1.000000000000000000, 0.000000000000000000 ) ) ;
#5664 = VECTOR ( 'NONE', #840, 1000.000000000000000 ) ;
#5665 = PRESENTATION_STYLE_ASSIGNMENT (( #5771 ) ) ;
#5666 = ADVANCED_FACE ( 'NONE', ( #2830 ), #4611, .F. ) ;
#5667 = DIRECTION ( 'NONE',  ( -0.000000000000000000, -0.000000000000000000, -1.000000000000000000 ) ) ;
#5668 = ORIENTED_EDGE ( 'NONE', *, *, #2814, .T. ) ;
#5669 = ORIENTED_EDGE ( 'NONE', *, *, #1052, .F. ) ;
#5670 = PLANE ( 'NONE',  #7353 ) ;
#5671 = UNCERTAINTY_MEASURE_WITH_UNIT (LENGTH_MEASURE( 1.000000000000000082E-05 ), #1708, 'distance_accuracy_value', 'NONE');
#5672 = AXIS2_PLACEMENT_3D ( 'NONE', #4887, #1277, #3617 ) ;
#5673 = CARTESIAN_POINT ( 'NONE',  ( -2.084999999999999964, 0.8900000000000123368, 2.964999999999999858 ) ) ;
#5674 = ORIENTED_EDGE ( 'NONE', *, *, #5330, .T. ) ;
#5675 = ORIENTED_EDGE ( 'NONE', *, *, #3167, .F. ) ;
#5676 = PLANE ( 'NONE',  #4289 ) ;
#5677 = ORIENTED_EDGE ( 'NONE', *, *, #2287, .T. ) ;
#5678 = CARTESIAN_POINT ( 'NONE',  ( -2.434421840245462487, 0.03847595109581208178, -0.4250000000000000444 ) ) ;
#5679 = ADVANCED_FACE ( 'NONE', ( #5915 ), #7594, .F. ) ;
#5680 = DIRECTION ( 'NONE',  ( 0.000000000000000000, 0.000000000000000000, 1.000000000000000000 ) ) ;
#5681 = EDGE_CURVE ( 'NONE', #747, #5460, #1146, .T. ) ;
#5682 = CLOSED_SHELL ( 'NONE', ( #4995, #3108, #4625, #696, #1720, #695, #3078, #7352, #3018, #2062, #2638, #6176, #915, #6676 ) ) ;
#5683 = CARTESIAN_POINT ( 'NONE',  ( 2.084999999999999964, 0.8900000000000122258, -3.384999999999999787 ) ) ;
#5684 = ORIENTED_EDGE ( 'NONE', *, *, #6569, .T. ) ;
#5685 = EDGE_LOOP ( 'NONE', ( #5192, #4964, #3334, #4749 ) ) ;
#5686 = DIRECTION ( 'NONE',  ( -1.000000000000000000, 0.000000000000000000, 0.000000000000000000 ) ) ;
#5687 = ORIENTED_EDGE ( 'NONE', *, *, #497, .F. ) ;
#5688 = CARTESIAN_POINT ( 'NONE',  ( -2.084999999999999964, 1.109999999999987663, 4.655000000000000249 ) ) ;
#5689 = EDGE_CURVE ( 'NONE', #5460, #3612, #2344, .T. ) ;
#5690 = PLANE ( 'NONE',  #1343 ) ;
#5691 = EDGE_CURVE ( 'NONE', #3087, #3207, #644, .T. ) ;
#5692 = ORIENTED_EDGE ( 'NONE', *, *, #6088, .T. ) ;
#5693 = DIRECTION ( 'NONE',  ( -8.993001040601393045E-16, 1.000000000000000000, 0.000000000000000000 ) ) ;
#5694 = MECHANICAL_DESIGN_GEOMETRIC_PRESENTATION_REPRESENTATION (  '', ( #3603 ), #4954 ) ;
#5695 = DIRECTION ( 'NONE',  ( 1.000000000000000000, -8.993001040601393045E-16, 0.000000000000000000 ) ) ;
#5696 = DIRECTION ( 'NONE',  ( 0.06975647374412144441, 0.9975640502598245307, -0.000000000000000000 ) ) ;
#5697 = DIRECTION ( 'NONE',  ( 0.9975640502598246417, -0.06975647374411912682, -0.000000000000000000 ) ) ;
#5698 = SURFACE_STYLE_FILL_AREA ( #5078 ) ;
#5699 = CIRCLE ( 'NONE', #4851, 0.2949999999999756151 ) ;
#5700 = DIRECTION ( 'NONE',  ( -1.000000000000000000, 0.000000000000000000, 0.000000000000000000 ) ) ;
#5701 = EDGE_LOOP ( 'NONE', ( #2176, #6929, #4483, #992 ) ) ;
#5702 = VERTEX_POINT ( 'NONE', #66 ) ;
#5703 = DIRECTION ( 'NONE',  ( -1.000000000000000000, -8.031127203596346379E-16, 0.000000000000000000 ) ) ;
#5704 = DIRECTION ( 'NONE',  ( 0.000000000000000000, 0.000000000000000000, -1.000000000000000000 ) ) ;
#5705 = CARTESIAN_POINT ( 'NONE',  ( 2.449768264469166734, 0.2579400421529494669, 3.384999999999999787 ) ) ;
#5706 = ADVANCED_FACE ( 'NONE', ( #5800 ), #7553, .F. ) ;
#5707 = AXIS2_PLACEMENT_3D ( 'NONE', #2161, #5695, #2124 ) ;
#5708 = ORIENTED_EDGE ( 'NONE', *, *, #836, .F. ) ;
#5709 = VERTEX_POINT ( 'NONE', #2423 ) ;
#5710 = PLANE ( 'NONE',  #963 ) ;
#5711 = DIRECTION ( 'NONE',  ( -0.000000000000000000, -0.000000000000000000, -1.000000000000000000 ) ) ;
#5712 = CARTESIAN_POINT ( 'NONE',  ( -2.984653575776294865, -3.794707603699265519E-16, 4.655000000000000249 ) ) ;
#5713 = AXIS2_PLACEMENT_3D ( 'NONE', #1782, #38, #4151 ) ;
#5714 = DIRECTION ( 'NONE',  ( -0.000000000000000000, -0.000000000000000000, -1.000000000000000000 ) ) ;
#5715 = EDGE_CURVE ( 'NONE', #73, #1102, #683, .T. ) ;
#5716 = ORIENTED_EDGE ( 'NONE', *, *, #4585, .T. ) ;
#5717 = ORIENTED_EDGE ( 'NONE', *, *, #7247, .F. ) ;
#5718 = DIRECTION ( 'NONE',  ( 1.000000000000000000, 0.000000000000000000, 0.000000000000000000 ) ) ;
#5719 = ORIENTED_EDGE ( 'NONE', *, *, #7482, .T. ) ;
#5720 = AXIS2_PLACEMENT_3D ( 'NONE', #1346, #7256, #6723 ) ;
#5721 = PLANE ( 'NONE',  #6374 ) ;
#5722 = CIRCLE ( 'NONE', #2417, 0.2949999999999762812 ) ;
#5723 = LINE ( 'NONE', #3303, #4638 ) ;
#5724 = FILL_AREA_STYLE_COLOUR ( '', #3237 ) ;
#5725 = ORIENTED_EDGE ( 'NONE', *, *, #5366, .F. ) ;
#5726 = EDGE_CURVE ( 'NONE', #3142, #2225, #2382, .T. ) ;
#5727 = CARTESIAN_POINT ( 'NONE',  ( -2.984653575776294865, -3.794707603699265519E-16, -2.964999999999999858 ) ) ;
#5728 = APPLICATION_CONTEXT ( 'automotive_design' ) ;
#5729 = CARTESIAN_POINT ( 'NONE',  ( 2.084999999999999964, 0.8900000000000122258, 4.655000000000000249 ) ) ;
#5730 = PLANE ( 'NONE',  #2600 ) ;
#5731 =( NAMED_UNIT ( * ) SI_UNIT ( $, .STERADIAN. ) SOLID_ANGLE_UNIT ( ) );
#5732 = DIRECTION ( 'NONE',  ( -0.000000000000000000, -0.000000000000000000, -1.000000000000000000 ) ) ;
#5733 = ORIENTED_EDGE ( 'NONE', *, *, #5997, .F. ) ;
#5734 = PLANE ( 'NONE',  #6857 ) ;
#5735 = ORIENTED_EDGE ( 'NONE', *, *, #4961, .F. ) ;
#5736 = CARTESIAN_POINT ( 'NONE',  ( 2.084999999999999964, 0.8150000000000123812, 3.384999999999999787 ) ) ;
#5737 = LINE ( 'NONE', #3430, #5104 ) ;
#5738 = LINE ( 'NONE', #5158, #1656 ) ;
#5739 = DIRECTION ( 'NONE',  ( 0.000000000000000000, 0.000000000000000000, 1.000000000000000000 ) ) ;
#5740 = ORIENTED_EDGE ( 'NONE', *, *, #1178, .T. ) ;
#5741 = VECTOR ( 'NONE', #3744, 1000.000000000000000 ) ;
#5742 = VERTEX_POINT ( 'NONE', #7105 ) ;
#5743 = VERTEX_POINT ( 'NONE', #525 ) ;
#5744 = CARTESIAN_POINT ( 'NONE',  ( -1.950000000000000400, 1.109999999999987663, -0.4250000000000000444 ) ) ;
#5745 = CARTESIAN_POINT ( 'NONE',  ( -2.449768264469166734, 0.2579400421529494669, 0.8450000000000003064 ) ) ;
#5746 = VECTOR ( 'NONE', #6394, 1000.000000000000000 ) ;
#5747 = LINE ( 'NONE', #1611, #6999 ) ;
#5748 = ADVANCED_FACE ( 'NONE', ( #1855 ), #606, .F. ) ;
#5749 = VECTOR ( 'NONE', #6525, 1000.000000000000000 ) ;
#5750 = CARTESIAN_POINT ( 'NONE',  ( -2.084999999999999964, 1.109999999999987663, 2.115000000000000657 ) ) ;
#5751 = EDGE_CURVE ( 'NONE', #158, #5820, #2460, .T. ) ;
#5752 = CARTESIAN_POINT ( 'NONE',  ( -2.454999999999975646, 0.3327573459224363317, -1.694999999999999840 ) ) ;
#5753 = VERTEX_POINT ( 'NONE', #4804 ) ;
#5754 = VERTEX_POINT ( 'NONE', #5215 ) ;
#5755 = DIRECTION ( 'NONE',  ( 0.000000000000000000, -1.000000000000000000, 0.000000000000000000 ) ) ;
#5756 = AXIS2_PLACEMENT_3D ( 'NONE', #2132, #899, #2026 ) ;
#5757 = ORIENTED_EDGE ( 'NONE', *, *, #5715, .T. ) ;
#5758 = DIRECTION ( 'NONE',  ( 0.9975640502598246417, -0.06975647374411851620, 0.000000000000000000 ) ) ;
#5759 = AXIS2_PLACEMENT_3D ( 'NONE', #1504, #1541, #7441 ) ;
#5760 = AXIS2_PLACEMENT_3D ( 'NONE', #4341, #3686, #3182 ) ;
#5761 = LINE ( 'NONE', #5107, #6615 ) ;
#5762 = DIRECTION ( 'NONE',  ( 8.993001040601393045E-16, 1.000000000000000000, -0.000000000000000000 ) ) ;
#5763 = VERTEX_POINT ( 'NONE', #6376 ) ;
#5764 = CARTESIAN_POINT ( 'NONE',  ( -2.434421840245462487, 0.03847595109581208178, 4.235000000000000320 ) ) ;
#5765 = DIRECTION ( 'NONE',  ( -0.000000000000000000, -0.000000000000000000, -1.000000000000000000 ) ) ;
#5766 = CARTESIAN_POINT ( 'NONE',  ( 2.159999999999999698, 0.3327573459224363317, 2.115000000000000657 ) ) ;
#5767 = EDGE_CURVE ( 'NONE', #3393, #6335, #4648, .T. ) ;
#5768 = DIRECTION ( 'NONE',  ( 0.9975640502598246417, 0.06975647374411851620, 0.000000000000000000 ) ) ;
#5769 = ADVANCED_FACE ( 'NONE', ( #2991 ), #6537, .F. ) ;
#5770 = VECTOR ( 'NONE', #2601, 1000.000000000000227 ) ;
#5771 = SURFACE_STYLE_USAGE ( .BOTH. , #4040 ) ;
#5772 = CARTESIAN_POINT ( 'NONE',  ( 2.454999999999975646, 0.3327573459224363317, -3.384999999999999787 ) ) ;
#5773 = ORIENTED_EDGE ( 'NONE', *, *, #5911, .F. ) ;
#5774 = DIRECTION ( 'NONE',  ( -0.000000000000000000, -0.000000000000000000, -1.000000000000000000 ) ) ;
#5775 = ORIENTED_EDGE ( 'NONE', *, *, #2977, .T. ) ;
#5777 = DIRECTION ( 'NONE',  ( -1.000000000000000000, 0.000000000000000000, 0.000000000000000000 ) ) ;
#5776 = CARTESIAN_POINT ( 'NONE',  ( 2.084999999999999964, 0.8900000000000122258, 2.115000000000000657 ) ) ;
#5778 = CARTESIAN_POINT ( 'NONE',  ( -3.000000000000000000, 0.2194640910571372949, -0.8450000000000003064 ) ) ;
#5779 = CARTESIAN_POINT ( 'NONE',  ( -2.159999999999999698, 0.3327573459224363317, -2.964999999999999858 ) ) ;
#5780 = LINE ( 'NONE', #7014, #3700 ) ;
#5781 = VECTOR ( 'NONE', #7354, 1000.000000000000000 ) ;
#5782 = ORIENTED_EDGE ( 'NONE', *, *, #2994, .F. ) ;
#5783 = ADVANCED_FACE ( 'NONE', ( #3606 ), #5954, .T. ) ;
#5784 = ORIENTED_EDGE ( 'NONE', *, *, #423, .F. ) ;
#5785 = VECTOR ( 'NONE', #7423, 1000.000000000000000 ) ;
#5786 = ORIENTED_EDGE ( 'NONE', *, *, #3139, .F. ) ;
#5787 = CARTESIAN_POINT ( 'NONE',  ( 2.449768264469166734, 0.2579400421529494669, 1.695000000000000284 ) ) ;
#5788 = AXIS2_PLACEMENT_3D ( 'NONE', #7455, #1221, #7027 ) ;
#5789 = CARTESIAN_POINT ( 'NONE',  ( -2.434421840245462487, 0.03847595109581208178, -1.694999999999999840 ) ) ;
#5790 = DIRECTION ( 'NONE',  ( 0.000000000000000000, 1.000000000000000000, 0.000000000000000000 ) ) ;
#5791 = VECTOR ( 'NONE', #2383, 1000.000000000000000 ) ;
#5792 = DIRECTION ( 'NONE',  ( -8.993001040601393045E-16, -1.000000000000000000, -0.000000000000000000 ) ) ;
#5793 = CARTESIAN_POINT ( 'NONE',  ( -2.449768264469166734, 0.2579400421529493004, 0.8450000000000003064 ) ) ;
#5794 = EDGE_LOOP ( 'NONE', ( #3794, #2074, #5649, #1334 ) ) ;
#5795 = ADVANCED_FACE ( 'NONE', ( #5258 ), #4146, .F. ) ;
#5796 = ORIENTED_EDGE ( 'NONE', *, *, #2248, .F. ) ;
#5797 = CARTESIAN_POINT ( 'NONE',  ( 2.984653575776294865, -3.794707603699265519E-16, 4.655000000000000249 ) ) ;
#5798 = EDGE_CURVE ( 'NONE', #7304, #524, #4069, .T. ) ;
#5799 = ORIENTED_EDGE ( 'NONE', *, *, #709, .T. ) ;
#5800 = FACE_OUTER_BOUND ( 'NONE', #2676, .T. ) ;
#5801 = CARTESIAN_POINT ( 'NONE',  ( 1.949999999999999956, 1.109999999999987663, 3.384999999999999787 ) ) ;
#5802 = EDGE_CURVE ( 'NONE', #91, #7072, #5025, .T. ) ;
#5803 = DIRECTION ( 'NONE',  ( -1.000000000000000000, 0.000000000000000000, 0.000000000000000000 ) ) ;
#5804 = CARTESIAN_POINT ( 'NONE',  ( 2.379999999999975913, 0.8150000000000123812, -2.115000000000000213 ) ) ;
#5805 = ORIENTED_EDGE ( 'NONE', *, *, #7406, .T. ) ;
#5806 = EDGE_CURVE ( 'NONE', #7311, #6767, #1389, .T. ) ;
#5807 = CARTESIAN_POINT ( 'NONE',  ( -2.084999999999999964, 0.8150000000000123812, -1.694999999999999840 ) ) ;
#5808 = LINE ( 'NONE', #4657, #2036 ) ;
#5809 = CARTESIAN_POINT ( 'NONE',  ( -2.449768264469166734, 0.2579400421529493004, -4.235000000000000320 ) ) ;
#5810 = CARTESIAN_POINT ( 'NONE',  ( -1.950000000000000400, 0.8900000000000123368, -2.964999999999999858 ) ) ;
#5811 = FACE_OUTER_BOUND ( 'NONE', #745, .T. ) ;
#5812 = ORIENTED_EDGE ( 'NONE', *, *, #84, .F. ) ;
#5813 =( NAMED_UNIT ( * ) SI_UNIT ( $, .STERADIAN. ) SOLID_ANGLE_UNIT ( ) );
#5814 = EDGE_CURVE ( 'NONE', #4647, #5451, #2608, .T. ) ;
#5815 = ORIENTED_EDGE ( 'NONE', *, *, #403, .F. ) ;
#5817 = CARTESIAN_POINT ( 'NONE',  ( -2.084999999999999964, 1.109999999999987663, 1.695000000000000284 ) ) ;
#5816 = LINE ( 'NONE', #543, #825 ) ;
#5818 = LINE ( 'NONE', #546, #4564 ) ;
#5819 = VECTOR ( 'NONE', #1001, 1000.000000000000000 ) ;
#5820 = VERTEX_POINT ( 'NONE', #6578 ) ;
#5821 = ORIENTED_EDGE ( 'NONE', *, *, #5147, .F. ) ;
#5822 = ORIENTED_EDGE ( 'NONE', *, *, #2170, .T. ) ;
#5823 = AXIS2_PLACEMENT_3D ( 'NONE', #1084, #4708, #4130 ) ;
#5824 = LINE ( 'NONE', #7543, #6359 ) ;
#5825 = CYLINDRICAL_SURFACE ( 'NONE', #4123, 0.2949999999999762812 ) ;
#5826 = EDGE_CURVE ( 'NONE', #605, #4371, #838, .T. ) ;
#5827 = CARTESIAN_POINT ( 'NONE',  ( 2.379999999999975913, 0.8150000000000123812, 2.115000000000000657 ) ) ;
#5828 = VECTOR ( 'NONE', #1220, 1000.000000000000000 ) ;
#5829 = AXIS2_PLACEMENT_3D ( 'NONE', #4507, #3848, #1555 ) ;
#5830 = FACE_OUTER_BOUND ( 'NONE', #301, .T. ) ;
#5831 = DIRECTION ( 'NONE',  ( 8.993001040601393045E-16, 1.000000000000000000, -0.000000000000000000 ) ) ;
#5832 = VERTEX_POINT ( 'NONE', #4913 ) ;
#5833 = ORIENTED_EDGE ( 'NONE', *, *, #3199, .F. ) ;
#5834 = PLANE ( 'NONE',  #2166 ) ;
#5835 = ORIENTED_EDGE ( 'NONE', *, *, #4392, .T. ) ;
#5836 = DIRECTION ( 'NONE',  ( 1.000000000000000000, 0.000000000000000000, 0.000000000000000000 ) ) ;
#5837 = VECTOR ( 'NONE', #7037, 1000.000000000000227 ) ;
#5838 = CARTESIAN_POINT ( 'NONE',  ( -2.084999999999999964, 1.109999999999987663, -2.964999999999999858 ) ) ;
#5839 = CIRCLE ( 'NONE', #809, 0.2949999999999756151 ) ;
#5840 = VECTOR ( 'NONE', #3353, 1000.000000000000114 ) ;
#5841 = DIRECTION ( 'NONE',  ( -0.000000000000000000, -0.000000000000000000, -1.000000000000000000 ) ) ;
#5842 = CIRCLE ( 'NONE', #3878, 0.07500000000000041356 ) ;
#5843 = ORIENTED_EDGE ( 'NONE', *, *, #4924, .F. ) ;
#5844 = FACE_OUTER_BOUND ( 'NONE', #843, .T. ) ;
#5845 = CARTESIAN_POINT ( 'NONE',  ( -2.984653575776294865, -3.794707603699265519E-16, 0.8450000000000003064 ) ) ;
#5846 = AXIS2_PLACEMENT_3D ( 'NONE', #2891, #6316, #2242 ) ;
#5847 = LINE ( 'NONE', #5228, #568 ) ;
#5848 = DIRECTION ( 'NONE',  ( -0.06975647374411853008, -0.9975640502598247528, 0.000000000000000000 ) ) ;
#5849 = EDGE_CURVE ( 'NONE', #878, #6481, #186, .T. ) ;
#5850 = EDGE_LOOP ( 'NONE', ( #5716, #702, #827, #2435 ) ) ;
#5851 = VECTOR ( 'NONE', #2889, 1000.000000000000000 ) ;
#5852 = CARTESIAN_POINT ( 'NONE',  ( -2.084999999999999964, 0.8150000000000123812, -0.8450000000000003064 ) ) ;
#5853 = EDGE_LOOP ( 'NONE', ( #7065, #1642, #4521, #2418 ) ) ;
#5854 = DIRECTION ( 'NONE',  ( -0.06975647374411914070, 0.9975640502598247528, 0.000000000000000000 ) ) ;
#5855 = ORIENTED_EDGE ( 'NONE', *, *, #2539, .T. ) ;
#5857 = DIRECTION ( 'NONE',  ( -0.000000000000000000, -0.000000000000000000, -1.000000000000000000 ) ) ;
#5856 = CARTESIAN_POINT ( 'NONE',  ( 1.949999999999999956, 0.8900000000000123368, 1.695000000000000284 ) ) ;
#5858 = DIRECTION ( 'NONE',  ( -1.000000000000000000, 0.000000000000000000, 0.000000000000000000 ) ) ;
#5859 = PRESENTATION_STYLE_ASSIGNMENT (( #7050 ) ) ;
#5860 = CARTESIAN_POINT ( 'NONE',  ( 2.449768264469166734, 0.2579400421529494669, 4.655000000000000249 ) ) ;
#5861 = ORIENTED_EDGE ( 'NONE', *, *, #6521, .F. ) ;
#5862 = ORIENTED_EDGE ( 'NONE', *, *, #5882, .T. ) ;
#5863 = CARTESIAN_POINT ( 'NONE',  ( -2.449768264469166734, 0.2579400421529494669, -2.964999999999999858 ) ) ;
#5864 = LINE ( 'NONE', #2902, #6455 ) ;
#5865 = LINE ( 'NONE', #1095, #366 ) ;
#5866 = EDGE_CURVE ( 'NONE', #6574, #3144, #112, .T. ) ;
#5867 = CARTESIAN_POINT ( 'NONE',  ( -2.379999999999975913, 0.8150000000000123812, 4.235000000000000320 ) ) ;
#5868 = DIRECTION ( 'NONE',  ( -0.000000000000000000, -1.000000000000000000, -0.000000000000000000 ) ) ;
#5869 = ORIENTED_EDGE ( 'NONE', *, *, #7085, .T. ) ;
#5870 = ORIENTED_EDGE ( 'NONE', *, *, #243, .F. ) ;
#5871 = CARTESIAN_POINT ( 'NONE',  ( -2.159999999999999698, 0.3327573459224363317, 2.115000000000000657 ) ) ;
#5872 = PRESENTATION_LAYER_ASSIGNMENT (  '', '', ( #1704 ) ) ;
#5873 = ORIENTED_EDGE ( 'NONE', *, *, #2984, .F. ) ;
#5874 = DIRECTION ( 'NONE',  ( 0.000000000000000000, 1.000000000000000000, 0.000000000000000000 ) ) ;
#5875 = AXIS2_PLACEMENT_3D ( 'NONE', #6255, #908, #6795 ) ;
#5876 = CARTESIAN_POINT ( 'NONE',  ( 2.454999999999975646, 0.3327573459224363317, 0.8450000000000003064 ) ) ;
#5877 = VECTOR ( 'NONE', #483, 1000.000000000000000 ) ;
#5878 = DIRECTION ( 'NONE',  ( 0.000000000000000000, 0.000000000000000000, 1.000000000000000000 ) ) ;
#5879 = CIRCLE ( 'NONE', #5756, 0.2949999999999756151 ) ;
#5880 =( NAMED_UNIT ( * ) SI_UNIT ( $, .STERADIAN. ) SOLID_ANGLE_UNIT ( ) );
#5881 = EDGE_LOOP ( 'NONE', ( #7367, #3660, #6384, #5323 ) ) ;
#5882 = EDGE_CURVE ( 'NONE', #6073, #2459, #6991, .T. ) ;
#5883 = CARTESIAN_POINT ( 'NONE',  ( -1.950000000000000400, 0.8900000000000123368, 2.964999999999999858 ) ) ;
#5884 = CARTESIAN_POINT ( 'NONE',  ( -2.084999999999999964, 0.8900000000000123368, -0.4250000000000000444 ) ) ;
#5885 = CARTESIAN_POINT ( 'NONE',  ( 2.454999999999975646, 0.3327573459224363317, -0.8450000000000003064 ) ) ;
#5886 = VECTOR ( 'NONE', #3915, 1000.000000000000000 ) ;
#5887 = DIRECTION ( 'NONE',  ( -0.000000000000000000, -0.000000000000000000, -1.000000000000000000 ) ) ;
#5888 = ORIENTED_EDGE ( 'NONE', *, *, #2172, .T. ) ;
#5889 = CARTESIAN_POINT ( 'NONE',  ( -2.084999999999999964, 0.8150000000000123812, -2.964999999999999858 ) ) ;
#5890 = VERTEX_POINT ( 'NONE', #4880 ) ;
#5891 = ORIENTED_EDGE ( 'NONE', *, *, #7196, .T. ) ;
#5892 = EDGE_CURVE ( 'NONE', #2225, #6059, #7148, .T. ) ;
#5894 = LINE ( 'NONE', #3225, #5136 ) ;
#5893 = CARTESIAN_POINT ( 'NONE',  ( 2.160000000000000142, 0.8150000000000123812, 0.4250000000000000444 ) ) ;
#5895 = EDGE_CURVE ( 'NONE', #7342, #2546, #6106, .T. ) ;
#5896 = CARTESIAN_POINT ( 'NONE',  ( -2.084999999999999964, 0.8150000000000123812, 0.8450000000000003064 ) ) ;
#5897 = VECTOR ( 'NONE', #3713, 1000.000000000000000 ) ;
#5898 = CARTESIAN_POINT ( 'NONE',  ( 2.454999999999975646, 0.3327573459224363317, 4.655000000000000249 ) ) ;
#5899 = ADVANCED_FACE ( 'NONE', ( #6617 ), #7258, .F. ) ;
#5900 = ORIENTED_EDGE ( 'NONE', *, *, #283, .F. ) ;
#5901 = VECTOR ( 'NONE', #2708, 1000.000000000000000 ) ;
#5902 = ORIENTED_EDGE ( 'NONE', *, *, #4148, .T. ) ;
#5903 = DIRECTION ( 'NONE',  ( -8.031127203596346379E-16, 1.000000000000000000, 0.000000000000000000 ) ) ;
#5904 = DIRECTION ( 'NONE',  ( -1.000000000000000000, 0.000000000000000000, 0.000000000000000000 ) ) ;
#5905 = LINE ( 'NONE', #5945, #5409 ) ;
#5906 = AXIS2_PLACEMENT_3D ( 'NONE', #4764, #7109, #2913 ) ;
#5907 = DIRECTION ( 'NONE',  ( 8.993001040601393045E-16, -1.000000000000000000, 0.000000000000000000 ) ) ;
#5908 = AXIS2_PLACEMENT_3D ( 'NONE', #6239, #2628, #4511 ) ;
#5909 = DIRECTION ( 'NONE',  ( -8.993001040601393045E-16, -1.000000000000000000, -0.000000000000000000 ) ) ;
#5910 = ORIENTED_EDGE ( 'NONE', *, *, #5169, .F. ) ;
#5911 = EDGE_CURVE ( 'NONE', #4203, #4025, #1087, .T. ) ;
#5912 = ORIENTED_EDGE ( 'NONE', *, *, #344, .T. ) ;
#5913 = LINE ( 'NONE', #6535, #5100 ) ;
#5914 = ORIENTED_EDGE ( 'NONE', *, *, #2374, .T. ) ;
#5915 = FACE_OUTER_BOUND ( 'NONE', #5021, .T. ) ;
#5916 = ADVANCED_FACE ( 'NONE', ( #5529 ), #3112, .T. ) ;
#5917 = LINE ( 'NONE', #3607, #3458 ) ;
#5918 = AXIS2_PLACEMENT_3D ( 'NONE', #2696, #892, #2093 ) ;
#5919 = CARTESIAN_POINT ( 'NONE',  ( 1.837150732346581883, 1.750000000000000000, -4.837150732346583659 ) ) ;
#5920 = CARTESIAN_POINT ( 'NONE',  ( -2.084999999999999964, 1.109999999999987663, -0.4250000000000000444 ) ) ;
#5921 = VERTEX_POINT ( 'NONE', #874 ) ;
#5922 = DIRECTION ( 'NONE',  ( -1.000000000000000000, 0.000000000000000000, 0.000000000000000000 ) ) ;
#5923 = CARTESIAN_POINT ( 'NONE',  ( 2.984653575776294865, -3.794707603699265519E-16, -4.235000000000000320 ) ) ;
#5924 = DIRECTION ( 'NONE',  ( -0.000000000000000000, -0.000000000000000000, -1.000000000000000000 ) ) ;
#5925 = CARTESIAN_POINT ( 'NONE',  ( 2.379999999999975913, 0.8150000000000123812, 4.655000000000000249 ) ) ;
#5926 = ADVANCED_FACE ( 'NONE', ( #6725 ), #6034, .F. ) ;
#5927 = CLOSED_SHELL ( 'NONE', ( #5240, #1994, #3722, #4107, #3978, #97, #5086, #4681, #1461, #3408, #2951, #803, #1598, #1267 ) ) ;
#5928 = ORIENTED_EDGE ( 'NONE', *, *, #2977, .F. ) ;
#5929 = CARTESIAN_POINT ( 'NONE',  ( 3.000000000000000000, 0.2194640910571372949, -0.4250000000000000444 ) ) ;
#5930 = ORIENTED_EDGE ( 'NONE', *, *, #5849, .F. ) ;
#5931 = AXIS2_PLACEMENT_3D ( 'NONE', #859, #3205, #7390 ) ;
#5932 = VERTEX_POINT ( 'NONE', #4951 ) ;
#5934 = DIRECTION ( 'NONE',  ( 0.000000000000000000, -0.000000000000000000, -1.000000000000000000 ) ) ;
#5933 = CARTESIAN_POINT ( 'NONE',  ( -2.434421840245462487, 0.03847595109581208178, -0.4250000000000000444 ) ) ;
#5935 = FILL_AREA_STYLE_COLOUR ( '', #1312 ) ;
#5936 = LINE ( 'NONE', #2485, #667 ) ;
#5937 = CARTESIAN_POINT ( 'NONE',  ( 1.949999999999999956, 0.8900000000000123368, 2.115000000000000657 ) ) ;
#5938 = EDGE_CURVE ( 'NONE', #7331, #3902, #7298, .T. ) ;
#5939 = STYLED_ITEM ( 'NONE', ( #459 ), #1397 ) ;
#5940 = EDGE_LOOP ( 'NONE', ( #6842, #6415, #3621, #4439 ) ) ;
#5941 = EDGE_LOOP ( 'NONE', ( #4309, #4938, #905, #5091, #5910, #3045, #6256, #4562, #3093, #2029, #4173, #6554 ) ) ;
#5942 = DIRECTION ( 'NONE',  ( 8.993001040601393045E-16, -1.000000000000000000, 0.000000000000000000 ) ) ;
#5943 = DIRECTION ( 'NONE',  ( 0.000000000000000000, 0.000000000000000000, 1.000000000000000000 ) ) ;
#5944 = CIRCLE ( 'NONE', #4846, 0.2949999999999762812 ) ;
#5945 = CARTESIAN_POINT ( 'NONE',  ( -2.449768264469166734, 0.2579400421529493004, -2.964999999999999858 ) ) ;
#5946 = ADVANCED_FACE ( 'NONE', ( #3795 ), #3218, .F. ) ;
#5947 = DIRECTION ( 'NONE',  ( 1.000000000000000000, 0.000000000000000000, 0.000000000000000000 ) ) ;
#5948 = AXIS2_PLACEMENT_3D ( 'NONE', #3668, #4829, #5320 ) ;
#5949 = CARTESIAN_POINT ( 'NONE',  ( 1.949999999999999956, 1.109999999999987663, 1.695000000000000284 ) ) ;
#5950 = VERTEX_POINT ( 'NONE', #7186 ) ;
#5951 = EDGE_LOOP ( 'NONE', ( #4533, #2835, #6773, #6786 ) ) ;
#5952 = DIRECTION ( 'NONE',  ( -0.9975640502598246417, -0.06975647374411912682, 0.000000000000000000 ) ) ;
#5953 = ORIENTED_EDGE ( 'NONE', *, *, #5139, .F. ) ;
#5954 = PLANE ( 'NONE',  #6140 ) ;
#5955 = LINE ( 'NONE', #5838, #5791 ) ;
#5956 = EDGE_CURVE ( 'NONE', #5454, #7072, #4227, .T. ) ;
#5957 = LINE ( 'NONE', #2310, #995 ) ;
#5958 = CARTESIAN_POINT ( 'NONE',  ( 2.084999999999999964, 0.8900000000000122258, 4.655000000000000249 ) ) ;
#5959 = EDGE_LOOP ( 'NONE', ( #7502, #2721, #4301, #2738 ) ) ;
#5960 = ORIENTED_EDGE ( 'NONE', *, *, #1096, .F. ) ;
#5961 = COLOUR_RGB ( '',0.7921568627450980005, 0.8196078431372548767, 0.9333333333333333481 ) ;
#5962 = DIRECTION ( 'NONE',  ( -0.000000000000000000, -0.000000000000000000, -1.000000000000000000 ) ) ;
#5963 = CARTESIAN_POINT ( 'NONE',  ( -2.160000000000000142, 0.8150000000000123812, 4.655000000000000249 ) ) ;
#5964 = DIRECTION ( 'NONE',  ( -0.000000000000000000, -0.000000000000000000, -1.000000000000000000 ) ) ;
#5965 = LINE ( 'NONE', #4819, #5053 ) ;
#5966 = AXIS2_PLACEMENT_3D ( 'NONE', #3803, #7267, #4850 ) ;
#5967 = ORIENTED_EDGE ( 'NONE', *, *, #2495, .F. ) ;
#5968 = CYLINDRICAL_SURFACE ( 'NONE', #759, 0.2949999999999756151 ) ;
#5969 = ORIENTED_EDGE ( 'NONE', *, *, #2744, .F. ) ;
#5970 = VECTOR ( 'NONE', #4603, 1000.000000000000000 ) ;
#5971 = VERTEX_POINT ( 'NONE', #153 ) ;
#5972 = VERTEX_POINT ( 'NONE', #2502 ) ;
#5974 = CARTESIAN_POINT ( 'NONE',  ( 3.000000000000000000, 0.2194640910571372949, -4.235000000000000320 ) ) ;
#5973 = DIRECTION ( 'NONE',  ( -0.000000000000000000, -0.000000000000000000, -1.000000000000000000 ) ) ;
#5975 = CARTESIAN_POINT ( 'NONE',  ( -1.950000000000000400, 0.8900000000000123368, 2.115000000000000657 ) ) ;
#5976 = DIRECTION ( 'NONE',  ( -0.000000000000000000, -0.000000000000000000, -1.000000000000000000 ) ) ;
#5977 = DIRECTION ( 'NONE',  ( 8.993001040601393045E-16, -1.000000000000000000, 0.000000000000000000 ) ) ;
#5978 =( GEOMETRIC_REPRESENTATION_CONTEXT ( 3 ) GLOBAL_UNCERTAINTY_ASSIGNED_CONTEXT ( ( #7215 ) ) GLOBAL_UNIT_ASSIGNED_CONTEXT ( ( #5592, #6827, #6138 ) ) REPRESENTATION_CONTEXT ( 'NONE', 'WORKASPACE' ) );
#5979 = VERTEX_POINT ( 'NONE', #4844 ) ;
#5980 = VERTEX_POINT ( 'NONE', #1929 ) ;
#5981 = DIRECTION ( 'NONE',  ( -0.06975647374411914070, 0.9975640502598247528, 0.000000000000000000 ) ) ;
#5982 = EDGE_CURVE ( 'NONE', #5244, #409, #1356, .T. ) ;
#5983 = VECTOR ( 'NONE', #4781, 1000.000000000000000 ) ;
#5984 = PLANE ( 'NONE',  #7198 ) ;
#5985 = LINE ( 'NONE', #3173, #3313 ) ;
#5986 = CARTESIAN_POINT ( 'NONE',  ( -2.084999999999999964, 0.8150000000000123812, -1.694999999999999840 ) ) ;
#5987 = CARTESIAN_POINT ( 'NONE',  ( 2.084999999999999964, 0.8150000000000123812, 0.4250000000000000444 ) ) ;
#5988 = ORIENTED_EDGE ( 'NONE', *, *, #1703, .T. ) ;
#5989 = ORIENTED_EDGE ( 'NONE', *, *, #3363, .F. ) ;
#5990 = LINE ( 'NONE', #1963, #1958 ) ;
#5991 = CIRCLE ( 'NONE', #338, 0.2949999999999762812 ) ;
#5992 = ORIENTED_EDGE ( 'NONE', *, *, #5715, .F. ) ;
#5993 = DIRECTION ( 'NONE',  ( 1.000000000000000000, 0.000000000000000000, 0.000000000000000000 ) ) ;
#5994 = EDGE_CURVE ( 'NONE', #1385, #2179, #5643, .T. ) ;
#5995 = EDGE_CURVE ( 'NONE', #6286, #1070, #1971, .T. ) ;
#5996 = PLANE ( 'NONE',  #634 ) ;
#5997 = EDGE_CURVE ( 'NONE', #6724, #7200, #3903, .T. ) ;
#5998 = CARTESIAN_POINT ( 'NONE',  ( -2.084999999999999964, 0.8150000000000123812, -4.235000000000000320 ) ) ;
#5999 = COLOUR_RGB ( '',0.7921568627450980005, 0.8196078431372548767, 0.9333333333333333481 ) ;
#6000 = CARTESIAN_POINT ( 'NONE',  ( 2.449768264469166734, 0.2579400421529494669, 0.8450000000000003064 ) ) ;
#6001 = ORIENTED_EDGE ( 'NONE', *, *, #2763, .T. ) ;
#6002 = LINE ( 'NONE', #3081, #2158 ) ;
#6003 = VECTOR ( 'NONE', #4135, 1000.000000000000114 ) ;
#6004 = DIRECTION ( 'NONE',  ( -1.000000000000000000, 0.000000000000000000, 0.000000000000000000 ) ) ;
#6005 = CYLINDRICAL_SURFACE ( 'NONE', #7081, 0.07499999999999998335 ) ;
#6006 = VECTOR ( 'NONE', #3641, 1000.000000000000000 ) ;
#6007 = CARTESIAN_POINT ( 'NONE',  ( -2.379999999999975469, 0.3327573459224363317, 0.8450000000000003064 ) ) ;
#6008 = AXIS2_PLACEMENT_3D ( 'NONE', #3786, #2705, #3317 ) ;
#6009 = VERTEX_POINT ( 'NONE', #2216 ) ;
#6010 = DIRECTION ( 'NONE',  ( -8.031127203596346379E-16, 1.000000000000000000, 0.000000000000000000 ) ) ;
#6011 = ORIENTED_EDGE ( 'NONE', *, *, #5178, .T. ) ;
#6012 = CARTESIAN_POINT ( 'NONE',  ( 2.434421840245462487, 0.03847595109581208178, -2.964999999999999858 ) ) ;
#6013 = ORIENTED_EDGE ( 'NONE', *, *, #858, .F. ) ;
#6014 = EDGE_CURVE ( 'NONE', #6969, #909, #1057, .T. ) ;
#6015 = VERTEX_POINT ( 'NONE', #1020 ) ;
#6016 = CARTESIAN_POINT ( 'NONE',  ( 2.379999999999975469, 0.3327573459224363317, 2.964999999999999858 ) ) ;
#6017 = VECTOR ( 'NONE', #4376, 1000.000000000000000 ) ;
#6018 = FILL_AREA_STYLE ('',( #7206 ) ) ;
#6019 = DIRECTION ( 'NONE',  ( 1.000000000000000000, -8.031127203596320741E-16, -0.000000000000000000 ) ) ;
#6020 = EDGE_CURVE ( 'NONE', #1162, #861, #6763, .T. ) ;
#6021 = DIRECTION ( 'NONE',  ( -1.000000000000000000, 0.000000000000000000, 0.000000000000000000 ) ) ;
#6022 = VECTOR ( 'NONE', #3287, 1000.000000000000000 ) ;
#6023 = ORIENTED_EDGE ( 'NONE', *, *, #870, .F. ) ;
#6024 = ORIENTED_EDGE ( 'NONE', *, *, #2004, .F. ) ;
#6025 = FACE_OUTER_BOUND ( 'NONE', #4285, .T. ) ;
#6026 = AXIS2_PLACEMENT_3D ( 'NONE', #1180, #1769, #518 ) ;
#6027 = LINE ( 'NONE', #4295, #3082 ) ;
#6028 = ADVANCED_FACE ( 'NONE', ( #1609 ), #2714, .F. ) ;
#6029 = PLANE ( 'NONE',  #2926 ) ;
#6030 = ORIENTED_EDGE ( 'NONE', *, *, #2072, .T. ) ;
#6031 = EDGE_LOOP ( 'NONE', ( #5855, #5821, #4610, #4614 ) ) ;
#6032 = FACE_OUTER_BOUND ( 'NONE', #3350, .T. ) ;
#6033 = ORIENTED_EDGE ( 'NONE', *, *, #2847, .T. ) ;
#6034 = PLANE ( 'NONE',  #2082 ) ;
#6035 = CARTESIAN_POINT ( 'NONE',  ( 2.984653575776294865, -3.794707603699265519E-16, 4.655000000000000249 ) ) ;
#6036 = VECTOR ( 'NONE', #6560, 1000.000000000000114 ) ;
#6037 = DIRECTION ( 'NONE',  ( 1.000000000000000000, -8.031127203596320741E-16, -0.000000000000000000 ) ) ;
#6038 = EDGE_CURVE ( 'NONE', #6313, #5742, #1537, .T. ) ;
#6039 = ADVANCED_FACE ( 'NONE', ( #6835 ), #371, .F. ) ;
#6040 = CARTESIAN_POINT ( 'NONE',  ( -2.084999999999999964, 0.8900000000000122258, -0.4250000000000000444 ) ) ;
#6041 = ORIENTED_EDGE ( 'NONE', *, *, #6151, .F. ) ;
#6042 = DIRECTION ( 'NONE',  ( -1.000000000000000000, 0.000000000000000000, 0.000000000000000000 ) ) ;
#6043 = CIRCLE ( 'NONE', #7017, 0.07500000000000041356 ) ;
#6044 = EDGE_CURVE ( 'NONE', #2724, #3393, #4416, .T. ) ;
#6045 = AXIS2_PLACEMENT_3D ( 'NONE', #1939, #78, #2432 ) ;
#6046 = LINE ( 'NONE', #3729, #5165 ) ;
#6047 = VERTEX_POINT ( 'NONE', #4525 ) ;
#6048 = EDGE_CURVE ( 'NONE', #1440, #7531, #441, .T. ) ;
#6049 = LINE ( 'NONE', #4927, #3608 ) ;
#6050 = EDGE_LOOP ( 'NONE', ( #4004, #250, #7181, #342 ) ) ;
#6051 = DIRECTION ( 'NONE',  ( 0.9975640502598245307, 0.06975647374412144441, -0.000000000000000000 ) ) ;
#6052 = ORIENTED_EDGE ( 'NONE', *, *, #4937, .T. ) ;
#6053 = EDGE_LOOP ( 'NONE', ( #5587, #7213, #6204, #4121 ) ) ;
#6054 = LINE ( 'NONE', #853, #2299 ) ;
#6055 = LINE ( 'NONE', #6558, #6216 ) ;
#6056 = LINE ( 'NONE', #4288, #2871 ) ;
#6057 = DIRECTION ( 'NONE',  ( 0.06975647374412144441, -0.9975640502598245307, 0.000000000000000000 ) ) ;
#6058 = EDGE_CURVE ( 'NONE', #993, #1204, #1574, .T. ) ;
#6059 = VERTEX_POINT ( 'NONE', #5024 ) ;
#6060 = ORIENTED_EDGE ( 'NONE', *, *, #4713, .T. ) ;
#6061 = DIRECTION ( 'NONE',  ( -1.000000000000000000, 0.000000000000000000, 0.000000000000000000 ) ) ;
#6062 = LINE ( 'NONE', #3746, #7069 ) ;
#6063 = LINE ( 'NONE', #4873, #4306 ) ;
#6064 = DIRECTION ( 'NONE',  ( 0.000000000000000000, -0.000000000000000000, -1.000000000000000000 ) ) ;
#6065 = ORIENTED_EDGE ( 'NONE', *, *, #3064, .F. ) ;
#6066 = VERTEX_POINT ( 'NONE', #2782 ) ;
#6067 = AXIS2_PLACEMENT_3D ( 'NONE', #5655, #2267, #4613 ) ;
#6068 = DIRECTION ( 'NONE',  ( -0.000000000000000000, -0.000000000000000000, -1.000000000000000000 ) ) ;
#6069 = ORIENTED_EDGE ( 'NONE', *, *, #4262, .T. ) ;
#6070 = DIRECTION ( 'NONE',  ( -1.000000000000000000, 0.000000000000000000, 0.000000000000000000 ) ) ;
#6071 = PLANE ( 'NONE',  #4447 ) ;
#6072 = FACE_OUTER_BOUND ( 'NONE', #896, .T. ) ;
#6073 = VERTEX_POINT ( 'NONE', #5128 ) ;
#6074 = VERTEX_POINT ( 'NONE', #6218 ) ;
#6075 = CARTESIAN_POINT ( 'NONE',  ( 2.379999999999975469, 0.3327573459224363317, -4.655000000000000249 ) ) ;
#6076 = LINE ( 'NONE', #1395, #7059 ) ;
#6077 = EDGE_CURVE ( 'NONE', #6938, #7579, #7361, .T. ) ;
#6078 = LINE ( 'NONE', #7197, #1753 ) ;
#6079 = VERTEX_POINT ( 'NONE', #3327 ) ;
#6080 = AXIS2_PLACEMENT_3D ( 'NONE', #6164, #7312, #3922 ) ;
#6081 = DIRECTION ( 'NONE',  ( 1.000000000000000000, 0.000000000000000000, 0.000000000000000000 ) ) ;
#6082 = ORIENTED_EDGE ( 'NONE', *, *, #6675, .F. ) ;
#6083 = PLANE ( 'NONE',  #4772 ) ;
#6084 = VERTEX_POINT ( 'NONE', #333 ) ;
#6085 = DIRECTION ( 'NONE',  ( -1.000000000000000000, 0.000000000000000000, 0.000000000000000000 ) ) ;
#6086 = DIRECTION ( 'NONE',  ( -8.993001040601393045E-16, -1.000000000000000000, 0.000000000000000000 ) ) ;
#6087 = CARTESIAN_POINT ( 'NONE',  ( -2.449768264469166734, 0.2579400421529494669, 4.655000000000000249 ) ) ;
#6088 = EDGE_CURVE ( 'NONE', #6640, #6997, #6183, .T. ) ;
#6089 = CARTESIAN_POINT ( 'NONE',  ( 2.159999999999999698, 0.3327573459224363317, 0.8450000000000003064 ) ) ;
#6090 = MECHANICAL_DESIGN_GEOMETRIC_PRESENTATION_REPRESENTATION (  '', ( #3904 ), #5219 ) ;
#6091 = AXIS2_PLACEMENT_3D ( 'NONE', #6606, #5486, #7216 ) ;
#6092 = ORIENTED_EDGE ( 'NONE', *, *, #7509, .T. ) ;
#6093 = CIRCLE ( 'NONE', #6830, 0.2949999999999756151 ) ;
#6094 = ORIENTED_EDGE ( 'NONE', *, *, #3748, .T. ) ;
#6095 = CARTESIAN_POINT ( 'NONE',  ( -1.950000000000000400, 0.8900000000000123368, 4.655000000000000249 ) ) ;
#6096 = DIRECTION ( 'NONE',  ( 8.031127203596320741E-16, 1.000000000000000000, -0.000000000000000000 ) ) ;
#6097 = VECTOR ( 'NONE', #6328, 1000.000000000000000 ) ;
#6098 = VECTOR ( 'NONE', #6972, 1000.000000000000000 ) ;
#6099 = DIRECTION ( 'NONE',  ( 0.000000000000000000, 1.000000000000000000, 0.000000000000000000 ) ) ;
#6100 = FACE_OUTER_BOUND ( 'NONE', #5853, .T. ) ;
#6101 = AXIS2_PLACEMENT_3D ( 'NONE', #6425, #1115, #4658 ) ;
#6102 = VERTEX_POINT ( 'NONE', #405 ) ;
#6103 = VERTEX_POINT ( 'NONE', #3250 ) ;
#6104 = CARTESIAN_POINT ( 'NONE',  ( -1.950000000000000400, 1.109999999999987663, -2.964999999999999858 ) ) ;
#6105 = ORIENTED_EDGE ( 'NONE', *, *, #3640, .T. ) ;
#6106 = LINE ( 'NONE', #6146, #5522 ) ;
#6107 = EDGE_CURVE ( 'NONE', #1376, #5386, #2677, .T. ) ;
#6108 = DIRECTION ( 'NONE',  ( 0.000000000000000000, 0.000000000000000000, 1.000000000000000000 ) ) ;
#6109 = ADVANCED_FACE ( 'NONE', ( #5060 ), #7402, .F. ) ;
#6110 = DIRECTION ( 'NONE',  ( -0.000000000000000000, -0.000000000000000000, -1.000000000000000000 ) ) ;
#6111 = ORIENTED_EDGE ( 'NONE', *, *, #5329, .T. ) ;
#6112 = EDGE_LOOP ( 'NONE', ( #2194, #1792, #4947, #5047, #370, #446, #4984, #1029, #6413, #3994, #1285, #163 ) ) ;
#6113 = CARTESIAN_POINT ( 'NONE',  ( -3.000000000000000000, 0.2194640910571372949, -4.655000000000000249 ) ) ;
#6114 = DIRECTION ( 'NONE',  ( -0.000000000000000000, -0.000000000000000000, -1.000000000000000000 ) ) ;
#6115 =( NAMED_UNIT ( * ) SI_UNIT ( $, .STERADIAN. ) SOLID_ANGLE_UNIT ( ) );
#6116 = PLANE ( 'NONE',  #1880 ) ;
#6117 = EDGE_CURVE ( 'NONE', #6103, #641, #5206, .T. ) ;
#6118 = EDGE_LOOP ( 'NONE', ( #4909, #3840, #5969, #126 ) ) ;
#6119 = EDGE_CURVE ( 'NONE', #2505, #4531, #1215, .T. ) ;
#6120 = LINE ( 'NONE', #4963, #6568 ) ;
#6121 = ORIENTED_EDGE ( 'NONE', *, *, #6669, .T. ) ;
#6122 = DIRECTION ( 'NONE',  ( -0.000000000000000000, -1.000000000000000000, -0.000000000000000000 ) ) ;
#6123 = EDGE_LOOP ( 'NONE', ( #3434, #361, #2804, #2668 ) ) ;
#6124 = LINE ( 'NONE', #3200, #7560 ) ;
#6125 = STYLED_ITEM ( 'NONE', ( #7346 ), #3862 ) ;
#6126 = CARTESIAN_POINT ( 'NONE',  ( -1.950000000000000400, 1.109999999999987663, 2.964999999999999858 ) ) ;
#6127 = PLANE ( 'NONE',  #5168 ) ;
#6128 = VECTOR ( 'NONE', #6440, 1000.000000000000227 ) ;
#6129 = DIRECTION ( 'NONE',  ( -1.000000000000000000, 0.000000000000000000, 0.000000000000000000 ) ) ;
#6130 = DIRECTION ( 'NONE',  ( 1.000000000000000000, 0.000000000000000000, 0.000000000000000000 ) ) ;
#6131 = VERTEX_POINT ( 'NONE', #2295 ) ;
#6132 = ADVANCED_FACE ( 'NONE', ( #4637 ), #6982, .F. ) ;
#6133 = EDGE_CURVE ( 'NONE', #909, #3159, #931, .T. ) ;
#6134 = VECTOR ( 'NONE', #5318, 1000.000000000000000 ) ;
#6135 = VERTEX_POINT ( 'NONE', #5247 ) ;
#6136 = CARTESIAN_POINT ( 'NONE',  ( -2.449768264469166734, 0.2579400421529494669, 3.384999999999999787 ) ) ;
#6137 = CIRCLE ( 'NONE', #2802, 0.07500000000000041356 ) ;
#6138 =( NAMED_UNIT ( * ) SI_UNIT ( $, .STERADIAN. ) SOLID_ANGLE_UNIT ( ) );
#6139 = DIRECTION ( 'NONE',  ( -1.000000000000000000, 0.000000000000000000, 0.000000000000000000 ) ) ;
#6140 = AXIS2_PLACEMENT_3D ( 'NONE', #4026, #1106, #1814 ) ;
#6141 = CARTESIAN_POINT ( 'NONE',  ( 2.984653575776294865, -3.794707603699265519E-16, -0.8450000000000003064 ) ) ;
#6142 = ORIENTED_EDGE ( 'NONE', *, *, #434, .T. ) ;
#6143 = EDGE_LOOP ( 'NONE', ( #214, #2130, #1173, #4826 ) ) ;
#6144 = DIRECTION ( 'NONE',  ( 0.000000000000000000, 1.000000000000000000, 0.000000000000000000 ) ) ;
#6145 = ORIENTED_EDGE ( 'NONE', *, *, #4867, .T. ) ;
#6146 = CARTESIAN_POINT ( 'NONE',  ( 2.084999999999999964, 0.8900000000000122258, -4.235000000000000320 ) ) ;
#6147 = DIRECTION ( 'NONE',  ( -0.000000000000000000, -0.000000000000000000, -1.000000000000000000 ) ) ;
#6148 = AXIS2_PLACEMENT_3D ( 'NONE', #5827, #4680, #6716 ) ;
#6149 = ADVANCED_FACE ( 'NONE', ( #5288 ), #5825, .T. ) ;
#6150 = DIRECTION ( 'NONE',  ( -0.000000000000000000, -0.000000000000000000, -1.000000000000000000 ) ) ;
#6151 = EDGE_CURVE ( 'NONE', #4406, #3286, #5864, .T. ) ;
#6152 = ORIENTED_EDGE ( 'NONE', *, *, #1777, .T. ) ;
#6153 = EDGE_CURVE ( 'NONE', #6246, #6473, #6941, .T. ) ;
#6154 = ORIENTED_EDGE ( 'NONE', *, *, #6750, .T. ) ;
#6155 = CARTESIAN_POINT ( 'NONE',  ( -2.160000000000000142, 0.8150000000000123812, 2.115000000000000657 ) ) ;
#6156 = FACE_OUTER_BOUND ( 'NONE', #493, .T. ) ;
#6157 = DIRECTION ( 'NONE',  ( 1.000000000000000000, 0.000000000000000000, 0.000000000000000000 ) ) ;
#6158 = AXIS2_PLACEMENT_3D ( 'NONE', #5322, #512, #1172 ) ;
#6159 = EDGE_LOOP ( 'NONE', ( #1409, #4457, #294, #4172 ) ) ;
#6160 = DIRECTION ( 'NONE',  ( -0.000000000000000000, -0.000000000000000000, -1.000000000000000000 ) ) ;
#6161 = ORIENTED_EDGE ( 'NONE', *, *, #5058, .T. ) ;
#6162 = FACE_OUTER_BOUND ( 'NONE', #7514, .T. ) ;
#6163 = AXIS2_PLACEMENT_3D ( 'NONE', #41, #3001, #5349 ) ;
#6164 = CARTESIAN_POINT ( 'NONE',  ( -2.084999999999999964, 0.8900000000000122258, 0.8450000000000003064 ) ) ;
#6165 = DIRECTION ( 'NONE',  ( 0.000000000000000000, 0.000000000000000000, 1.000000000000000000 ) ) ;
#6166 = CYLINDRICAL_SURFACE ( 'NONE', #5918, 0.2949999999999762812 ) ;
#6167 = EDGE_CURVE ( 'NONE', #4704, #1772, #1177, .T. ) ;
#6168 = ADVANCED_FACE ( 'NONE', ( #3520 ), #2371, .T. ) ;
#6169 = FACE_OUTER_BOUND ( 'NONE', #427, .T. ) ;
#6170 = AXIS2_PLACEMENT_3D ( 'NONE', #3030, #4763, #6498 ) ;
#6171 = DIRECTION ( 'NONE',  ( 8.031127203596320741E-16, 1.000000000000000000, -0.000000000000000000 ) ) ;
#6172 = VERTEX_POINT ( 'NONE', #4175 ) ;
#6173 = ORIENTED_EDGE ( 'NONE', *, *, #6223, .F. ) ;
#6174 = LINE ( 'NONE', #5050, #2446 ) ;
#6175 = DIRECTION ( 'NONE',  ( -1.000000000000000000, -8.993001040601393045E-16, 0.000000000000000000 ) ) ;
#6176 = ADVANCED_FACE ( 'NONE', ( #6407 ), #594, .F. ) ;
#6177 = LINE ( 'NONE', #981, #1107 ) ;
#6178 = FACE_OUTER_BOUND ( 'NONE', #5638, .T. ) ;
#6179 = VERTEX_POINT ( 'NONE', #6441 ) ;
#6180 = ORIENTED_EDGE ( 'NONE', *, *, #450, .T. ) ;
#6181 = DIRECTION ( 'NONE',  ( -0.000000000000000000, -0.000000000000000000, -1.000000000000000000 ) ) ;
#6182 = ORIENTED_EDGE ( 'NONE', *, *, #6014, .T. ) ;
#6183 = LINE ( 'NONE', #1644, #1094 ) ;
#6184 = LINE ( 'NONE', #951, #2942 ) ;
#6185 = EDGE_CURVE ( 'NONE', #2459, #1867, #4057, .T. ) ;
#6186 = DIRECTION ( 'NONE',  ( -0.9975640502598245307, 0.06975647374412144441, 0.000000000000000000 ) ) ;
#6187 = COLOUR_RGB ( '',0.7921568627450980005, 0.8196078431372548767, 0.9333333333333333481 ) ;
#6188 = EDGE_LOOP ( 'NONE', ( #848, #1652, #3801, #129 ) ) ;
#6189 = ORIENTED_EDGE ( 'NONE', *, *, #3032, .T. ) ;
#6190 = DIRECTION ( 'NONE',  ( 0.000000000000000000, 0.000000000000000000, 1.000000000000000000 ) ) ;
#6191 = ORIENTED_EDGE ( 'NONE', *, *, #5366, .T. ) ;
#6192 = DIRECTION ( 'NONE',  ( -0.000000000000000000, -0.000000000000000000, -1.000000000000000000 ) ) ;
#6193 = ADVANCED_FACE ( 'NONE', ( #2940 ), #22, .T. ) ;
#6194 = VERTEX_POINT ( 'NONE', #6364 ) ;
#6195 = LINE ( 'NONE', #926, #4473 ) ;
#6196 = ORIENTED_EDGE ( 'NONE', *, *, #7260, .F. ) ;
#6197 = PRESENTATION_LAYER_ASSIGNMENT (  '', '', ( #2146 ) ) ;
#6198 = PLANE ( 'NONE',  #4978 ) ;
#6199 = LINE ( 'NONE', #5001, #190 ) ;
#6200 = DIRECTION ( 'NONE',  ( -8.993001040601393045E-16, 1.000000000000000000, 0.000000000000000000 ) ) ;
#6201 = CARTESIAN_POINT ( 'NONE',  ( -2.084999999999999964, 0.8150000000000123812, 4.235000000000000320 ) ) ;
#6202 = DIRECTION ( 'NONE',  ( -0.000000000000000000, -0.000000000000000000, -1.000000000000000000 ) ) ;
#6203 = FACE_OUTER_BOUND ( 'NONE', #2501, .T. ) ;
#6204 = ORIENTED_EDGE ( 'NONE', *, *, #912, .T. ) ;
#6205 = ORIENTED_EDGE ( 'NONE', *, *, #712, .F. ) ;
#6206 = LINE ( 'NONE', #4440, #1967 ) ;
#6207 = VECTOR ( 'NONE', #75, 1000.000000000000000 ) ;
#6208 = AXIS2_PLACEMENT_3D ( 'NONE', #772, #1317, #3654 ) ;
#6209 = DIRECTION ( 'NONE',  ( 0.000000000000000000, 0.000000000000000000, 1.000000000000000000 ) ) ;
#6210 = AXIS2_PLACEMENT_3D ( 'NONE', #4259, #6096, #6715 ) ;
#6211 = CIRCLE ( 'NONE', #1434, 0.07499999999999998335 ) ;
#6212 = CARTESIAN_POINT ( 'NONE',  ( -3.000000000000000000, 0.2194640910571372949, -4.655000000000000249 ) ) ;
#6213 = VERTEX_POINT ( 'NONE', #2858 ) ;
#6214 = EDGE_LOOP ( 'NONE', ( #5357, #7529, #3249, #5862, #5200, #1810, #4950, #6503, #1437, #4775, #2561, #5646 ) ) ;
#6215 = DIRECTION ( 'NONE',  ( 1.000000000000000000, 0.000000000000000000, 0.000000000000000000 ) ) ;
#6216 = VECTOR ( 'NONE', #1947, 1000.000000000000227 ) ;
#6217 = EDGE_LOOP ( 'NONE', ( #697, #1926, #5928, #5031 ) ) ;
#6218 = CARTESIAN_POINT ( 'NONE',  ( -1.950000000000000400, 0.8900000000000123368, 0.4250000000000000444 ) ) ;
#6219 = CARTESIAN_POINT ( 'NONE',  ( 1.949999999999999956, 1.109999999999987663, -0.8450000000000003064 ) ) ;
#6220 = VECTOR ( 'NONE', #6635, 1000.000000000000000 ) ;
#6221 = DIRECTION ( 'NONE',  ( 0.000000000000000000, 0.000000000000000000, 1.000000000000000000 ) ) ;
#6222 = ORIENTED_EDGE ( 'NONE', *, *, #6658, .T. ) ;
#6223 = EDGE_CURVE ( 'NONE', #1345, #5189, #636, .T. ) ;
#6224 = ORIENTED_EDGE ( 'NONE', *, *, #7495, .F. ) ;
#6225 = CARTESIAN_POINT ( 'NONE',  ( -1.950000000000000400, 0.8900000000000123368, 4.949999999999999289 ) ) ;
#6226 = EDGE_CURVE ( 'NONE', #2222, #2780, #2982, .T. ) ;
#6227 = ORIENTED_EDGE ( 'NONE', *, *, #5184, .T. ) ;
#6228 = LINE ( 'NONE', #3951, #4171 ) ;
#6229 = VECTOR ( 'NONE', #4827, 1000.000000000000000 ) ;
#6230 = EDGE_CURVE ( 'NONE', #3326, #1976, #4753, .T. ) ;
#6231 = LINE ( 'NONE', #6848, #1951 ) ;
#6232 = CARTESIAN_POINT ( 'NONE',  ( 2.454999999999975646, 0.3327573459224363317, 4.655000000000000249 ) ) ;
#6233 = VERTEX_POINT ( 'NONE', #6527 ) ;
#6234 =( NAMED_UNIT ( * ) SI_UNIT ( $, .STERADIAN. ) SOLID_ANGLE_UNIT ( ) );
#6235 = DIRECTION ( 'NONE',  ( -8.993001040601393045E-16, -1.000000000000000000, 0.000000000000000000 ) ) ;
#6236 = AXIS2_PLACEMENT_3D ( 'NONE', #7483, #5142, #3338 ) ;
#6237 = DIRECTION ( 'NONE',  ( 0.000000000000000000, 0.000000000000000000, 1.000000000000000000 ) ) ;
#6238 = DIRECTION ( 'NONE',  ( -0.000000000000000000, -0.000000000000000000, -1.000000000000000000 ) ) ;
#6239 = CARTESIAN_POINT ( 'NONE',  ( 2.454999999999975646, 0.3327573459224363317, 2.964999999999999858 ) ) ;
#6240 = SURFACE_STYLE_FILL_AREA ( #4512 ) ;
#6241 = CARTESIAN_POINT ( 'NONE',  ( -2.449768264469166734, 0.2579400421529493004, 4.655000000000000249 ) ) ;
#6242 = ORIENTED_EDGE ( 'NONE', *, *, #5689, .F. ) ;
#6243 = EDGE_CURVE ( 'NONE', #2247, #1188, #2819, .T. ) ;
#6244 = VECTOR ( 'NONE', #6719, 1000.000000000000114 ) ;
#6245 = EDGE_CURVE ( 'NONE', #5494, #18, #6709, .T. ) ;
#6246 = VERTEX_POINT ( 'NONE', #4330 ) ;
#6247 = DIRECTION ( 'NONE',  ( 0.000000000000000000, -0.000000000000000000, -1.000000000000000000 ) ) ;
#6248 = VECTOR ( 'NONE', #7581, 1000.000000000000227 ) ;
#6249 = LINE ( 'NONE', #6860, #70 ) ;
#6250 = CARTESIAN_POINT ( 'NONE',  ( -1.050000000000000266, 1.750000000000000000, -4.325000000000002842 ) ) ;
#6251 = AXIS2_PLACEMENT_3D ( 'NONE', #5752, #4606, #4571 ) ;
#6252 = VECTOR ( 'NONE', #1715, 1000.000000000000000 ) ;
#6253 = ORIENTED_EDGE ( 'NONE', *, *, #2946, .T. ) ;
#6254 = EDGE_LOOP ( 'NONE', ( #7204, #122, #3278, #504 ) ) ;
#6255 = CARTESIAN_POINT ( 'NONE',  ( -2.159999999999999698, 0.3327573459224363317, 0.8450000000000003064 ) ) ;
#6256 = ORIENTED_EDGE ( 'NONE', *, *, #5367, .F. ) ;
#6257 = CARTESIAN_POINT ( 'NONE',  ( 3.000000000000000000, 0.2194640910571372949, -4.235000000000000320 ) ) ;
#6258 = EDGE_CURVE ( 'NONE', #2331, #2184, #3019, .T. ) ;
#6259 = AXIS2_PLACEMENT_3D ( 'NONE', #4409, #2144, #480 ) ;
#6260 = DIRECTION ( 'NONE',  ( -0.000000000000000000, -0.000000000000000000, -1.000000000000000000 ) ) ;
#6261 = ADVANCED_FACE ( 'NONE', ( #3060 ), #2563, .F. ) ;
#6262 = CARTESIAN_POINT ( 'NONE',  ( 2.379999999999975913, 0.8150000000000123812, -2.115000000000000213 ) ) ;
#6263 = ORIENTED_EDGE ( 'NONE', *, *, #6380, .T. ) ;
#6264 = ORIENTED_EDGE ( 'NONE', *, *, #7023, .T. ) ;
#6265 = CARTESIAN_POINT ( 'NONE',  ( 2.379999999999975913, 0.8150000000000123812, -0.8450000000000003064 ) ) ;
#6266 = ORIENTED_EDGE ( 'NONE', *, *, #712, .T. ) ;
#6267 = CARTESIAN_POINT ( 'NONE',  ( 1.837150732346581883, 0.2500000000000000000, -4.837150732346583659 ) ) ;
#6268 = VECTOR ( 'NONE', #2111, 1000.000000000000114 ) ;
#6269 = CARTESIAN_POINT ( 'NONE',  ( -2.084999999999999964, 0.8900000000000122258, 3.384999999999999787 ) ) ;
#6270 = VECTOR ( 'NONE', #5555, 1000.000000000000000 ) ;
#6271 = MANIFOLD_SOLID_BREP ( 'LPattern1[3]', #4029 ) ;
#6272 = ORIENTED_EDGE ( 'NONE', *, *, #7226, .T. ) ;
#6273 = DIRECTION ( 'NONE',  ( 0.06975647374412144441, -0.9975640502598245307, 0.000000000000000000 ) ) ;
#6274 = LINE ( 'NONE', #5766, #2294 ) ;
#6275 = LINE ( 'NONE', #2165, #5544 ) ;
#6276 = VECTOR ( 'NONE', #6037, 1000.000000000000000 ) ;
#6277 = EDGE_CURVE ( 'NONE', #6533, #3255, #830, .T. ) ;
#6278 = AXIS2_PLACEMENT_3D ( 'NONE', #3236, #2019, #5663 ) ;
#6279 = DIRECTION ( 'NONE',  ( -1.000000000000000000, 0.000000000000000000, 0.000000000000000000 ) ) ;
#6280 = ORIENTED_EDGE ( 'NONE', *, *, #1052, .T. ) ;
#6281 = VERTEX_POINT ( 'NONE', #1955 ) ;
#6282 = FACE_OUTER_BOUND ( 'NONE', #6372, .T. ) ;
#6283 = CARTESIAN_POINT ( 'NONE',  ( 2.379999999999975913, 0.8150000000000123812, -2.964999999999999858 ) ) ;
#6284 = AXIS2_PLACEMENT_3D ( 'NONE', #5340, #1857, #7033 ) ;
#6285 = DIRECTION ( 'NONE',  ( -0.000000000000000000, -0.000000000000000000, -1.000000000000000000 ) ) ;
#6286 = VERTEX_POINT ( 'NONE', #94 ) ;
#6287 = ORIENTED_EDGE ( 'NONE', *, *, #334, .T. ) ;
#6288 = CARTESIAN_POINT ( 'NONE',  ( -2.434421840245462487, 0.03847595109581208178, -4.655000000000000249 ) ) ;
#6289 = CARTESIAN_POINT ( 'NONE',  ( -2.084999999999999964, 0.8900000000000122258, -3.384999999999999787 ) ) ;
#6290 = CARTESIAN_POINT ( 'NONE',  ( -1.050000000000000266, 1.750000000000000000, -4.325000000000002842 ) ) ;
#6291 = CLOSED_SHELL ( 'NONE', ( #1372, #3880, #4479, #3077, #3702, #1418, #5017, #2904, #5321, #4632, #3390, #3831, #2404, #3288 ) ) ;
#6292 = EDGE_CURVE ( 'NONE', #1867, #6674, #791, .T. ) ;
#6293 = CARTESIAN_POINT ( 'NONE',  ( 2.379999999999975913, 0.8150000000000123812, 2.115000000000000657 ) ) ;
#6294 = ORIENTED_EDGE ( 'NONE', *, *, #587, .T. ) ;
#6295 = ORIENTED_EDGE ( 'NONE', *, *, #780, .T. ) ;
#6296 = CARTESIAN_POINT ( 'NONE',  ( -2.084999999999999964, 1.109999999999987663, 3.384999999999999787 ) ) ;
#6297 = EDGE_LOOP ( 'NONE', ( #4608, #2786, #5336, #6060 ) ) ;
#6298 = DIRECTION ( 'NONE',  ( -0.000000000000000000, 0.000000000000000000, -1.000000000000000000 ) ) ;
#6299 = DIRECTION ( 'NONE',  ( -8.031127203596346379E-16, 1.000000000000000000, 0.000000000000000000 ) ) ;
#6300 = MANIFOLD_SOLID_BREP ( 'LPattern1[13]', #3954 ) ;
#6301 = CARTESIAN_POINT ( 'NONE',  ( -2.084999999999999964, 0.8150000000000123812, 0.4250000000000000444 ) ) ;
#6302 = VERTEX_POINT ( 'NONE', #6567 ) ;
#6303 = CARTESIAN_POINT ( 'NONE',  ( -1.950000000000000400, 0.8900000000000123368, -0.4250000000000000444 ) ) ;
#6304 = EDGE_CURVE ( 'NONE', #5399, #3007, #6062, .T. ) ;
#6305 = LINE ( 'NONE', #5727, #6584 ) ;
#6306 = VECTOR ( 'NONE', #5541, 1000.000000000000000 ) ;
#6307 = DIRECTION ( 'NONE',  ( -0.9975640502598246417, 0.06975647374411851620, -0.000000000000000000 ) ) ;
#6308 = CARTESIAN_POINT ( 'NONE',  ( 2.984653575776294865, -3.794707603699265519E-16, 4.235000000000000320 ) ) ;
#6309 = DIRECTION ( 'NONE',  ( -0.9975640502598246417, -0.06975647374411851620, 0.000000000000000000 ) ) ;
#6310 = CIRCLE ( 'NONE', #1291, 0.07499999999999998335 ) ;
#6311 = LINE ( 'NONE', #1754, #2112 ) ;
#6312 = ORIENTED_EDGE ( 'NONE', *, *, #2024, .F. ) ;
#6313 = VERTEX_POINT ( 'NONE', #3634 ) ;
#6314 = ADVANCED_FACE ( 'NONE', ( #141 ), #5984, .T. ) ;
#6315 = DIRECTION ( 'NONE',  ( -0.000000000000000000, -0.000000000000000000, -1.000000000000000000 ) ) ;
#6316 = DIRECTION ( 'NONE',  ( -0.000000000000000000, 0.000000000000000000, -1.000000000000000000 ) ) ;
#6317 = CARTESIAN_POINT ( 'NONE',  ( -2.454999999999975646, 0.3327573459224363317, -0.8450000000000003064 ) ) ;
#6318 = DIRECTION ( 'NONE',  ( 8.993001040601393045E-16, 1.000000000000000000, -0.000000000000000000 ) ) ;
#6319 = VERTEX_POINT ( 'NONE', #7323 ) ;
#6320 = VECTOR ( 'NONE', #1747, 1000.000000000000227 ) ;
#6321 = VERTEX_POINT ( 'NONE', #2102 ) ;
#6322 = ORIENTED_EDGE ( 'NONE', *, *, #2024, .T. ) ;
#6323 = LINE ( 'NONE', #2857, #2071 ) ;
#6324 = CARTESIAN_POINT ( 'NONE',  ( -2.454999999999975646, 0.3327573459224363317, -3.384999999999999787 ) ) ;
#6325 = DIRECTION ( 'NONE',  ( -0.000000000000000000, -0.000000000000000000, -1.000000000000000000 ) ) ;
#6326 = MANIFOLD_SOLID_BREP ( 'Cut-Extrude2', #3592 ) ;
#6327 = VECTOR ( 'NONE', #1273, 1000.000000000000227 ) ;
#6328 = DIRECTION ( 'NONE',  ( -0.000000000000000000, -0.000000000000000000, -1.000000000000000000 ) ) ;
#6329 = LINE ( 'NONE', #1061, #5635 ) ;
#6330 = VECTOR ( 'NONE', #7506, 1000.000000000000000 ) ;
#6331 = EDGE_LOOP ( 'NONE', ( #5914, #4145, #6082, #2779 ) ) ;
#6332 = EDGE_CURVE ( 'NONE', #113, #3133, #2133, .T. ) ;
#6333 = ORIENTED_EDGE ( 'NONE', *, *, #3637, .F. ) ;
#6334 = LINE ( 'NONE', #4534, #1801 ) ;
#6335 = VERTEX_POINT ( 'NONE', #363 ) ;
#6336 = LINE ( 'NONE', #4576, #604 ) ;
#6337 = AXIS2_PLACEMENT_3D ( 'NONE', #5439, #2441, #6598 ) ;
#6338 = CARTESIAN_POINT ( 'NONE',  ( 2.084999999999999964, 0.8150000000000123812, 1.695000000000000284 ) ) ;
#6339 = ORIENTED_EDGE ( 'NONE', *, *, #2698, .F. ) ;
#6340 = CARTESIAN_POINT ( 'NONE',  ( 2.454999999999975646, 0.3327573459224363317, -4.235000000000000320 ) ) ;
#6341 = VECTOR ( 'NONE', #2849, 1000.000000000000000 ) ;
#6342 = CARTESIAN_POINT ( 'NONE',  ( -1.950000000000000400, 0.8900000000000123368, 3.384999999999999787 ) ) ;
#6343 = CARTESIAN_POINT ( 'NONE',  ( 2.160000000000000142, 0.8150000000000123812, -2.964999999999999858 ) ) ;
#6344 = FACE_OUTER_BOUND ( 'NONE', #6050, .T. ) ;
#6345 = EDGE_CURVE ( 'NONE', #4759, #6634, #6249, .T. ) ;
#6346 = CARTESIAN_POINT ( 'NONE',  ( 2.084999999999999964, 0.8150000000000123812, 3.384999999999999787 ) ) ;
#6347 = ORIENTED_EDGE ( 'NONE', *, *, #7482, .F. ) ;
#6348 = CARTESIAN_POINT ( 'NONE',  ( 2.084999999999999964, 0.8150000000000123812, 4.235000000000000320 ) ) ;
#6349 = CIRCLE ( 'NONE', #4277, 0.07499999999999998335 ) ;
#6350 = ORIENTED_EDGE ( 'NONE', *, *, #6393, .T. ) ;
#6352 = DIRECTION ( 'NONE',  ( 0.000000000000000000, 0.000000000000000000, 1.000000000000000000 ) ) ;
#6351 = PLANE ( 'NONE',  #80 ) ;
#6353 = DIRECTION ( 'NONE',  ( 1.000000000000000000, 8.031127203596346379E-16, 0.000000000000000000 ) ) ;
#6354 = FACE_OUTER_BOUND ( 'NONE', #623, .T. ) ;
#6355 = PLANE ( 'NONE',  #5 ) ;
#6356 = EDGE_CURVE ( 'NONE', #1070, #2615, #2207, .T. ) ;
#6357 = EDGE_CURVE ( 'NONE', #7513, #2536, #4557, .T. ) ;
#6358 = ORIENTED_EDGE ( 'NONE', *, *, #7073, .T. ) ;
#6359 = VECTOR ( 'NONE', #1643, 1000.000000000000000 ) ;
#6360 = EDGE_LOOP ( 'NONE', ( #5641, #4572, #6375, #3413 ) ) ;
#6361 = EDGE_LOOP ( 'NONE', ( #5224, #454, #3763, #7123 ) ) ;
#6362 = ADVANCED_FACE ( 'NONE', ( #5633 ), #3319, .F. ) ;
#6363 = CARTESIAN_POINT ( 'NONE',  ( 2.984653575776294865, -3.794707603699265519E-16, 0.8450000000000003064 ) ) ;
#6364 = CARTESIAN_POINT ( 'NONE',  ( -1.950000000000000400, 1.109999999999987663, -3.384999999999999787 ) ) ;
#6365 = CARTESIAN_POINT ( 'NONE',  ( -1.050000000000000266, 1.700000000000000178, -4.550000000000002487 ) ) ;
#6366 = CIRCLE ( 'NONE', #7464, 0.07500000000000041356 ) ;
#6367 = MANIFOLD_SOLID_BREP ( 'LPattern1[11]', #3339 ) ;
#6368 = ADVANCED_FACE ( 'NONE', ( #864 ), #3933, .F. ) ;
#6369 = DIRECTION ( 'NONE',  ( -0.000000000000000000, -0.000000000000000000, -1.000000000000000000 ) ) ;
#6370 = CARTESIAN_POINT ( 'NONE',  ( 2.159999999999999698, 0.3327573459224363317, 4.235000000000000320 ) ) ;
#6371 = ORIENTED_EDGE ( 'NONE', *, *, #5767, .T. ) ;
#6372 = EDGE_LOOP ( 'NONE', ( #553, #1811, #3057, #4111 ) ) ;
#6373 = LINE ( 'NONE', #3484, #558 ) ;
#6374 = AXIS2_PLACEMENT_3D ( 'NONE', #4498, #6298, #7517 ) ;
#6375 = ORIENTED_EDGE ( 'NONE', *, *, #4974, .F. ) ;
#6376 = CARTESIAN_POINT ( 'NONE',  ( -2.160000000000000142, 0.8150000000000123812, 0.8450000000000003064 ) ) ;
#6377 = VECTOR ( 'NONE', #4529, 1000.000000000000000 ) ;
#6378 = DIRECTION ( 'NONE',  ( 0.000000000000000000, 1.000000000000000000, 0.000000000000000000 ) ) ;
#6379 = VECTOR ( 'NONE', #1500, 1000.000000000000000 ) ;
#6380 = EDGE_CURVE ( 'NONE', #6911, #2331, #5319, .T. ) ;
#6381 = EDGE_CURVE ( 'NONE', #2684, #6533, #5737, .T. ) ;
#6382 = DIRECTION ( 'NONE',  ( -0.1710878697460324060, -0.9702875252478150303, 0.1710878697460324060 ) ) ;
#6383 = LINE ( 'NONE', #453, #3120 ) ;
#6384 = ORIENTED_EDGE ( 'NONE', *, *, #1676, .F. ) ;
#6385 = DIRECTION ( 'NONE',  ( 0.000000000000000000, 0.000000000000000000, 1.000000000000000000 ) ) ;
#6386 = AXIS2_PLACEMENT_3D ( 'NONE', #1258, #1805, #5249 ) ;
#6387 = CARTESIAN_POINT ( 'NONE',  ( -2.159999999999999698, 0.3327573459224363317, -1.694999999999999840 ) ) ;
#6388 = CARTESIAN_POINT ( 'NONE',  ( 1.949999999999999956, 1.109999999999987663, -4.235000000000000320 ) ) ;
#6389 = DIRECTION ( 'NONE',  ( -1.000000000000000000, 0.000000000000000000, 0.000000000000000000 ) ) ;
#6390 = AXIS2_PLACEMENT_3D ( 'NONE', #4672, #4747, #7051 ) ;
#6391 = FACE_OUTER_BOUND ( 'NONE', #515, .T. ) ;
#6392 = ORIENTED_EDGE ( 'NONE', *, *, #3825, .F. ) ;
#6393 = EDGE_CURVE ( 'NONE', #2152, #4337, #2364, .T. ) ;
#6394 = DIRECTION ( 'NONE',  ( -0.000000000000000000, -0.000000000000000000, -1.000000000000000000 ) ) ;
#6395 = EDGE_LOOP ( 'NONE', ( #1542, #3967, #329, #4280 ) ) ;
#6397 = PLANE ( 'NONE',  #473 ) ;
#6396 = LINE ( 'NONE', #2972, #2174 ) ;
#6398 = FACE_OUTER_BOUND ( 'NONE', #4397, .T. ) ;
#6399 = PLANE ( 'NONE',  #6390 ) ;
#6400 = AXIS2_PLACEMENT_3D ( 'NONE', #1445, #282, #3890 ) ;
#6401 = ORIENTED_EDGE ( 'NONE', *, *, #3461, .T. ) ;
#6402 = VERTEX_POINT ( 'NONE', #5778 ) ;
#6403 = VERTEX_POINT ( 'NONE', #5195 ) ;
#6404 = CARTESIAN_POINT ( 'NONE',  ( -2.084999999999999964, 1.109999999999987663, 4.655000000000000249 ) ) ;
#6405 = EDGE_CURVE ( 'NONE', #869, #878, #1169, .T. ) ;
#6406 = AXIS2_PLACEMENT_3D ( 'NONE', #7453, #5848, #5149 ) ;
#6407 = FACE_OUTER_BOUND ( 'NONE', #1723, .T. ) ;
#6408 = DIRECTION ( 'NONE',  ( -1.000000000000000000, 0.000000000000000000, 0.000000000000000000 ) ) ;
#6409 = VECTOR ( 'NONE', #2870, 1000.000000000000000 ) ;
#6410 = CARTESIAN_POINT ( 'NONE',  ( 2.454999999999975646, 0.3327573459224363317, 3.384999999999999787 ) ) ;
#6411 = CARTESIAN_POINT ( 'NONE',  ( -1.950000000000000400, 1.109999999999987663, -0.8450000000000003064 ) ) ;
#6412 = VERTEX_POINT ( 'NONE', #2809 ) ;
#6413 = ORIENTED_EDGE ( 'NONE', *, *, #4896, .T. ) ;
#6414 = DIRECTION ( 'NONE',  ( 0.000000000000000000, -0.000000000000000000, -1.000000000000000000 ) ) ;
#6415 = ORIENTED_EDGE ( 'NONE', *, *, #3498, .F. ) ;
#6416 = DIRECTION ( 'NONE',  ( -1.000000000000000000, 0.000000000000000000, 0.000000000000000000 ) ) ;
#6417 = EDGE_CURVE ( 'NONE', #5467, #6009, #6465, .T. ) ;
#6418 = CARTESIAN_POINT ( 'NONE',  ( -2.379999999999975913, 0.8150000000000123812, 0.4250000000000000444 ) ) ;
#6419 = PLANE ( 'NONE',  #2671 ) ;
#6420 = FILL_AREA_STYLE ('',( #72 ) ) ;
#6421 = EDGE_LOOP ( 'NONE', ( #4328, #2826, #3072, #2898, #3543, #621, #3457, #3372, #3893, #1745, #3696, #3553 ) ) ;
#6422 = CARTESIAN_POINT ( 'NONE',  ( -2.454999999999975646, 0.3327573459224363317, -2.115000000000000213 ) ) ;
#6423 = DIRECTION ( 'NONE',  ( 0.9975640502598245307, 0.06975647374412144441, -0.000000000000000000 ) ) ;
#6424 = ADVANCED_FACE ( 'NONE', ( #6398 ), #3509, .F. ) ;
#6425 = CARTESIAN_POINT ( 'NONE',  ( 3.000000000000000000, 0.2194640910571372949, 3.384999999999999787 ) ) ;
#6426 = FACE_OUTER_BOUND ( 'NONE', #6551, .T. ) ;
#6427 = ORIENTED_EDGE ( 'NONE', *, *, #5284, .T. ) ;
#6428 = LINE ( 'NONE', #1666, #4217 ) ;
#6429 = VERTEX_POINT ( 'NONE', #1761 ) ;
#6430 = DIRECTION ( 'NONE',  ( -1.000000000000000000, 0.000000000000000000, 0.000000000000000000 ) ) ;
#6431 = ADVANCED_FACE ( 'NONE', ( #1795 ), #1046, .F. ) ;
#6432 = EDGE_LOOP ( 'NONE', ( #3725, #3846, #834, #5473 ) ) ;
#6434 = DIRECTION ( 'NONE',  ( 0.9848077530122086864, 0.1736481776669271393, -0.000000000000000000 ) ) ;
#6433 = CARTESIAN_POINT ( 'NONE',  ( -2.984653575776294865, -3.794707603699265519E-16, 3.384999999999999787 ) ) ;
#6435 = DIRECTION ( 'NONE',  ( -1.000000000000000000, 0.000000000000000000, 0.000000000000000000 ) ) ;
#6436 = CARTESIAN_POINT ( 'NONE',  ( 2.449768264469166734, 0.2579400421529494669, -4.655000000000000249 ) ) ;
#6437 = VECTOR ( 'NONE', #6550, 1000.000000000000000 ) ;
#6438 = EDGE_LOOP ( 'NONE', ( #788, #1553, #3856, #7357 ) ) ;
#6439 = EDGE_LOOP ( 'NONE', ( #2068, #1849, #1952, #797 ) ) ;
#6440 = DIRECTION ( 'NONE',  ( 0.9975640502598246417, 0.06975647374411912682, 0.000000000000000000 ) ) ;
#6441 = CARTESIAN_POINT ( 'NONE',  ( 2.379999999999975913, 0.8150000000000123812, 2.964999999999999858 ) ) ;
#6442 = DIRECTION ( 'NONE',  ( 0.9975640502598246417, 0.06975647374411851620, 0.000000000000000000 ) ) ;
#6443 = VECTOR ( 'NONE', #5251, 1000.000000000000000 ) ;
#6444 = VECTOR ( 'NONE', #4235, 1000.000000000000000 ) ;
#6445 = DIRECTION ( 'NONE',  ( -1.000000000000000000, 0.000000000000000000, 0.000000000000000000 ) ) ;
#6446 = FACE_OUTER_BOUND ( 'NONE', #4299, .T. ) ;
#6447 = ORIENTED_EDGE ( 'NONE', *, *, #1148, .F. ) ;
#6448 = EDGE_LOOP ( 'NONE', ( #6931, #4494, #6865, #5253 ) ) ;
#6449 = CARTESIAN_POINT ( 'NONE',  ( -2.160000000000000142, 0.8150000000000123812, -2.964999999999999858 ) ) ;
#6450 = EDGE_LOOP ( 'NONE', ( #4515, #367, #6989, #5888 ) ) ;
#6451 = DIRECTION ( 'NONE',  ( 8.993001040601393045E-16, 1.000000000000000000, 0.000000000000000000 ) ) ;
#6452 = PRODUCT_DEFINITION_FORMATION_WITH_SPECIFIED_SOURCE ( 'ANY', '', #7427, .NOT_KNOWN. ) ;
#6453 = CARTESIAN_POINT ( 'NONE',  ( 2.159999999999999698, 0.3327573459224363317, 3.384999999999999787 ) ) ;
#6454 = VECTOR ( 'NONE', #7477, 1000.000000000000227 ) ;
#6455 = VECTOR ( 'NONE', #7582, 1000.000000000000000 ) ;
#6456 = LINE ( 'NONE', #3532, #7262 ) ;
#6457 = ADVANCED_FACE ( 'NONE', ( #7498 ), #6477, .F. ) ;
#6458 = EDGE_CURVE ( 'NONE', #4405, #1828, #7089, .T. ) ;
#6459 = PRESENTATION_STYLE_ASSIGNMENT (( #3034 ) ) ;
#6460 = VECTOR ( 'NONE', #1852, 1000.000000000000000 ) ;
#6461 = ORIENTED_EDGE ( 'NONE', *, *, #2519, .F. ) ;
#6462 = CARTESIAN_POINT ( 'NONE',  ( 2.449768264469166734, 0.2579400421529494669, -0.8450000000000003064 ) ) ;
#6463 = PLANE ( 'NONE',  #3012 ) ;
#6464 = EDGE_CURVE ( 'NONE', #6402, #928, #7534, .T. ) ;
#6465 = CIRCLE ( 'NONE', #3642, 0.2949999999999756151 ) ;
#6466 = DIRECTION ( 'NONE',  ( -0.000000000000000000, -0.000000000000000000, -1.000000000000000000 ) ) ;
#6467 = CARTESIAN_POINT ( 'NONE',  ( -2.984653575776294865, -3.794707603699265519E-16, 2.115000000000000657 ) ) ;
#6468 = ORIENTED_EDGE ( 'NONE', *, *, #1864, .F. ) ;
#6469 = AXIS2_PLACEMENT_3D ( 'NONE', #3427, #1167, #7127 ) ;
#6470 = DIRECTION ( 'NONE',  ( 1.000000000000000000, 0.000000000000000000, 0.000000000000000000 ) ) ;
#6471 = ORIENTED_EDGE ( 'NONE', *, *, #3167, .T. ) ;
#6472 = LINE ( 'NONE', #2396, #3538 ) ;
#6473 = VERTEX_POINT ( 'NONE', #1717 ) ;
#6475 = CARTESIAN_POINT ( 'NONE',  ( 1.837150732346581883, 1.750000000000000000, 0.000000000000000000 ) ) ;
#6474 = CARTESIAN_POINT ( 'NONE',  ( -1.950000000000000400, 1.109999999999987663, 0.8450000000000003064 ) ) ;
#6476 = MANIFOLD_SOLID_BREP ( 'LPattern1[9]', #6672 ) ;
#6477 = CYLINDRICAL_SURFACE ( 'NONE', #76, 0.07500000000000041356 ) ;
#6478 = CARTESIAN_POINT ( 'NONE',  ( 2.379999999999975913, 0.8150000000000123812, 2.115000000000000657 ) ) ;
#6479 = DIRECTION ( 'NONE',  ( 8.993001040601393045E-16, 1.000000000000000000, -0.000000000000000000 ) ) ;
#6480 = ADVANCED_FACE ( 'NONE', ( #2327 ), #627, .F. ) ;
#6481 = VERTEX_POINT ( 'NONE', #3667 ) ;
#6482 = EDGE_CURVE ( 'NONE', #2848, #4980, #706, .T. ) ;
#6483 = VERTEX_POINT ( 'NONE', #1910 ) ;
#6484 = PLANE ( 'NONE',  #7231 ) ;
#6485 = DIRECTION ( 'NONE',  ( -0.000000000000000000, -0.000000000000000000, -1.000000000000000000 ) ) ;
#6486 = LINE ( 'NONE', #23, #2700 ) ;
#6487 = MANIFOLD_SOLID_BREP ( 'Boss-Extrude3[1]', #2368 ) ;
#6488 = FACE_OUTER_BOUND ( 'NONE', #1893, .T. ) ;
#6489 = PLANE ( 'NONE',  #1121 ) ;
#6490 = ORIENTED_EDGE ( 'NONE', *, *, #7454, .F. ) ;
#6491 = EDGE_CURVE ( 'NONE', #1194, #4823, #6055, .T. ) ;
#6492 = ORIENTED_EDGE ( 'NONE', *, *, #2376, .F. ) ;
#6493 = DIRECTION ( 'NONE',  ( -0.000000000000000000, -0.000000000000000000, -1.000000000000000000 ) ) ;
#6494 = ORIENTED_EDGE ( 'NONE', *, *, #1485, .T. ) ;
#6495 = DIRECTION ( 'NONE',  ( -1.000000000000000000, 8.031127203596320741E-16, 0.000000000000000000 ) ) ;
#6496 = EDGE_CURVE ( 'NONE', #2341, #2025, #3148, .T. ) ;
#6497 = VECTOR ( 'NONE', #1572, 1000.000000000000227 ) ;
#6498 = DIRECTION ( 'NONE',  ( 0.000000000000000000, -0.000000000000000000, -1.000000000000000000 ) ) ;
#6499 = VECTOR ( 'NONE', #678, 1000.000000000000000 ) ;
#6500 = CYLINDRICAL_SURFACE ( 'NONE', #626, 0.07500000000000041356 ) ;
#6501 = VECTOR ( 'NONE', #3193, 1000.000000000000114 ) ;
#6502 = MANIFOLD_SOLID_BREP ( 'LPattern1[7]', #281 ) ;
#6503 = ORIENTED_EDGE ( 'NONE', *, *, #2812, .T. ) ;
#6504 = ORIENTED_EDGE ( 'NONE', *, *, #2872, .T. ) ;
#6505 = DIRECTION ( 'NONE',  ( 0.9975640502598246417, 0.06975647374411912682, 0.000000000000000000 ) ) ;
#6506 = AXIS2_PLACEMENT_3D ( 'NONE', #5608, #6221, #2182 ) ;
#6507 = DIRECTION ( 'NONE',  ( -0.000000000000000000, -0.000000000000000000, -1.000000000000000000 ) ) ;
#6508 = EDGE_CURVE ( 'NONE', #3644, #5742, #4933, .T. ) ;
#6509 = DIRECTION ( 'NONE',  ( -1.000000000000000000, 0.000000000000000000, 0.000000000000000000 ) ) ;
#6510 = AXIS2_PLACEMENT_3D ( 'NONE', #298, #2645, #1894 ) ;
#6511 = DIRECTION ( 'NONE',  ( 1.000000000000000000, -8.031127203596320741E-16, -0.000000000000000000 ) ) ;
#6512 = ORIENTED_EDGE ( 'NONE', *, *, #2063, .T. ) ;
#6513 = DIRECTION ( 'NONE',  ( -8.993001040601393045E-16, 1.000000000000000000, 0.000000000000000000 ) ) ;
#6514 = ORIENTED_EDGE ( 'NONE', *, *, #3172, .T. ) ;
#6515 = LINE ( 'NONE', #2360, #4894 ) ;
#6516 = VERTEX_POINT ( 'NONE', #1404 ) ;
#6518 = CARTESIAN_POINT ( 'NONE',  ( -1.950000000000000400, 1.109999999999987663, 4.949999999999999289 ) ) ;
#6517 = DIRECTION ( 'NONE',  ( 8.993001040601393045E-16, -1.000000000000000000, 0.000000000000000000 ) ) ;
#6519 = DIRECTION ( 'NONE',  ( -1.000000000000000000, 8.993001040601393045E-16, 0.000000000000000000 ) ) ;
#6520 = DIRECTION ( 'NONE',  ( 0.000000000000000000, -1.000000000000000000, 0.000000000000000000 ) ) ;
#6521 = EDGE_CURVE ( 'NONE', #2205, #1606, #1834, .T. ) ;
#6522 = LINE ( 'NONE', #1985, #876 ) ;
#6523 = ORIENTED_EDGE ( 'NONE', *, *, #3720, .T. ) ;
#6524 = VERTEX_POINT ( 'NONE', #7129 ) ;
#6525 = DIRECTION ( 'NONE',  ( -0.000000000000000000, -0.000000000000000000, -1.000000000000000000 ) ) ;
#6526 = UNCERTAINTY_MEASURE_WITH_UNIT (LENGTH_MEASURE( 1.000000000000000082E-05 ), #2277, 'distance_accuracy_value', 'NONE');
#6527 = CARTESIAN_POINT ( 'NONE',  ( -2.160000000000000142, 0.8150000000000123812, -2.115000000000000213 ) ) ;
#6528 = CARTESIAN_POINT ( 'NONE',  ( -2.984653575776294865, -3.794707603699265519E-16, 4.655000000000000249 ) ) ;
#6529 = ADVANCED_FACE ( 'NONE', ( #5403 ), #1876, .F. ) ;
#6530 = DIRECTION ( 'NONE',  ( -0.000000000000000000, -0.000000000000000000, -1.000000000000000000 ) ) ;
#6531 = VECTOR ( 'NONE', #5697, 1000.000000000000227 ) ;
#6532 = DIRECTION ( 'NONE',  ( -0.000000000000000000, 0.000000000000000000, -1.000000000000000000 ) ) ;
#6533 = VERTEX_POINT ( 'NONE', #5975 ) ;
#6534 = EDGE_LOOP ( 'NONE', ( #4780, #2596, #6242, #4720 ) ) ;
#6535 = CARTESIAN_POINT ( 'NONE',  ( -1.950000000000000400, 1.109999999999987663, -4.235000000000000320 ) ) ;
#6536 = EDGE_LOOP ( 'NONE', ( #7425, #4255, #1012, #6890 ) ) ;
#6537 = CYLINDRICAL_SURFACE ( 'NONE', #4541, 0.07500000000000041356 ) ;
#6538 = CARTESIAN_POINT ( 'NONE',  ( 2.084999999999999964, 1.109999999999987885, 4.655000000000000249 ) ) ;
#6539 = CIRCLE ( 'NONE', #16, 0.2949999999999756151 ) ;
#6540 = CARTESIAN_POINT ( 'NONE',  ( 2.454999999999975646, 0.3327573459224363317, -4.655000000000000249 ) ) ;
#6541 = CARTESIAN_POINT ( 'NONE',  ( -2.084999999999999964, 0.8900000000000123368, 2.115000000000000657 ) ) ;
#6542 = ORIENTED_EDGE ( 'NONE', *, *, #3351, .T. ) ;
#6543 = VERTEX_POINT ( 'NONE', #1248 ) ;
#6544 = FACE_OUTER_BOUND ( 'NONE', #7457, .T. ) ;
#6545 = CARTESIAN_POINT ( 'NONE',  ( -2.159999999999999698, 0.3327573459224363317, 2.964999999999999858 ) ) ;
#6546 = CARTESIAN_POINT ( 'NONE',  ( -2.159999999999999698, 0.3327573459224363317, 4.655000000000000249 ) ) ;
#6547 = PLANE ( 'NONE',  #5672 ) ;
#6548 = EDGE_LOOP ( 'NONE', ( #4284, #2397 ) ) ;
#6549 = EDGE_CURVE ( 'NONE', #7229, #6858, #3513, .T. ) ;
#6550 = DIRECTION ( 'NONE',  ( -1.000000000000000000, 0.000000000000000000, 0.000000000000000000 ) ) ;
#6551 = EDGE_LOOP ( 'NONE', ( #7377, #7465, #1905, #3563 ) ) ;
#6552 =( LENGTH_UNIT ( ) NAMED_UNIT ( * ) SI_UNIT ( .MILLI., .METRE. ) );
#6553 = AXIS2_PLACEMENT_3D ( 'NONE', #3892, #4797, #2096 ) ;
#6554 = ORIENTED_EDGE ( 'NONE', *, *, #1032, .F. ) ;
#6555 = ORIENTED_EDGE ( 'NONE', *, *, #2798, .T. ) ;
#6557 = DIRECTION ( 'NONE',  ( 0.000000000000000000, 0.000000000000000000, 1.000000000000000000 ) ) ;
#6556 = LINE ( 'NONE', #783, #6229 ) ;
#6558 = CARTESIAN_POINT ( 'NONE',  ( -2.984653575776294865, -3.794707603699265519E-16, -4.655000000000000249 ) ) ;
#6559 = DIRECTION ( 'NONE',  ( 0.000000000000000000, -0.000000000000000000, -1.000000000000000000 ) ) ;
#6560 = DIRECTION ( 'NONE',  ( 0.06975647374412144441, -0.9975640502598245307, 0.000000000000000000 ) ) ;
#6561 = VECTOR ( 'NONE', #3533, 1000.000000000000000 ) ;
#6562 = ORIENTED_EDGE ( 'NONE', *, *, #2609, .T. ) ;
#6563 = EDGE_CURVE ( 'NONE', #3264, #2848, #3234, .T. ) ;
#6564 = EDGE_CURVE ( 'NONE', #1393, #4859, #5581, .T. ) ;
#6565 = ORIENTED_EDGE ( 'NONE', *, *, #535, .F. ) ;
#6566 = CARTESIAN_POINT ( 'NONE',  ( 2.084999999999999964, 1.109999999999987885, -0.4250000000000000444 ) ) ;
#6567 = CARTESIAN_POINT ( 'NONE',  ( 1.949999999999999956, 1.109999999999987663, -2.115000000000000213 ) ) ;
#6568 = VECTOR ( 'NONE', #6160, 1000.000000000000000 ) ;
#6569 = EDGE_CURVE ( 'NONE', #6412, #4761, #1184, .T. ) ;
#6570 = CARTESIAN_POINT ( 'NONE',  ( -1.050000000000000266, 1.750000000000000000, -4.550000000000002487 ) ) ;
#6571 = LINE ( 'NONE', #2056, #1166 ) ;
#6572 = COLOUR_RGB ( '',0.7921568627450980005, 0.8196078431372548767, 0.9333333333333333481 ) ;
#6573 = PLANE ( 'NONE',  #4652 ) ;
#6574 = VERTEX_POINT ( 'NONE', #5042 ) ;
#6575 = EDGE_LOOP ( 'NONE', ( #1322, #2213, #6565, #6976 ) ) ;
#6576 = DIRECTION ( 'NONE',  ( 0.000000000000000000, -0.000000000000000000, -1.000000000000000000 ) ) ;
#6577 = ORIENTED_EDGE ( 'NONE', *, *, #2127, .T. ) ;
#6578 = CARTESIAN_POINT ( 'NONE',  ( 3.000000000000000000, 0.2194640910571372949, -3.384999999999999787 ) ) ;
#6579 = DIRECTION ( 'NONE',  ( 0.06975647374411914070, 0.9975640502598247528, -0.000000000000000000 ) ) ;
#6580 = EDGE_CURVE ( 'NONE', #540, #1772, #5003, .T. ) ;
#6581 = CARTESIAN_POINT ( 'NONE',  ( -2.379999999999975469, 0.3327573459224363317, -2.964999999999999858 ) ) ;
#6582 = ORIENTED_EDGE ( 'NONE', *, *, #7259, .F. ) ;
#6583 = EDGE_CURVE ( 'NONE', #4759, #3612, #3345, .T. ) ;
#6584 = VECTOR ( 'NONE', #420, 1000.000000000000000 ) ;
#6585 = CARTESIAN_POINT ( 'NONE',  ( -2.379999999999975913, 0.8150000000000123812, -2.964999999999999858 ) ) ;
#6586 = PRESENTATION_LAYER_ASSIGNMENT (  '', '', ( #2276 ) ) ;
#6587 = CARTESIAN_POINT ( 'NONE',  ( 2.084999999999999964, 0.8150000000000123812, -2.964999999999999858 ) ) ;
#6588 = DIRECTION ( 'NONE',  ( 0.000000000000000000, 0.000000000000000000, -1.000000000000000000 ) ) ;
#6589 = LINE ( 'NONE', #3695, #1383 ) ;
#6590 = MECHANICAL_DESIGN_GEOMETRIC_PRESENTATION_REPRESENTATION (  '', ( #3873 ), #2765 ) ;
#6591 = ORIENTED_EDGE ( 'NONE', *, *, #6675, .T. ) ;
#6592 = DIRECTION ( 'NONE',  ( -0.000000000000000000, -0.000000000000000000, -1.000000000000000000 ) ) ;
#6593 = VERTEX_POINT ( 'NONE', #1442 ) ;
#6594 = DIRECTION ( 'NONE',  ( -1.000000000000000000, -8.031127203596346379E-16, 0.000000000000000000 ) ) ;
#6595 = VERTEX_POINT ( 'NONE', #1480 ) ;
#6596 = ORIENTED_EDGE ( 'NONE', *, *, #469, .F. ) ;
#6597 = LINE ( 'NONE', #2590, #308 ) ;
#6598 = DIRECTION ( 'NONE',  ( 0.000000000000000000, 0.000000000000000000, 1.000000000000000000 ) ) ;
#6599 = DIRECTION ( 'NONE',  ( -8.993001040601393045E-16, -1.000000000000000000, -0.000000000000000000 ) ) ;
#6600 = CARTESIAN_POINT ( 'NONE',  ( -3.000000000000000000, 0.2194640910571372949, -0.4250000000000000444 ) ) ;
#6601 = VECTOR ( 'NONE', #5924, 1000.000000000000000 ) ;
#6602 = ORIENTED_EDGE ( 'NONE', *, *, #171, .T. ) ;
#6603 = VERTEX_POINT ( 'NONE', #1557 ) ;
#6604 = CARTESIAN_POINT ( 'NONE',  ( -2.084999999999999964, 0.8900000000000123368, 0.4250000000000000444 ) ) ;
#6605 = VECTOR ( 'NONE', #821, 1000.000000000000000 ) ;
#6606 = CARTESIAN_POINT ( 'NONE',  ( 2.084999999999999964, 0.8150000000000123812, 1.695000000000000284 ) ) ;
#6607 = CARTESIAN_POINT ( 'NONE',  ( 2.984653575776294865, -3.794707603699265519E-16, -0.8450000000000003064 ) ) ;
#6608 = PRODUCT_DEFINITION ( 'UNKNOWN', '', #6452, #2740 ) ;
#6609 = EDGE_CURVE ( 'NONE', #2754, #6473, #5722, .T. ) ;
#6610 = ADVANCED_FACE ( 'NONE', ( #5623 ), #855, .T. ) ;
#6611 = LINE ( 'NONE', #1416, #1964 ) ;
#6612 = EDGE_LOOP ( 'NONE', ( #5692, #582, #6952, #3217 ) ) ;
#6613 = ORIENTED_EDGE ( 'NONE', *, *, #3871, .T. ) ;
#6614 = DIRECTION ( 'NONE',  ( -0.06975647374411914070, 0.9975640502598247528, 0.000000000000000000 ) ) ;
#6615 = VECTOR ( 'NONE', #416, 1000.000000000000000 ) ;
#6616 = ORIENTED_EDGE ( 'NONE', *, *, #665, .T. ) ;
#6617 = FACE_OUTER_BOUND ( 'NONE', #7408, .T. ) ;
#6618 = DIRECTION ( 'NONE',  ( -0.000000000000000000, -0.000000000000000000, -1.000000000000000000 ) ) ;
#6619 = EDGE_CURVE ( 'NONE', #682, #3920, #3849, .T. ) ;
#6620 = CARTESIAN_POINT ( 'NONE',  ( -2.084999999999999964, 0.8900000000000123368, -2.115000000000000213 ) ) ;
#6621 = CIRCLE ( 'NONE', #5509, 0.2949999999999762812 ) ;
#6622 = DIRECTION ( 'NONE',  ( -1.000000000000000000, 0.000000000000000000, 0.000000000000000000 ) ) ;
#6623 = ORIENTED_EDGE ( 'NONE', *, *, #7140, .T. ) ;
#6624 = DIRECTION ( 'NONE',  ( -1.000000000000000000, 0.000000000000000000, 0.000000000000000000 ) ) ;
#6625 = AXIS2_PLACEMENT_3D ( 'NONE', #3285, #2711, #3216 ) ;
#6626 = VECTOR ( 'NONE', #3789, 1000.000000000000000 ) ;
#6627 = LINE ( 'NONE', #6007, #1503 ) ;
#6628 = EDGE_CURVE ( 'NONE', #3133, #3974, #2732, .T. ) ;
#6629 = CIRCLE ( 'NONE', #598, 0.07500000000000041356 ) ;
#6630 = ORIENTED_EDGE ( 'NONE', *, *, #7301, .F. ) ;
#6631 = CARTESIAN_POINT ( 'NONE',  ( -2.084999999999999964, 0.8900000000000123368, 0.8450000000000003064 ) ) ;
#6632 = ORIENTED_EDGE ( 'NONE', *, *, #5502, .T. ) ;
#6633 = EDGE_LOOP ( 'NONE', ( #1903, #5162, #2980, #30 ) ) ;
#6634 = VERTEX_POINT ( 'NONE', #6780 ) ;
#6635 = DIRECTION ( 'NONE',  ( -1.000000000000000000, 0.000000000000000000, 0.000000000000000000 ) ) ;
#6636 = LINE ( 'NONE', #1405, #1414 ) ;
#6637 = DIRECTION ( 'NONE',  ( -0.000000000000000000, -0.000000000000000000, -1.000000000000000000 ) ) ;
#6638 = ADVANCED_FACE ( 'NONE', ( #7278 ), #2017, .F. ) ;
#6639 = VERTEX_POINT ( 'NONE', #2125 ) ;
#6640 = VERTEX_POINT ( 'NONE', #5074 ) ;
#6641 = DIRECTION ( 'NONE',  ( -0.9975640502598246417, 0.06975647374411851620, -0.000000000000000000 ) ) ;
#6642 = VECTOR ( 'NONE', #7403, 1000.000000000000114 ) ;
#6643 = DIRECTION ( 'NONE',  ( 8.993001040601393045E-16, -1.000000000000000000, 0.000000000000000000 ) ) ;
#6644 = DIRECTION ( 'NONE',  ( -1.000000000000000000, -0.000000000000000000, -0.000000000000000000 ) ) ;
#6645 = VECTOR ( 'NONE', #629, 1000.000000000000000 ) ;
#6646 = EDGE_CURVE ( 'NONE', #7567, #4182, #4359, .T. ) ;
#6647 = FACE_OUTER_BOUND ( 'NONE', #4524, .T. ) ;
#6648 = ORIENTED_EDGE ( 'NONE', *, *, #5027, .F. ) ;
#6649 = ORIENTED_EDGE ( 'NONE', *, *, #2474, .T. ) ;
#6650 = DIRECTION ( 'NONE',  ( -0.000000000000000000, -0.000000000000000000, -1.000000000000000000 ) ) ;
#6651 = VERTEX_POINT ( 'NONE', #6126 ) ;
#6652 = DIRECTION ( 'NONE',  ( -0.000000000000000000, -1.000000000000000000, -0.000000000000000000 ) ) ;
#6653 = CARTESIAN_POINT ( 'NONE',  ( 2.159999999999999698, 0.3327573459224363317, 4.235000000000000320 ) ) ;
#6654 = AXIS2_PLACEMENT_3D ( 'NONE', #4073, #1192, #5878 ) ;
#6655 = VECTOR ( 'NONE', #5977, 1000.000000000000000 ) ;
#6656 = CARTESIAN_POINT ( 'NONE',  ( 2.084999999999999964, 0.8150000000000123812, 4.655000000000000249 ) ) ;
#6657 = VERTEX_POINT ( 'NONE', #6815 ) ;
#6658 = EDGE_CURVE ( 'NONE', #3675, #1841, #692, .T. ) ;
#6659 = DIRECTION ( 'NONE',  ( -0.000000000000000000, -0.000000000000000000, -1.000000000000000000 ) ) ;
#6660 = VECTOR ( 'NONE', #4934, 1000.000000000000000 ) ;
#6661 = LINE ( 'NONE', #6545, #3137 ) ;
#6662 = VECTOR ( 'NONE', #4853, 1000.000000000000000 ) ;
#6663 = CARTESIAN_POINT ( 'NONE',  ( 2.449768264469166734, 0.2579400421529494669, -4.235000000000000320 ) ) ;
#6664 = ORIENTED_EDGE ( 'NONE', *, *, #3609, .F. ) ;
#6665 = DIRECTION ( 'NONE',  ( -0.000000000000000000, -0.000000000000000000, -1.000000000000000000 ) ) ;
#6666 = ORIENTED_EDGE ( 'NONE', *, *, #5429, .F. ) ;
#6667 = SURFACE_SIDE_STYLE ('',( #3091 ) ) ;
#6668 = VERTEX_POINT ( 'NONE', #891 ) ;
#6669 = EDGE_CURVE ( 'NONE', #332, #5434, #5546, .T. ) ;
#6670 = DIRECTION ( 'NONE',  ( -1.000000000000000000, 0.000000000000000000, 0.000000000000000000 ) ) ;
#6671 = CARTESIAN_POINT ( 'NONE',  ( 2.159999999999999698, 0.3327573459224363317, -4.655000000000000249 ) ) ;
#6672 = CLOSED_SHELL ( 'NONE', ( #34, #5398, #932, #6193, #3962, #213, #291, #3869, #3824, #4425, #846, #2188, #3613, #2828 ) ) ;
#6673 = DIRECTION ( 'NONE',  ( -0.000000000000000000, -0.000000000000000000, -1.000000000000000000 ) ) ;
#6674 = VERTEX_POINT ( 'NONE', #2163 ) ;
#6675 = EDGE_CURVE ( 'NONE', #7072, #91, #6720, .T. ) ;
#6676 = ADVANCED_FACE ( 'NONE', ( #6853 ), #3923, .F. ) ;
#6677 = EDGE_LOOP ( 'NONE', ( #3228, #7496, #7100, #5144 ) ) ;
#6678 = LINE ( 'NONE', #6566, #3540 ) ;
#6679 = DIRECTION ( 'NONE',  ( -0.000000000000000000, -0.000000000000000000, -1.000000000000000000 ) ) ;
#6680 = LINE ( 'NONE', #7253, #3672 ) ;
#6681 = EDGE_LOOP ( 'NONE', ( #259, #1017, #5782, #268 ) ) ;
#6682 = EDGE_LOOP ( 'NONE', ( #3875, #7163, #1141, #2922 ) ) ;
#6683 = DIRECTION ( 'NONE',  ( 0.000000000000000000, -0.000000000000000000, -1.000000000000000000 ) ) ;
#6684 = ORIENTED_EDGE ( 'NONE', *, *, #322, .T. ) ;
#6685 = DIRECTION ( 'NONE',  ( -0.06975647374411853008, -0.9975640502598247528, 0.000000000000000000 ) ) ;
#6686 = LINE ( 'NONE', #5496, #7601 ) ;
#6687 = EDGE_CURVE ( 'NONE', #7579, #2222, #6274, .T. ) ;
#6688 = CYLINDRICAL_SURFACE ( 'NONE', #7115, 0.2949999999999762812 ) ;
#6689 = ORIENTED_EDGE ( 'NONE', *, *, #7154, .T. ) ;
#6690 = ORIENTED_EDGE ( 'NONE', *, *, #1219, .F. ) ;
#6691 = DIRECTION ( 'NONE',  ( -0.000000000000000000, -0.000000000000000000, -1.000000000000000000 ) ) ;
#6692 = LINE ( 'NONE', #7128, #6134 ) ;
#6693 = LINE ( 'NONE', #2008, #3369 ) ;
#6694 = DIRECTION ( 'NONE',  ( -0.000000000000000000, -0.000000000000000000, -1.000000000000000000 ) ) ;
#6695 = EDGE_CURVE ( 'NONE', #5434, #5610, #3388, .T. ) ;
#6696 = EDGE_CURVE ( 'NONE', #1435, #5528, #5847, .T. ) ;
#6697 = EDGE_LOOP ( 'NONE', ( #4946, #5900, #3401, #2908 ) ) ;
#6698 = CIRCLE ( 'NONE', #802, 0.07499999999999998335 ) ;
#6699 = CARTESIAN_POINT ( 'NONE',  ( -2.984653575776294865, -3.794707603699265519E-16, -4.655000000000000249 ) ) ;
#6700 = ORIENTED_EDGE ( 'NONE', *, *, #5385, .F. ) ;
#6701 = EDGE_CURVE ( 'NONE', #2848, #2427, #1, .T. ) ;
#6702 = DIRECTION ( 'NONE',  ( -0.000000000000000000, -0.000000000000000000, -1.000000000000000000 ) ) ;
#6703 = EDGE_LOOP ( 'NONE', ( #4199, #6205, #5586, #65 ) ) ;
#6704 = CARTESIAN_POINT ( 'NONE',  ( -2.454999999999975646, 0.3327573459224363317, -4.235000000000000320 ) ) ;
#6705 = DIRECTION ( 'NONE',  ( 0.9975640502598246417, -0.06975647374411912682, -0.000000000000000000 ) ) ;
#6706 = CARTESIAN_POINT ( 'NONE',  ( -3.000000000000000000, 0.2194640910571372949, -2.115000000000000213 ) ) ;
#6707 = CARTESIAN_POINT ( 'NONE',  ( 2.984653575776294865, -3.794707603699265519E-16, 3.384999999999999787 ) ) ;
#6708 = VECTOR ( 'NONE', #1071, 1000.000000000000000 ) ;
#6709 = CIRCLE ( 'NONE', #6091, 0.2949999999999756151 ) ;
#6710 = DIRECTION ( 'NONE',  ( 1.000000000000000000, 0.000000000000000000, 0.000000000000000000 ) ) ;
#6711 = ORIENTED_EDGE ( 'NONE', *, *, #2549, .F. ) ;
#6712 = VECTOR ( 'NONE', #4574, 1000.000000000000000 ) ;
#6713 = ORIENTED_EDGE ( 'NONE', *, *, #3391, .F. ) ;
#6714 = DIRECTION ( 'NONE',  ( 0.000000000000000000, 0.000000000000000000, -1.000000000000000000 ) ) ;
#6715 = DIRECTION ( 'NONE',  ( -1.000000000000000000, 8.031127203596320741E-16, 0.000000000000000000 ) ) ;
#6716 = DIRECTION ( 'NONE',  ( -8.993001040601393045E-16, -1.000000000000000000, 0.000000000000000000 ) ) ;
#6717 = EDGE_CURVE ( 'NONE', #2436, #4859, #1157, .T. ) ;
#6718 = EDGE_CURVE ( 'NONE', #4635, #987, #1816, .T. ) ;
#6719 = DIRECTION ( 'NONE',  ( 0.06975647374412144441, 0.9975640502598245307, -0.000000000000000000 ) ) ;
#6720 = CIRCLE ( 'NONE', #6961, 0.2250000000000003664 ) ;
#6721 = VERTEX_POINT ( 'NONE', #1038 ) ;
#6722 = ORIENTED_EDGE ( 'NONE', *, *, #3439, .T. ) ;
#6723 = DIRECTION ( 'NONE',  ( 1.000000000000000000, 0.000000000000000000, 0.000000000000000000 ) ) ;
#6724 = VERTEX_POINT ( 'NONE', #4618 ) ;
#6725 = FACE_OUTER_BOUND ( 'NONE', #101, .T. ) ;
#6726 = CARTESIAN_POINT ( 'NONE',  ( 2.084999999999999964, 0.8900000000000122258, 2.964999999999999858 ) ) ;
#6727 = CARTESIAN_POINT ( 'NONE',  ( 2.449768264469166734, 0.2579400421529494669, -0.4250000000000000444 ) ) ;
#6728 = VERTEX_POINT ( 'NONE', #1663 ) ;
#6729 = ORIENTED_EDGE ( 'NONE', *, *, #6038, .T. ) ;
#6730 = EDGE_CURVE ( 'NONE', #2505, #7147, #4583, .T. ) ;
#6731 = FACE_OUTER_BOUND ( 'NONE', #3701, .T. ) ;
#6732 = ADVANCED_FACE ( 'NONE', ( #498 ), #2797, .F. ) ;
#6733 = CARTESIAN_POINT ( 'NONE',  ( 2.084999999999999964, 0.8900000000000122258, 1.695000000000000284 ) ) ;
#6734 = VERTEX_POINT ( 'NONE', #3537 ) ;
#6735 = VECTOR ( 'NONE', #1420, 1000.000000000000000 ) ;
#6736 = DIRECTION ( 'NONE',  ( -1.000000000000000000, -0.000000000000000000, -0.000000000000000000 ) ) ;
#6737 = ORIENTED_EDGE ( 'NONE', *, *, #2639, .F. ) ;
#6738 = DIRECTION ( 'NONE',  ( -1.000000000000000000, 0.000000000000000000, 0.000000000000000000 ) ) ;
#6739 = EDGE_CURVE ( 'NONE', #7133, #6179, #2315, .T. ) ;
#6740 = CARTESIAN_POINT ( 'NONE',  ( 1.949999999999999956, 1.109999999999987663, -4.235000000000000320 ) ) ;
#6741 = VECTOR ( 'NONE', #3809, 1000.000000000000000 ) ;
#6742 = DIRECTION ( 'NONE',  ( -0.000000000000000000, -0.000000000000000000, -1.000000000000000000 ) ) ;
#6743 = LINE ( 'NONE', #5075, #3827 ) ;
#6744 = VECTOR ( 'NONE', #7426, 1000.000000000000000 ) ;
#6745 = CARTESIAN_POINT ( 'NONE',  ( 2.449768264469166734, 0.2579400421529494669, 4.655000000000000249 ) ) ;
#6746 = LINE ( 'NONE', #285, #5314 ) ;
#6747 = ORIENTED_EDGE ( 'NONE', *, *, #2744, .T. ) ;
#6748 = CIRCLE ( 'NONE', #3297, 0.07500000000000041356 ) ;
#6749 = ORIENTED_EDGE ( 'NONE', *, *, #775, .T. ) ;
#6750 = EDGE_CURVE ( 'NONE', #437, #5610, #2353, .T. ) ;
#6751 = CARTESIAN_POINT ( 'NONE',  ( 2.984653575776294865, -3.794707603699265519E-16, 4.655000000000000249 ) ) ;
#6752 = CIRCLE ( 'NONE', #2084, 0.2250000000000003664 ) ;
#6753 = DIRECTION ( 'NONE',  ( -0.000000000000000000, -0.000000000000000000, 1.000000000000000000 ) ) ;
#6754 = CARTESIAN_POINT ( 'NONE',  ( 2.434421840245462487, 0.03847595109581208178, 4.655000000000000249 ) ) ;
#6755 = AXIS2_PLACEMENT_3D ( 'NONE', #3367, #2153, #3262 ) ;
#6756 = VECTOR ( 'NONE', #6260, 1000.000000000000000 ) ;
#6757 = CARTESIAN_POINT ( 'NONE',  ( -2.159999999999999698, 0.3327573459224363317, -4.235000000000000320 ) ) ;
#6758 = EDGE_LOOP ( 'NONE', ( #551, #3474, #7328, #3468 ) ) ;
#6759 = ORIENTED_EDGE ( 'NONE', *, *, #3190, .F. ) ;
#6760 = PLANE ( 'NONE',  #468 ) ;
#6761 = EDGE_CURVE ( 'NONE', #1304, #1213, #2879, .T. ) ;
#6762 = ORIENTED_EDGE ( 'NONE', *, *, #2566, .T. ) ;
#6763 = LINE ( 'NONE', #6289, #7471 ) ;
#6764 = CARTESIAN_POINT ( 'NONE',  ( 1.949999999999999956, 0.8900000000000123368, -2.964999999999999858 ) ) ;
#6765 = AXIS2_PLACEMENT_3D ( 'NONE', #5061, #5680, #481 ) ;
#6766 = CARTESIAN_POINT ( 'NONE',  ( -2.379999999999975913, 0.8150000000000123812, -2.964999999999999858 ) ) ;
#6767 = VERTEX_POINT ( 'NONE', #6922 ) ;
#6768 = VERTEX_POINT ( 'NONE', #4547 ) ;
#6769 = DIRECTION ( 'NONE',  ( -8.993001040601393045E-16, -1.000000000000000000, -0.000000000000000000 ) ) ;
#6770 = ORIENTED_EDGE ( 'NONE', *, *, #5866, .T. ) ;
#6771 = CARTESIAN_POINT ( 'NONE',  ( 1.949999999999999956, 1.109999999999987663, -1.694999999999999840 ) ) ;
#6772 = CIRCLE ( 'NONE', #6158, 0.2949999999999762812 ) ;
#6773 = ORIENTED_EDGE ( 'NONE', *, *, #4205, .F. ) ;
#6774 = LINE ( 'NONE', #3733, #6306 ) ;
#6775 = ORIENTED_EDGE ( 'NONE', *, *, #2549, .T. ) ;
#6776 = AXIS2_PLACEMENT_3D ( 'NONE', #1011, #3503, #539 ) ;
#6777 = CARTESIAN_POINT ( 'NONE',  ( 0.000000000000000000, 0.2500000000000000000, 4.837150732346581883 ) ) ;
#6778 = AXIS2_PLACEMENT_3D ( 'NONE', #2986, #5209, #2220 ) ;
#6779 = DIRECTION ( 'NONE',  ( -0.000000000000000000, -0.000000000000000000, -1.000000000000000000 ) ) ;
#6780 = CARTESIAN_POINT ( 'NONE',  ( -1.904154985015797052, 1.370000000000004992, 4.904154985015796164 ) ) ;
#6781 = CARTESIAN_POINT ( 'NONE',  ( 2.984653575776294865, -3.794707603699265519E-16, -2.964999999999999858 ) ) ;
#6782 = LINE ( 'NONE', #6707, #2961 ) ;
#6783 = CIRCLE ( 'NONE', #2602, 0.07499999999999998335 ) ;
#6784 = CARTESIAN_POINT ( 'NONE',  ( 2.449768264469166734, 0.2579400421529494669, 2.964999999999999858 ) ) ;
#6785 = ORIENTED_EDGE ( 'NONE', *, *, #2637, .T. ) ;
#6786 = ORIENTED_EDGE ( 'NONE', *, *, #3591, .T. ) ;
#6787 = LINE ( 'NONE', #1527, #6985 ) ;
#6788 = DIRECTION ( 'NONE',  ( 0.000000000000000000, 0.000000000000000000, 1.000000000000000000 ) ) ;
#6789 = EDGE_CURVE ( 'NONE', #2150, #2341, #1749, .T. ) ;
#6790 = EDGE_CURVE ( 'NONE', #2692, #6992, #4698, .T. ) ;
#6791 = DIRECTION ( 'NONE',  ( 0.000000000000000000, -0.000000000000000000, -1.000000000000000000 ) ) ;
#6792 = ORIENTED_EDGE ( 'NONE', *, *, #4882, .T. ) ;
#6793 = ORIENTED_EDGE ( 'NONE', *, *, #5385, .T. ) ;
#6794 = ADVANCED_FACE ( 'NONE', ( #3960 ), #2271, .T. ) ;
#6795 = DIRECTION ( 'NONE',  ( 8.993001040601393045E-16, -1.000000000000000000, 0.000000000000000000 ) ) ;
#6796 = EDGE_LOOP ( 'NONE', ( #17, #2553, #5992, #2057 ) ) ;
#6797 = DIRECTION ( 'NONE',  ( -1.000000000000000000, 0.000000000000000000, 0.000000000000000000 ) ) ;
#6798 = DIRECTION ( 'NONE',  ( -0.000000000000000000, -0.000000000000000000, -1.000000000000000000 ) ) ;
#6799 = CARTESIAN_POINT ( 'NONE',  ( 2.454999999999975646, 0.3327573459224363317, 2.115000000000000657 ) ) ;
#6800 = AXIS2_PLACEMENT_3D ( 'NONE', #2735, #501, #3347 ) ;
#6801 = ORIENTED_EDGE ( 'NONE', *, *, #2524, .F. ) ;
#6802 = VERTEX_POINT ( 'NONE', #3376 ) ;
#6803 = LINE ( 'NONE', #1509, #2768 ) ;
#6804 = EDGE_LOOP ( 'NONE', ( #833, #7125, #2642, #2978 ) ) ;
#6805 = FACE_OUTER_BOUND ( 'NONE', #6421, .T. ) ;
#6806 = SURFACE_SIDE_STYLE ('',( #1513 ) ) ;
#6807 =( GEOMETRIC_REPRESENTATION_CONTEXT ( 3 ) GLOBAL_UNCERTAINTY_ASSIGNED_CONTEXT ( ( #3820 ) ) GLOBAL_UNIT_ASSIGNED_CONTEXT ( ( #1551, #3340, #1110 ) ) REPRESENTATION_CONTEXT ( 'NONE', 'WORKASPACE' ) );
#6808 = EDGE_CURVE ( 'NONE', #3214, #2513, #5148, .T. ) ;
#6809 = DIRECTION ( 'NONE',  ( -0.000000000000000000, -0.000000000000000000, -1.000000000000000000 ) ) ;
#6810 = LINE ( 'NONE', #3158, #907 ) ;
#6811 = VERTEX_POINT ( 'NONE', #6343 ) ;
#6812 = MECHANICAL_DESIGN_GEOMETRIC_PRESENTATION_REPRESENTATION (  '', ( #5577 ), #3488 ) ;
#6813 = LINE ( 'NONE', #4545, #718 ) ;
#6814 = CARTESIAN_POINT ( 'NONE',  ( -2.084999999999999964, 1.109999999999987663, -2.964999999999999858 ) ) ;
#6815 = CARTESIAN_POINT ( 'NONE',  ( -2.084999999999999964, 0.8900000000000123368, 4.655000000000000249 ) ) ;
#6816 = DIRECTION ( 'NONE',  ( 1.000000000000000000, 8.993001040601393045E-16, -0.000000000000000000 ) ) ;
#6817 = VECTOR ( 'NONE', #2985, 1000.000000000000000 ) ;
#6818 = DIRECTION ( 'NONE',  ( 1.000000000000000000, -8.031127203596320741E-16, -0.000000000000000000 ) ) ;
#6819 = AXIS2_PLACEMENT_3D ( 'NONE', #6920, #5183, #2917 ) ;
#6820 = SURFACE_STYLE_FILL_AREA ( #5231 ) ;
#6821 = CARTESIAN_POINT ( 'NONE',  ( 2.084999999999999964, 0.8150000000000123812, 4.655000000000000249 ) ) ;
#6822 = ORIENTED_EDGE ( 'NONE', *, *, #4872, .T. ) ;
#6823 = ADVANCED_FACE ( 'NONE', ( #1073 ), #3416, .F. ) ;
#6824 = ORIENTED_EDGE ( 'NONE', *, *, #5076, .T. ) ;
#6825 = EDGE_CURVE ( 'NONE', #3144, #2525, #3462, .T. ) ;
#6826 = DIRECTION ( 'NONE',  ( 0.000000000000000000, 0.000000000000000000, 1.000000000000000000 ) ) ;
#6827 =( NAMED_UNIT ( * ) PLANE_ANGLE_UNIT ( ) SI_UNIT ( $, .RADIAN. ) );
#6828 = PLANE ( 'NONE',  #133 ) ;
#6829 = MECHANICAL_DESIGN_GEOMETRIC_PRESENTATION_REPRESENTATION (  '', ( #812 ), #2655 ) ;
#6830 = AXIS2_PLACEMENT_3D ( 'NONE', #3110, #764, #4911 ) ;
#6831 = VERTEX_POINT ( 'NONE', #1275 ) ;
#6832 = ORIENTED_EDGE ( 'NONE', *, *, #3203, .F. ) ;
#6833 = CARTESIAN_POINT ( 'NONE',  ( -2.379999999999975469, 0.3327573459224363317, 4.655000000000000249 ) ) ;
#6834 = ORIENTED_EDGE ( 'NONE', *, *, #4882, .F. ) ;
#6835 = FACE_OUTER_BOUND ( 'NONE', #2355, .T. ) ;
#6836 = EDGE_CURVE ( 'NONE', #2555, #4084, #3616, .T. ) ;
#6837 = EDGE_CURVE ( 'NONE', #1204, #1240, #7078, .T. ) ;
#6838 = CARTESIAN_POINT ( 'NONE',  ( -2.084999999999999964, 0.8150000000000123812, 3.384999999999999787 ) ) ;
#6839 = ADVANCED_FACE ( 'NONE', ( #1826 ), #3656, .T. ) ;
#6840 = VECTOR ( 'NONE', #1785, 1000.000000000000000 ) ;
#6841 = DIRECTION ( 'NONE',  ( -0.000000000000000000, -0.000000000000000000, -1.000000000000000000 ) ) ;
#6842 = ORIENTED_EDGE ( 'NONE', *, *, #1647, .T. ) ;
#6843 = ORIENTED_EDGE ( 'NONE', *, *, #6669, .F. ) ;
#6844 = CARTESIAN_POINT ( 'NONE',  ( 2.379999999999975469, 0.3327573459224363317, 4.235000000000000320 ) ) ;
#6845 = ORIENTED_EDGE ( 'NONE', *, *, #2801, .T. ) ;
#6846 = DIRECTION ( 'NONE',  ( -0.000000000000000000, -0.000000000000000000, -1.000000000000000000 ) ) ;
#6847 = EDGE_CURVE ( 'NONE', #6073, #6802, #2389, .T. ) ;
#6848 = CARTESIAN_POINT ( 'NONE',  ( -2.449768264469166734, 0.2579400421529493004, 2.115000000000000657 ) ) ;
#6849 = ORIENTED_EDGE ( 'NONE', *, *, #2698, .T. ) ;
#6850 = DIRECTION ( 'NONE',  ( -8.993001040601393045E-16, 1.000000000000000000, 0.000000000000000000 ) ) ;
#6851 = CARTESIAN_POINT ( 'NONE',  ( 1.949999999999999956, 1.109999999999987663, 4.655000000000000249 ) ) ;
#6852 = EDGE_CURVE ( 'NONE', #6811, #7433, #3000, .T. ) ;
#6853 = FACE_OUTER_BOUND ( 'NONE', #5941, .T. ) ;
#6854 = CARTESIAN_POINT ( 'NONE',  ( 2.160000000000000142, 0.8150000000000123812, -2.115000000000000213 ) ) ;
#6855 = CARTESIAN_POINT ( 'NONE',  ( 2.160000000000000142, 0.8150000000000123812, 0.8450000000000003064 ) ) ;
#6856 = ORIENTED_EDGE ( 'NONE', *, *, #1539, .F. ) ;
#6857 = AXIS2_PLACEMENT_3D ( 'NONE', #505, #4370, #4590 ) ;
#6858 = VERTEX_POINT ( 'NONE', #3039 ) ;
#6859 = CARTESIAN_POINT ( 'NONE',  ( 2.454999999999975646, 0.3327573459224363317, 1.695000000000000284 ) ) ;
#6860 = CARTESIAN_POINT ( 'NONE',  ( -1.904154985015797052, 1.370000000000004325, -4.950000000000001066 ) ) ;
#6861 = DIRECTION ( 'NONE',  ( 1.000000000000000000, 0.000000000000000000, 0.000000000000000000 ) ) ;
#6862 = EDGE_CURVE ( 'NONE', #6319, #5820, #4236, .T. ) ;
#6863 = VECTOR ( 'NONE', #2377, 1000.000000000000227 ) ;
#6864 = AXIS2_PLACEMENT_3D ( 'NONE', #5238, #7497, #5777 ) ;
#6865 = ORIENTED_EDGE ( 'NONE', *, *, #5866, .F. ) ;
#6866 = ORIENTED_EDGE ( 'NONE', *, *, #6957, .T. ) ;
#6867 = CARTESIAN_POINT ( 'NONE',  ( -2.084999999999999964, 0.8900000000000122258, 0.8450000000000003064 ) ) ;
#6868 = ORIENTED_EDGE ( 'NONE', *, *, #4789, .T. ) ;
#6869 = DIRECTION ( 'NONE',  ( -0.9975640502598246417, -0.06975647374411851620, 0.000000000000000000 ) ) ;
#6870 = VECTOR ( 'NONE', #2187, 1000.000000000000000 ) ;
#6871 = DIRECTION ( 'NONE',  ( -1.000000000000000000, 0.000000000000000000, 0.000000000000000000 ) ) ;
#6872 = EDGE_CURVE ( 'NONE', #3902, #7443, #210, .T. ) ;
#6873 = DIRECTION ( 'NONE',  ( 1.000000000000000000, -8.031127203596320741E-16, -0.000000000000000000 ) ) ;
#6874 = ORIENTED_EDGE ( 'NONE', *, *, #4060, .T. ) ;
#6875 = ORIENTED_EDGE ( 'NONE', *, *, #7575, .T. ) ;
#6876 = CARTESIAN_POINT ( 'NONE',  ( 2.984653575776294865, -3.794707603699265519E-16, 0.4250000000000000444 ) ) ;
#6877 = ORIENTED_EDGE ( 'NONE', *, *, #2881, .F. ) ;
#6878 = DIRECTION ( 'NONE',  ( -0.000000000000000000, -1.000000000000000000, -0.000000000000000000 ) ) ;
#6879 = VECTOR ( 'NONE', #2783, 1000.000000000000000 ) ;
#6880 = CARTESIAN_POINT ( 'NONE',  ( -2.454999999999975646, 0.3327573459224363317, -1.694999999999999840 ) ) ;
#6881 = ADVANCED_FACE ( 'NONE', ( #2471 ), #653, .F. ) ;
#6882 = DIRECTION ( 'NONE',  ( -1.000000000000000000, 0.000000000000000000, 0.000000000000000000 ) ) ;
#6883 = EDGE_LOOP ( 'NONE', ( #6793, #174, #5293, #6684 ) ) ;
#6884 = CARTESIAN_POINT ( 'NONE',  ( -2.449768264469166734, 0.2579400421529494669, -2.115000000000000213 ) ) ;
#6885 = DIRECTION ( 'NONE',  ( -0.000000000000000000, -0.000000000000000000, -1.000000000000000000 ) ) ;
#6886 = LINE ( 'NONE', #3963, #2719 ) ;
#6887 = AXIS2_PLACEMENT_3D ( 'NONE', #5998, #3688, #7190 ) ;
#6888 = AXIS2_PLACEMENT_3D ( 'NONE', #7489, #7040, #1039 ) ;
#6889 = CYLINDRICAL_SURFACE ( 'NONE', #2487, 0.07499999999999998335 ) ;
#6890 = ORIENTED_EDGE ( 'NONE', *, *, #2627, .T. ) ;
#6891 = ORIENTED_EDGE ( 'NONE', *, *, #96, .F. ) ;
#6892 = LINE ( 'NONE', #6932, #729 ) ;
#6893 = DIRECTION ( 'NONE',  ( -8.993001040601393045E-16, -1.000000000000000000, 0.000000000000000000 ) ) ;
#6894 = DIRECTION ( 'NONE',  ( -0.000000000000000000, -0.000000000000000000, -1.000000000000000000 ) ) ;
#6895 = AXIS2_PLACEMENT_3D ( 'NONE', #3648, #154, #263 ) ;
#6896 = CARTESIAN_POINT ( 'NONE',  ( 1.949999999999999956, 1.109999999999987663, -4.235000000000000320 ) ) ;
#6897 = ADVANCED_FACE ( 'NONE', ( #1320 ), #6005, .F. ) ;
#6898 = ORIENTED_EDGE ( 'NONE', *, *, #1726, .T. ) ;
#6899 = EDGE_CURVE ( 'NONE', #2868, #4182, #4771, .T. ) ;
#6900 = VERTEX_POINT ( 'NONE', #4197 ) ;
#6901 = EDGE_LOOP ( 'NONE', ( #6722, #221, #5173, #2105 ) ) ;
#6902 = DIRECTION ( 'NONE',  ( 1.000000000000000000, 8.993001040601393045E-16, -0.000000000000000000 ) ) ;
#6903 = DIRECTION ( 'NONE',  ( -0.000000000000000000, -0.000000000000000000, -1.000000000000000000 ) ) ;
#6904 = ADVANCED_BREP_SHAPE_REPRESENTATION ( '16 Narrow SO_21-0041', ( #6326, #3862, #6487, #1294, #3826, #1423, #6271, #1335, #1390, #1397, #6502, #3936, #6476, #3767, #6367, #1410, #6300, #1228, #550 ), #3745 ) ;
#6905 = CARTESIAN_POINT ( 'NONE',  ( 1.695562207025369084, 2.552988429520690605, 4.695562207025369084 ) ) ;
#6906 = CLOSED_SHELL ( 'NONE', ( #660, #4177, #6039, #3429, #3938, #7276, #2076, #1797, #7164, #4724, #6897, #1959, #1473, #149 ) ) ;
#6907 = CARTESIAN_POINT ( 'NONE',  ( 2.379999999999975469, 0.3327573459224363317, -0.4250000000000000444 ) ) ;
#6908 = CARTESIAN_POINT ( 'NONE',  ( -2.160000000000000142, 0.8150000000000123812, 3.384999999999999787 ) ) ;
#6909 = AXIS2_PLACEMENT_3D ( 'NONE', #5986, #938, #3274 ) ;
#6910 = ORIENTED_EDGE ( 'NONE', *, *, #1007, .T. ) ;
#6911 = VERTEX_POINT ( 'NONE', #6546 ) ;
#6912 = DIRECTION ( 'NONE',  ( 0.000000000000000000, 0.000000000000000000, 1.000000000000000000 ) ) ;
#6913 = ORIENTED_EDGE ( 'NONE', *, *, #6230, .T. ) ;
#6914 = DIRECTION ( 'NONE',  ( -1.000000000000000000, 0.000000000000000000, 0.000000000000000000 ) ) ;
#6915 = EDGE_CURVE ( 'NONE', #2359, #4203, #5816, .T. ) ;
#6916 = FACE_OUTER_BOUND ( 'NONE', #4849, .T. ) ;
#6917 = PLANE ( 'NONE',  #3728 ) ;
#6918 = ORIENTED_EDGE ( 'NONE', *, *, #1116, .F. ) ;
#6919 = DIRECTION ( 'NONE',  ( 1.000000000000000000, 8.993001040601393045E-16, -0.000000000000000000 ) ) ;
#6920 = CARTESIAN_POINT ( 'NONE',  ( -2.449768264469166734, 0.2579400421529494669, 2.115000000000000657 ) ) ;
#6921 = AXIS2_PLACEMENT_3D ( 'NONE', #5038, #2085, #4353 ) ;
#6922 = CARTESIAN_POINT ( 'NONE',  ( -3.000000000000000000, 0.2194640910571372949, 2.115000000000000657 ) ) ;
#6923 = EDGE_CURVE ( 'NONE', #167, #158, #4741, .T. ) ;
#6924 = EDGE_CURVE ( 'NONE', #4957, #27, #1759, .T. ) ;
#6925 = DIRECTION ( 'NONE',  ( 0.000000000000000000, 0.000000000000000000, -1.000000000000000000 ) ) ;
#6926 = VECTOR ( 'NONE', #5196, 1000.000000000000000 ) ;
#6927 = ADVANCED_FACE ( 'NONE', ( #7010 ), #6351, .F. ) ;
#6928 = CARTESIAN_POINT ( 'NONE',  ( 1.837150732346581883, 0.2500000000000000000, 4.949999999999999289 ) ) ;
#6929 = ORIENTED_EDGE ( 'NONE', *, *, #2172, .F. ) ;
#6930 = FACE_OUTER_BOUND ( 'NONE', #7345, .T. ) ;
#6931 = ORIENTED_EDGE ( 'NONE', *, *, #1559, .T. ) ;
#6932 = CARTESIAN_POINT ( 'NONE',  ( 2.159999999999999698, 0.3327573459224363317, 1.695000000000000284 ) ) ;
#6933 = CARTESIAN_POINT ( 'NONE',  ( -2.084999999999999964, 0.8150000000000123812, -4.235000000000000320 ) ) ;
#6934 = DIRECTION ( 'NONE',  ( -1.000000000000000000, 0.000000000000000000, 0.000000000000000000 ) ) ;
#6935 = DIRECTION ( 'NONE',  ( -0.000000000000000000, 0.000000000000000000, -1.000000000000000000 ) ) ;
#6936 = ORIENTED_EDGE ( 'NONE', *, *, #6945, .F. ) ;
#6937 = PRESENTATION_LAYER_ASSIGNMENT (  '', '', ( #1923 ) ) ;
#6938 = VERTEX_POINT ( 'NONE', #5776 ) ;
#6939 = ORIENTED_EDGE ( 'NONE', *, *, #4568, .T. ) ;
#6940 = CARTESIAN_POINT ( 'NONE',  ( 3.000000000000000000, 0.2194640910571372949, 0.8450000000000003064 ) ) ;
#6941 = LINE ( 'NONE', #7057, #5970 ) ;
#6942 = VECTOR ( 'NONE', #3477, 1000.000000000000000 ) ;
#6943 = CARTESIAN_POINT ( 'NONE',  ( 2.084999999999999964, 0.8150000000000123812, 3.384999999999999787 ) ) ;
#6944 = EDGE_CURVE ( 'NONE', #3534, #6997, #5193, .T. ) ;
#6945 = EDGE_CURVE ( 'NONE', #5533, #5397, #4506, .T. ) ;
#6946 = AXIS2_PLACEMENT_3D ( 'NONE', #736, #6691, #6624 ) ;
#6947 = CARTESIAN_POINT ( 'NONE',  ( 2.160000000000000142, 0.8150000000000123812, -0.4250000000000000444 ) ) ;
#6948 = LINE ( 'NONE', #3481, #3909 ) ;
#6949 = ORIENTED_EDGE ( 'NONE', *, *, #4333, .F. ) ;
#6950 = ORIENTED_EDGE ( 'NONE', *, *, #1491, .T. ) ;
#6951 = CARTESIAN_POINT ( 'NONE',  ( 2.379999999999975913, 0.8150000000000123812, 3.384999999999999787 ) ) ;
#6952 = ORIENTED_EDGE ( 'NONE', *, *, #6957, .F. ) ;
#6953 = CARTESIAN_POINT ( 'NONE',  ( 0.000000000000000000, 0.2500000000000000000, 0.000000000000000000 ) ) ;
#6954 = DIRECTION ( 'NONE',  ( -0.000000000000000000, -0.000000000000000000, -1.000000000000000000 ) ) ;
#6955 = EDGE_CURVE ( 'NONE', #5950, #6302, #5237, .T. ) ;
#6956 = DIRECTION ( 'NONE',  ( -0.000000000000000000, -0.000000000000000000, -1.000000000000000000 ) ) ;
#6957 = EDGE_CURVE ( 'NONE', #6543, #3534, #6970, .T. ) ;
#6958 = EDGE_CURVE ( 'NONE', #1358, #2030, #507, .T. ) ;
#6959 = VERTEX_POINT ( 'NONE', #5856 ) ;
#6960 = DIRECTION ( 'NONE',  ( -0.06975647374412144441, 0.9975640502598245307, 0.000000000000000000 ) ) ;
#6961 = AXIS2_PLACEMENT_3D ( 'NONE', #2625, #2052, #4508 ) ;
#6962 = DIRECTION ( 'NONE',  ( -8.993001040601393045E-16, 1.000000000000000000, 0.000000000000000000 ) ) ;
#6963 = CARTESIAN_POINT ( 'NONE',  ( -2.379999999999975913, 0.8150000000000123812, 1.695000000000000284 ) ) ;
#6964 = DIRECTION ( 'NONE',  ( -0.1710878697460324060, -0.9702875252478150303, 0.1710878697460324060 ) ) ;
#6965 = DIRECTION ( 'NONE',  ( -0.000000000000000000, -0.000000000000000000, -1.000000000000000000 ) ) ;
#6966 = EDGE_LOOP ( 'NONE', ( #5059, #1231, #5296, #3094, #182, #1979, #657, #514, #1295, #6294, #2395, #2756 ) ) ;
#6967 = CARTESIAN_POINT ( 'NONE',  ( 2.379999999999975469, 0.3327573459224363317, 4.655000000000000249 ) ) ;
#6968 = AXIS2_PLACEMENT_3D ( 'NONE', #6338, #6809, #4462 ) ;
#6969 = VERTEX_POINT ( 'NONE', #5933 ) ;
#6971 = DIRECTION ( 'NONE',  ( -0.000000000000000000, -0.000000000000000000, -1.000000000000000000 ) ) ;
#6970 = LINE ( 'NONE', #6433, #2665 ) ;
#6972 = DIRECTION ( 'NONE',  ( -0.000000000000000000, -0.000000000000000000, -1.000000000000000000 ) ) ;
#6973 = CARTESIAN_POINT ( 'NONE',  ( 2.084999999999999964, 1.109999999999987885, -3.384999999999999787 ) ) ;
#6974 = CARTESIAN_POINT ( 'NONE',  ( 2.159999999999999698, 0.3327573459224363317, 1.695000000000000284 ) ) ;
#6975 =( GEOMETRIC_REPRESENTATION_CONTEXT ( 3 ) GLOBAL_UNCERTAINTY_ASSIGNED_CONTEXT ( ( #3677 ) ) GLOBAL_UNIT_ASSIGNED_CONTEXT ( ( #4085, #4778, #5813 ) ) REPRESENTATION_CONTEXT ( 'NONE', 'WORKASPACE' ) );
#6976 = ORIENTED_EDGE ( 'NONE', *, *, #5139, .T. ) ;
#6977 = EDGE_CURVE ( 'NONE', #3583, #6959, #624, .T. ) ;
#6978 = AXIS2_PLACEMENT_3D ( 'NONE', #2370, #4712, #7056 ) ;
#6979 = ORIENTED_EDGE ( 'NONE', *, *, #4060, .F. ) ;
#6980 = EDGE_LOOP ( 'NONE', ( #6427, #5687, #1487, #6161 ) ) ;
#6981 = LINE ( 'NONE', #4678, #347 ) ;
#6982 = PLANE ( 'NONE',  #556 ) ;
#6983 = AXIS2_PLACEMENT_3D ( 'NONE', #2497, #4908, #4838 ) ;
#6984 = CARTESIAN_POINT ( 'NONE',  ( 2.159999999999999698, 0.3327573459224363317, 2.115000000000000657 ) ) ;
#6985 = VECTOR ( 'NONE', #6714, 1000.000000000000000 ) ;
#6986 = DIRECTION ( 'NONE',  ( -0.000000000000000000, -0.000000000000000000, -1.000000000000000000 ) ) ;
#6987 = LINE ( 'NONE', #1734, #5514 ) ;
#6988 = ORIENTED_EDGE ( 'NONE', *, *, #2088, .F. ) ;
#6989 = ORIENTED_EDGE ( 'NONE', *, *, #4062, .F. ) ;
#6990 = CARTESIAN_POINT ( 'NONE',  ( -1.950000000000000400, 1.109999999999987663, -0.4250000000000000444 ) ) ;
#6991 = CIRCLE ( 'NONE', #4659, 0.2949999999999756151 ) ;
#6992 = VERTEX_POINT ( 'NONE', #2283 ) ;
#6993 = CARTESIAN_POINT ( 'NONE',  ( 2.454999999999975646, 0.3327573459224363317, 2.115000000000000657 ) ) ;
#6994 = DIRECTION ( 'NONE',  ( -0.000000000000000000, 0.000000000000000000, -1.000000000000000000 ) ) ;
#6995 = CYLINDRICAL_SURFACE ( 'NONE', #6654, 0.2250000000000003664 ) ;
#6996 = CARTESIAN_POINT ( 'NONE',  ( 2.379999999999975913, 0.8150000000000123812, -1.694999999999999840 ) ) ;
#6997 = VERTEX_POINT ( 'NONE', #3469 ) ;
#6998 = FACE_OUTER_BOUND ( 'NONE', #7590, .T. ) ;
#6999 = VECTOR ( 'NONE', #7370, 1000.000000000000000 ) ;
#7000 = CARTESIAN_POINT ( 'NONE',  ( 2.084999999999999964, 1.109999999999987885, 4.235000000000000320 ) ) ;
#7001 = CARTESIAN_POINT ( 'NONE',  ( 2.379999999999975469, 0.3327573459224363317, -0.4250000000000000444 ) ) ;
#7002 = CARTESIAN_POINT ( 'NONE',  ( 1.695562207025369084, -0.5529884295206909384, -4.695562207025370860 ) ) ;
#7003 = VECTOR ( 'NONE', #6285, 1000.000000000000000 ) ;
#7004 = ORIENTED_EDGE ( 'NONE', *, *, #6058, .F. ) ;
#7005 = CARTESIAN_POINT ( 'NONE',  ( 2.160000000000000142, 0.8150000000000123812, -1.694999999999999840 ) ) ;
#7006 = VERTEX_POINT ( 'NONE', #583 ) ;
#7007 = CARTESIAN_POINT ( 'NONE',  ( 2.454999999999975646, 0.3327573459224363317, 1.695000000000000284 ) ) ;
#7008 = ADVANCED_FACE ( 'NONE', ( #4705 ), #7569, .F. ) ;
#7009 = ORIENTED_EDGE ( 'NONE', *, *, #1085, .T. ) ;
#7011 = CARTESIAN_POINT ( 'NONE',  ( 2.454999999999975646, 0.3327573459224363317, 4.655000000000000249 ) ) ;
#7010 = FACE_OUTER_BOUND ( 'NONE', #4133, .T. ) ;
#7012 = DIRECTION ( 'NONE',  ( 0.000000000000000000, 0.000000000000000000, 1.000000000000000000 ) ) ;
#7013 = DIRECTION ( 'NONE',  ( -1.000000000000000000, 0.000000000000000000, 0.000000000000000000 ) ) ;
#7014 = CARTESIAN_POINT ( 'NONE',  ( -2.084999999999999964, 0.8900000000000122258, -0.8450000000000003064 ) ) ;
#7015 = AXIS2_PLACEMENT_3D ( 'NONE', #7525, #3539, #6389 ) ;
#7016 = VERTEX_POINT ( 'NONE', #5893 ) ;
#7017 = AXIS2_PLACEMENT_3D ( 'NONE', #4041, #6965, #1709 ) ;
#7018 = EDGE_LOOP ( 'NONE', ( #3783, #5490, #1953, #4662, #6358, #6939, #6504, #744, #7504, #7364, #7009, #2477 ) ) ;
#7019 = DIRECTION ( 'NONE',  ( -0.000000000000000000, -0.000000000000000000, -1.000000000000000000 ) ) ;
#7020 = CIRCLE ( 'NONE', #4072, 0.2949999999999762812 ) ;
#7021 = DIRECTION ( 'NONE',  ( -0.000000000000000000, -0.000000000000000000, -1.000000000000000000 ) ) ;
#7022 = CARTESIAN_POINT ( 'NONE',  ( 2.379999999999975469, 0.3327573459224363317, 4.655000000000000249 ) ) ;
#7023 = EDGE_CURVE ( 'NONE', #1608, #339, #6396, .T. ) ;
#7024 = EDGE_CURVE ( 'NONE', #826, #307, #1938, .T. ) ;
#7025 = CARTESIAN_POINT ( 'NONE',  ( -2.159999999999999698, 0.3327573459224363317, -0.8450000000000003064 ) ) ;
#7026 = ADVANCED_FACE ( 'NONE', ( #1126 ), #2398, .F. ) ;
#7027 = DIRECTION ( 'NONE',  ( 0.000000000000000000, -0.000000000000000000, 1.000000000000000000 ) ) ;
#7028 = ORIENTED_EDGE ( 'NONE', *, *, #6332, .T. ) ;
#7029 = ORIENTED_EDGE ( 'NONE', *, *, #3649, .T. ) ;
#7030 = DIRECTION ( 'NONE',  ( -1.000000000000000000, -8.993001040601393045E-16, 0.000000000000000000 ) ) ;
#7031 = VERTEX_POINT ( 'NONE', #1793 ) ;
#7032 = CARTESIAN_POINT ( 'NONE',  ( 1.949999999999999956, 0.8900000000000123368, -4.655000000000000249 ) ) ;
#7033 = DIRECTION ( 'NONE',  ( 0.000000000000000000, 0.000000000000000000, -1.000000000000000000 ) ) ;
#7034 = CARTESIAN_POINT ( 'NONE',  ( -2.084999999999999964, 0.8900000000000122258, -2.964999999999999858 ) ) ;
#7035 = ORIENTED_EDGE ( 'NONE', *, *, #3730, .F. ) ;
#7036 = DIRECTION ( 'NONE',  ( -0.9975640502598246417, 0.06975647374411851620, -0.000000000000000000 ) ) ;
#7037 = DIRECTION ( 'NONE',  ( -0.9975640502598246417, 0.06975647374411851620, -0.000000000000000000 ) ) ;
#7038 = DIRECTION ( 'NONE',  ( -8.993001040601393045E-16, -1.000000000000000000, -0.000000000000000000 ) ) ;
#7039 = EDGE_CURVE ( 'NONE', #297, #6047, #7087, .T. ) ;
#7040 = DIRECTION ( 'NONE',  ( -0.000000000000000000, -0.000000000000000000, -1.000000000000000000 ) ) ;
#7041 = EDGE_CURVE ( 'NONE', #5972, #1813, #4667, .T. ) ;
#7042 = ORIENTED_EDGE ( 'NONE', *, *, #334, .F. ) ;
#7043 = DIRECTION ( 'NONE',  ( 0.000000000000000000, 0.000000000000000000, -1.000000000000000000 ) ) ;
#7044 = ORIENTED_EDGE ( 'NONE', *, *, #2647, .T. ) ;
#7045 =( GEOMETRIC_REPRESENTATION_CONTEXT ( 3 ) GLOBAL_UNCERTAINTY_ASSIGNED_CONTEXT ( ( #1919 ) ) GLOBAL_UNIT_ASSIGNED_CONTEXT ( ( #2996, #2385, #648 ) ) REPRESENTATION_CONTEXT ( 'NONE', 'WORKASPACE' ) );
#7046 = VERTEX_POINT ( 'NONE', #1244 ) ;
#7048 = CARTESIAN_POINT ( 'NONE',  ( 2.379999999999975469, 0.3327573459224363317, 0.4250000000000000444 ) ) ;
#7047 = DIRECTION ( 'NONE',  ( 8.993001040601393045E-16, 1.000000000000000000, 0.000000000000000000 ) ) ;
#7049 = DIRECTION ( 'NONE',  ( -0.000000000000000000, -0.000000000000000000, -1.000000000000000000 ) ) ;
#7050 = SURFACE_STYLE_USAGE ( .BOTH. , #1674 ) ;
#7051 = DIRECTION ( 'NONE',  ( -1.000000000000000000, 0.000000000000000000, 0.000000000000000000 ) ) ;
#7052 = EDGE_CURVE ( 'NONE', #6657, #5048, #662, .T. ) ;
#7053 = ORIENTED_EDGE ( 'NONE', *, *, #345, .F. ) ;
#7054 = EDGE_CURVE ( 'NONE', #1725, #3169, #3770, .T. ) ;
#7055 = EDGE_LOOP ( 'NONE', ( #6494, #5669, #5773, #5799 ) ) ;
#7056 = DIRECTION ( 'NONE',  ( -1.000000000000000000, 0.000000000000000000, 0.000000000000000000 ) ) ;
#7057 = CARTESIAN_POINT ( 'NONE',  ( 2.434421840245462487, 0.03847595109581208178, 3.384999999999999787 ) ) ;
#7058 = LINE ( 'NONE', #5167, #124 ) ;
#7059 = VECTOR ( 'NONE', #4814, 1000.000000000000000 ) ;
#7060 = CARTESIAN_POINT ( 'NONE',  ( -2.160000000000000142, 0.8150000000000123812, 1.695000000000000284 ) ) ;
#7061 = CARTESIAN_POINT ( 'NONE',  ( 1.949999999999999956, 1.109999999999987663, 2.964999999999999858 ) ) ;
#7062 = EDGE_LOOP ( 'NONE', ( #7580, #3709, #5294, #6182 ) ) ;
#7063 = VERTEX_POINT ( 'NONE', #704 ) ;
#7064 = DIRECTION ( 'NONE',  ( 0.06975647374412144441, 0.9975640502598245307, -0.000000000000000000 ) ) ;
#7065 = ORIENTED_EDGE ( 'NONE', *, *, #6761, .T. ) ;
#7066 = DIRECTION ( 'NONE',  ( 0.000000000000000000, 0.000000000000000000, -1.000000000000000000 ) ) ;
#7067 = FACE_OUTER_BOUND ( 'NONE', #4183, .T. ) ;
#7068 = AXIS2_PLACEMENT_3D ( 'NONE', #919, #3335, #1617 ) ;
#7069 = VECTOR ( 'NONE', #1298, 1000.000000000000000 ) ;
#7070 = CARTESIAN_POINT ( 'NONE',  ( 2.160000000000000142, 0.8150000000000123812, 2.964999999999999858 ) ) ;
#7071 = VECTOR ( 'NONE', #1104, 1000.000000000000000 ) ;
#7072 = VERTEX_POINT ( 'NONE', #3738 ) ;
#7073 = EDGE_CURVE ( 'NONE', #6668, #5743, #4752, .T. ) ;
#7074 = ORIENTED_EDGE ( 'NONE', *, *, #4739, .T. ) ;
#7075 = LINE ( 'NONE', #1233, #69 ) ;
#7076 = CARTESIAN_POINT ( 'NONE',  ( -2.379999999999975913, 0.8150000000000123812, 4.655000000000000249 ) ) ;
#7077 = VECTOR ( 'NONE', #4167, 1000.000000000000227 ) ;
#7078 = LINE ( 'NONE', #1900, #1191 ) ;
#7079 = FACE_OUTER_BOUND ( 'NONE', #2499, .T. ) ;
#7080 = ORIENTED_EDGE ( 'NONE', *, *, #7174, .T. ) ;
#7081 = AXIS2_PLACEMENT_3D ( 'NONE', #5308, #77, #2431 ) ;
#7082 = CARTESIAN_POINT ( 'NONE',  ( 3.000000000000000000, 0.2194640910571372949, -4.235000000000000320 ) ) ;
#7083 = EDGE_LOOP ( 'NONE', ( #714, #3055, #4450, #4990 ) ) ;
#7084 = PLANE ( 'NONE',  #2190 ) ;
#7085 = EDGE_CURVE ( 'NONE', #5742, #6728, #2016, .T. ) ;
#7086 = ORIENTED_EDGE ( 'NONE', *, *, #1850, .F. ) ;
#7088 = LINE ( 'NONE', #3625, #2799 ) ;
#7087 = LINE ( 'NONE', #6474, #4136 ) ;
#7089 = LINE ( 'NONE', #3386, #4378 ) ;
#7090 = LINE ( 'NONE', #3130, #2523 ) ;
#7091 = LINE ( 'NONE', #1086, #5412 ) ;
#7092 = ORIENTED_EDGE ( 'NONE', *, *, #1661, .F. ) ;
#7093 = ORIENTED_EDGE ( 'NONE', *, *, #161, .F. ) ;
#7094 = DIRECTION ( 'NONE',  ( -0.9975640502598246417, -0.06975647374411912682, 0.000000000000000000 ) ) ;
#7095 = CARTESIAN_POINT ( 'NONE',  ( 2.159999999999999698, 0.3327573459224363317, 4.655000000000000249 ) ) ;
#7096 = ADVANCED_FACE ( 'NONE', ( #206 ), #3704, .F. ) ;
#7097 = CARTESIAN_POINT ( 'NONE',  ( -2.449768264469166734, 0.2579400421529494669, -4.235000000000000320 ) ) ;
#7098 = CARTESIAN_POINT ( 'NONE',  ( 3.000000000000000000, 0.2194640910571372949, 1.695000000000000284 ) ) ;
#7099 = FACE_OUTER_BOUND ( 'NONE', #6361, .T. ) ;
#7100 = ORIENTED_EDGE ( 'NONE', *, *, #5580, .F. ) ;
#7101 = ORIENTED_EDGE ( 'NONE', *, *, #1313, .T. ) ;
#7102 = DIRECTION ( 'NONE',  ( -1.000000000000000000, 0.000000000000000000, 0.000000000000000000 ) ) ;
#7103 = AXIS2_PLACEMENT_3D ( 'NONE', #4243, #1284, #6594 ) ;
#7104 = ORIENTED_EDGE ( 'NONE', *, *, #5284, .F. ) ;
#7105 = CARTESIAN_POINT ( 'NONE',  ( -1.950000000000000400, 1.109999999999987663, -4.655000000000000249 ) ) ;
#7106 = VECTOR ( 'NONE', #635, 1000.000000000000000 ) ;
#7107 = DIRECTION ( 'NONE',  ( 0.9975640502598246417, -0.06975647374411851620, 0.000000000000000000 ) ) ;
#7108 = EDGE_CURVE ( 'NONE', #3326, #2505, #698, .T. ) ;
#7109 = DIRECTION ( 'NONE',  ( -0.000000000000000000, -0.1736481776669271393, -0.9848077530122086864 ) ) ;
#7110 = VECTOR ( 'NONE', #5176, 1000.000000000000114 ) ;
#7111 = DIRECTION ( 'NONE',  ( -1.000000000000000000, 8.031127203596320741E-16, 0.000000000000000000 ) ) ;
#7112 = ORIENTED_EDGE ( 'NONE', *, *, #1032, .T. ) ;
#7113 = ORIENTED_EDGE ( 'NONE', *, *, #5084, .T. ) ;
#7114 = DIRECTION ( 'NONE',  ( -0.000000000000000000, -0.000000000000000000, -1.000000000000000000 ) ) ;
#7115 = AXIS2_PLACEMENT_3D ( 'NONE', #1426, #4272, #2577 ) ;
#7116 = CARTESIAN_POINT ( 'NONE',  ( -2.084999999999999964, 0.8150000000000123812, 1.695000000000000284 ) ) ;
#7117 = CARTESIAN_POINT ( 'NONE',  ( -1.950000000000000400, 0.8900000000000123368, 4.235000000000000320 ) ) ;
#7118 = VECTOR ( 'NONE', #4461, 1000.000000000000000 ) ;
#7119 = CARTESIAN_POINT ( 'NONE',  ( 0.000000000000000000, 1.750000000000000000, 4.837150732346581883 ) ) ;
#7120 = ADVANCED_FACE ( 'NONE', ( #2624 ), #5400, .T. ) ;
#7121 = ORIENTED_EDGE ( 'NONE', *, *, #3368, .F. ) ;
#7122 = PLANE ( 'NONE',  #5425 ) ;
#7123 = ORIENTED_EDGE ( 'NONE', *, *, #2259, .T. ) ;
#7124 = DIRECTION ( 'NONE',  ( -8.993001040601393045E-16, -1.000000000000000000, 0.000000000000000000 ) ) ;
#7125 = ORIENTED_EDGE ( 'NONE', *, *, #1470, .F. ) ;
#7126 = ORIENTED_EDGE ( 'NONE', *, *, #2218, .T. ) ;
#7128 = CARTESIAN_POINT ( 'NONE',  ( -1.950000000000000400, 1.109999999999987663, -2.115000000000000213 ) ) ;
#7127 = DIRECTION ( 'NONE',  ( 1.000000000000000000, 0.000000000000000000, 0.000000000000000000 ) ) ;
#7129 = CARTESIAN_POINT ( 'NONE',  ( 2.084999999999999964, 0.8900000000000122258, -2.115000000000000213 ) ) ;
#7130 = DIRECTION ( 'NONE',  ( -1.000000000000000000, 0.000000000000000000, 0.000000000000000000 ) ) ;
#7131 = CIRCLE ( 'NONE', #490, 0.07499999999999998335 ) ;
#7132 = LINE ( 'NONE', #1879, #6036 ) ;
#7133 = VERTEX_POINT ( 'NONE', #6016 ) ;
#7134 = ORIENTED_EDGE ( 'NONE', *, *, #3492, .T. ) ;
#7135 = CYLINDRICAL_SURFACE ( 'NONE', #4528, 0.07500000000000041356 ) ;
#7136 =( NAMED_UNIT ( * ) SI_UNIT ( $, .STERADIAN. ) SOLID_ANGLE_UNIT ( ) );
#7137 = AXIS2_PLACEMENT_3D ( 'NONE', #316, #422, #1560 ) ;
#7138 = LINE ( 'NONE', #1886, #7252 ) ;
#7139 = EDGE_CURVE ( 'NONE', #4365, #6402, #6124, .T. ) ;
#7140 = EDGE_CURVE ( 'NONE', #1781, #1213, #2557, .T. ) ;
#7141 = LINE ( 'NONE', #358, #2245 ) ;
#7142 = VECTOR ( 'NONE', #1101, 1000.000000000000000 ) ;
#7143 = PLANE ( 'NONE',  #7463 ) ;
#7144 = ORIENTED_EDGE ( 'NONE', *, *, #3530, .T. ) ;
#7145 = ORIENTED_EDGE ( 'NONE', *, *, #5232, .F. ) ;
#7146 = FACE_OUTER_BOUND ( 'NONE', #668, .T. ) ;
#7147 = VERTEX_POINT ( 'NONE', #169 ) ;
#7148 = LINE ( 'NONE', #7224, #4296 ) ;
#7149 = DIRECTION ( 'NONE',  ( -0.000000000000000000, -0.000000000000000000, -1.000000000000000000 ) ) ;
#7150 = CIRCLE ( 'NONE', #3103, 0.07500000000000041356 ) ;
#7151 = EDGE_CURVE ( 'NONE', #816, #2817, #3128, .T. ) ;
#7152 = DIRECTION ( 'NONE',  ( 0.06975647374412144441, -0.9975640502598245307, 0.000000000000000000 ) ) ;
#7153 = ORIENTED_EDGE ( 'NONE', *, *, #4868, .F. ) ;
#7154 = EDGE_CURVE ( 'NONE', #6335, #6734, #6054, .T. ) ;
#7155 = CARTESIAN_POINT ( 'NONE',  ( 2.454999999999975646, 0.3327573459224363317, -1.694999999999999840 ) ) ;
#7156 = CARTESIAN_POINT ( 'NONE',  ( -1.950000000000000400, 1.109999999999987663, -2.964999999999999858 ) ) ;
#7157 = CARTESIAN_POINT ( 'NONE',  ( 2.160000000000000142, 0.8150000000000123812, -2.964999999999999858 ) ) ;
#7158 = FACE_OUTER_BOUND ( 'NONE', #3421, .T. ) ;
#7159 = ORIENTED_EDGE ( 'NONE', *, *, #1825, .T. ) ;
#7160 = LINE ( 'NONE', #1829, #2020 ) ;
#7161 = ORIENTED_EDGE ( 'NONE', *, *, #5892, .F. ) ;
#7162 = ORIENTED_EDGE ( 'NONE', *, *, #3581, .F. ) ;
#7163 = ORIENTED_EDGE ( 'NONE', *, *, #7381, .F. ) ;
#7164 = ADVANCED_FACE ( 'NONE', ( #1441 ), #4893, .F. ) ;
#7165 = DIRECTION ( 'NONE',  ( 0.000000000000000000, 0.000000000000000000, -1.000000000000000000 ) ) ;
#7166 = EDGE_CURVE ( 'NONE', #5048, #7567, #4861, .T. ) ;
#7167 = CARTESIAN_POINT ( 'NONE',  ( -2.449768264469166734, 0.2579400421529494669, 2.964999999999999858 ) ) ;
#7168 = DIRECTION ( 'NONE',  ( 1.000000000000000000, 0.000000000000000000, 0.000000000000000000 ) ) ;
#7169 = FACE_OUTER_BOUND ( 'NONE', #5701, .T. ) ;
#7170 = EDGE_CURVE ( 'NONE', #1376, #4711, #1909, .T. ) ;
#7171 = VECTOR ( 'NONE', #2230, 1000.000000000000000 ) ;
#7172 = ORIENTED_EDGE ( 'NONE', *, *, #2137, .F. ) ;
#7173 = EDGE_LOOP ( 'NONE', ( #5674, #2231, #5245, #2408 ) ) ;
#7174 = EDGE_CURVE ( 'NONE', #6959, #5506, #7205, .T. ) ;
#7175 = LINE ( 'NONE', #5444, #5741 ) ;
#7176 = VECTOR ( 'NONE', #6736, 1000.000000000000000 ) ;
#7177 = DIRECTION ( 'NONE',  ( -8.031127203596346379E-16, 1.000000000000000000, 0.000000000000000000 ) ) ;
#7178 = LINE ( 'NONE', #1447, #5560 ) ;
#7179 = AXIS2_PLACEMENT_3D ( 'NONE', #2521, #1835, #750 ) ;
#7180 = LINE ( 'NONE', #100, #3545 ) ;
#7181 = ORIENTED_EDGE ( 'NONE', *, *, #4673, .F. ) ;
#7182 = ORIENTED_EDGE ( 'NONE', *, *, #7234, .F. ) ;
#7183 = CARTESIAN_POINT ( 'NONE',  ( -2.084999999999999964, 0.8900000000000123368, -1.694999999999999840 ) ) ;
#7184 = EDGE_CURVE ( 'NONE', #7538, #2184, #6556, .T. ) ;
#7185 = EDGE_LOOP ( 'NONE', ( #4380, #1713, #5574, #6514 ) ) ;
#7186 = CARTESIAN_POINT ( 'NONE',  ( 2.084999999999999964, 1.109999999999987885, -2.115000000000000213 ) ) ;
#7187 = EDGE_CURVE ( 'NONE', #73, #1690, #6597, .T. ) ;
#7188 = VECTOR ( 'NONE', #482, 1000.000000000000000 ) ;
#7189 = DIRECTION ( 'NONE',  ( -1.000000000000000000, 0.000000000000000000, 0.000000000000000000 ) ) ;
#7190 = DIRECTION ( 'NONE',  ( -1.000000000000000000, 0.000000000000000000, 0.000000000000000000 ) ) ;
#7191 = DIRECTION ( 'NONE',  ( -0.000000000000000000, -0.000000000000000000, 1.000000000000000000 ) ) ;
#7192 = ORIENTED_EDGE ( 'NONE', *, *, #2136, .T. ) ;
#7193 = VECTOR ( 'NONE', #6507, 1000.000000000000000 ) ;
#7194 = FACE_OUTER_BOUND ( 'NONE', #6432, .T. ) ;
#7195 = AXIS2_PLACEMENT_3D ( 'NONE', #2387, #2429, #1112 ) ;
#7196 = EDGE_CURVE ( 'NONE', #7503, #2886, #3666, .T. ) ;
#7197 = CARTESIAN_POINT ( 'NONE',  ( 2.159999999999999698, 0.3327573459224363317, -3.384999999999999787 ) ) ;
#7198 = AXIS2_PLACEMENT_3D ( 'NONE', #289, #901, #5704 ) ;
#7199 = VECTOR ( 'NONE', #1224, 1000.000000000000000 ) ;
#7200 = VERTEX_POINT ( 'NONE', #1287 ) ;
#7201 = DIRECTION ( 'NONE',  ( -0.000000000000000000, 0.000000000000000000, -1.000000000000000000 ) ) ;
#7202 = ORIENTED_EDGE ( 'NONE', *, *, #1148, .T. ) ;
#7203 = ORIENTED_EDGE ( 'NONE', *, *, #6564, .T. ) ;
#7204 = ORIENTED_EDGE ( 'NONE', *, *, #4237, .T. ) ;
#7205 = LINE ( 'NONE', #244, #5241 ) ;
#7206 = FILL_AREA_STYLE_COLOUR ( '', #2167 ) ;
#7207 = DIRECTION ( 'NONE',  ( 1.000000000000000000, 0.000000000000000000, -0.000000000000000000 ) ) ;
#7208 = DIRECTION ( 'NONE',  ( 8.993001040601393045E-16, 1.000000000000000000, -0.000000000000000000 ) ) ;
#7209 = EDGE_CURVE ( 'NONE', #4588, #2990, #4430, .T. ) ;
#7210 = AXIS2_PLACEMENT_3D ( 'NONE', #11, #5317, #48 ) ;
#7211 = EDGE_CURVE ( 'NONE', #5525, #1940, #6305, .T. ) ;
#7212 = ORIENTED_EDGE ( 'NONE', *, *, #5597, .F. ) ;
#7213 = ORIENTED_EDGE ( 'NONE', *, *, #5566, .T. ) ;
#7214 = CARTESIAN_POINT ( 'NONE',  ( 2.449768264469166734, 0.2579400421529494669, 3.384999999999999787 ) ) ;
#7215 = UNCERTAINTY_MEASURE_WITH_UNIT (LENGTH_MEASURE( 1.000000000000000082E-05 ), #5592, 'distance_accuracy_value', 'NONE');
#7216 = DIRECTION ( 'NONE',  ( -1.000000000000000000, 0.000000000000000000, 0.000000000000000000 ) ) ;
#7217 = DIRECTION ( 'NONE',  ( -0.000000000000000000, -0.000000000000000000, -1.000000000000000000 ) ) ;
#7218 = ADVANCED_FACE ( 'NONE', ( #890 ), #7451, .T. ) ;
#7219 = DIRECTION ( 'NONE',  ( -1.000000000000000000, 0.000000000000000000, 0.000000000000000000 ) ) ;
#7220 = EDGE_LOOP ( 'NONE', ( #1145, #461, #4758, #3867 ) ) ;
#7221 = ORIENTED_EDGE ( 'NONE', *, *, #3530, .F. ) ;
#7222 = CARTESIAN_POINT ( 'NONE',  ( -2.454999999999975646, 0.3327573459224363317, -0.4250000000000000444 ) ) ;
#7223 = ORIENTED_EDGE ( 'NONE', *, *, #6393, .F. ) ;
#7224 = CARTESIAN_POINT ( 'NONE',  ( -2.984653575776294865, -3.794707603699265519E-16, 4.655000000000000249 ) ) ;
#7225 = CARTESIAN_POINT ( 'NONE',  ( -1.050000000000000266, 1.750000000000000000, -4.100000000000002309 ) ) ;
#7226 = EDGE_CURVE ( 'NONE', #6831, #4417, #6199, .T. ) ;
#7227 = CARTESIAN_POINT ( 'NONE',  ( -3.000000000000000000, 0.2194640910571372949, -4.235000000000000320 ) ) ;
#7228 =( GEOMETRIC_REPRESENTATION_CONTEXT ( 3 ) GLOBAL_UNCERTAINTY_ASSIGNED_CONTEXT ( ( #900 ) ) GLOBAL_UNIT_ASSIGNED_CONTEXT ( ( #4929, #4356, #241 ) ) REPRESENTATION_CONTEXT ( 'NONE', 'WORKASPACE' ) );
#7229 = VERTEX_POINT ( 'NONE', #3308 ) ;
#7230 = DIRECTION ( 'NONE',  ( 0.06975647374411853008, -0.9975640502598247528, 0.000000000000000000 ) ) ;
#7231 = AXIS2_PLACEMENT_3D ( 'NONE', #1214, #5903, #2492 ) ;
#7232 = AXIS2_PLACEMENT_3D ( 'NONE', #1531, #7363, #867 ) ;
#7233 = DIRECTION ( 'NONE',  ( -8.993001040601393045E-16, -1.000000000000000000, -0.000000000000000000 ) ) ;
#7234 = EDGE_CURVE ( 'NONE', #878, #4900, #456, .T. ) ;
#7235 = AXIS2_PLACEMENT_3D ( 'NONE', #4793, #1990, #4174 ) ;
#7236 = ORIENTED_EDGE ( 'NONE', *, *, #6223, .T. ) ;
#7237 = CARTESIAN_POINT ( 'NONE',  ( -1.950000000000000400, 0.8900000000000123368, -4.235000000000000320 ) ) ;
#7238 = VERTEX_POINT ( 'NONE', #2764 ) ;
#7239 = ORIENTED_EDGE ( 'NONE', *, *, #2198, .F. ) ;
#7240 = DIRECTION ( 'NONE',  ( 1.000000000000000000, 0.000000000000000000, 0.000000000000000000 ) ) ;
#7241 = VECTOR ( 'NONE', #6869, 1000.000000000000227 ) ;
#7242 = DIRECTION ( 'NONE',  ( 0.06975647374412144441, 0.9975640502598245307, -0.000000000000000000 ) ) ;
#7243 = CARTESIAN_POINT ( 'NONE',  ( -1.950000000000000400, 1.109999999999987663, 1.695000000000000284 ) ) ;
#7244 = DIRECTION ( 'NONE',  ( -1.000000000000000000, 0.000000000000000000, 0.000000000000000000 ) ) ;
#7245 = VERTEX_POINT ( 'NONE', #6814 ) ;
#7246 = ORIENTED_EDGE ( 'NONE', *, *, #4081, .T. ) ;
#7247 = EDGE_CURVE ( 'NONE', #211, #158, #5073, .T. ) ;
#7248 = PLANE ( 'NONE',  #7235 ) ;
#7249 = VECTOR ( 'NONE', #3289, 1000.000000000000000 ) ;
#7250 = CARTESIAN_POINT ( 'NONE',  ( -2.159999999999999698, 0.3327573459224363317, 4.235000000000000320 ) ) ;
#7251 = PLANE ( 'NONE',  #4916 ) ;
#7252 = VECTOR ( 'NONE', #6679, 1000.000000000000000 ) ;
#7253 = CARTESIAN_POINT ( 'NONE',  ( -2.984653575776294865, -3.794707603699265519E-16, -4.235000000000000320 ) ) ;
#7254 = VERTEX_POINT ( 'NONE', #351 ) ;
#7255 = VERTEX_POINT ( 'NONE', #1591 ) ;
#7256 = DIRECTION ( 'NONE',  ( -0.000000000000000000, -0.000000000000000000, -1.000000000000000000 ) ) ;
#7257 = EDGE_LOOP ( 'NONE', ( #541, #7161, #4981, #1525 ) ) ;
#7258 = PLANE ( 'NONE',  #1479 ) ;
#7259 = EDGE_CURVE ( 'NONE', #1398, #5008, #1478, .T. ) ;
#7260 = EDGE_CURVE ( 'NONE', #6767, #7200, #3810, .T. ) ;
#7261 = CARTESIAN_POINT ( 'NONE',  ( 2.084999999999999964, 0.8150000000000123812, 2.964999999999999858 ) ) ;
#7262 = VECTOR ( 'NONE', #5221, 1000.000000000000227 ) ;
#7263 = ADVANCED_FACE ( 'NONE', ( #3374 ), #5112, .F. ) ;
#7264 = LINE ( 'NONE', #4415, #3570 ) ;
#7265 = EDGE_LOOP ( 'NONE', ( #753, #4839, #2907, #4686 ) ) ;
#7266 = ORIENTED_EDGE ( 'NONE', *, *, #1639, .T. ) ;
#7267 = DIRECTION ( 'NONE',  ( 0.06975647374411914070, 0.9975640502598247528, -0.000000000000000000 ) ) ;
#7268 = CARTESIAN_POINT ( 'NONE',  ( -2.084999999999999964, 0.8150000000000123812, 2.115000000000000657 ) ) ;
#7269 = VECTOR ( 'NONE', #3850, 1000.000000000000000 ) ;
#7270 = PLANE ( 'NONE',  #5788 ) ;
#7271 = VERTEX_POINT ( 'NONE', #2196 ) ;
#7272 = CARTESIAN_POINT ( 'NONE',  ( 2.449768264469166734, 0.2579400421529494669, -4.655000000000000249 ) ) ;
#7273 = ORIENTED_EDGE ( 'NONE', *, *, #1742, .F. ) ;
#7274 = LINE ( 'NONE', #311, #6741 ) ;
#7275 = ORIENTED_EDGE ( 'NONE', *, *, #1610, .T. ) ;
#7276 = ADVANCED_FACE ( 'NONE', ( #3344 ), #2694, .F. ) ;
#7277 = CARTESIAN_POINT ( 'NONE',  ( -2.379999999999975469, 0.3327573459224363317, 2.115000000000000657 ) ) ;
#7278 = FACE_OUTER_BOUND ( 'NONE', #5161, .T. ) ;
#7279 = CARTESIAN_POINT ( 'NONE',  ( 2.159999999999999698, 0.3327573459224363317, -0.4250000000000000444 ) ) ;
#7280 = EDGE_CURVE ( 'NONE', #2724, #6233, #5041, .T. ) ;
#7281 = CLOSED_SHELL ( 'NONE', ( #3005, #5946, #438, #5040, #4239, #547, #3907, #5461, #5926, #5064, #1878, #110, #4178, #1408 ) ) ;
#7282 = FACE_OUTER_BOUND ( 'NONE', #3784, .T. ) ;
#7283 = AXIS2_PLACEMENT_3D ( 'NONE', #2129, #1888, #4219 ) ;
#7284 = VERTEX_POINT ( 'NONE', #2051 ) ;
#7285 = ORIENTED_EDGE ( 'NONE', *, *, #5129, .T. ) ;
#7286 = CARTESIAN_POINT ( 'NONE',  ( -2.379999999999975469, 0.3327573459224363317, -2.964999999999999858 ) ) ;
#7287 = UNCERTAINTY_MEASURE_WITH_UNIT (LENGTH_MEASURE( 1.000000000000000082E-05 ), #1128, 'distance_accuracy_value', 'NONE');
#7288 =( NAMED_UNIT ( * ) PLANE_ANGLE_UNIT ( ) SI_UNIT ( $, .RADIAN. ) );
#7289 = FACE_OUTER_BOUND ( 'NONE', #2438, .T. ) ;
#7290 = EDGE_CURVE ( 'NONE', #3791, #3264, #4728, .T. ) ;
#7291 = ADVANCED_FACE ( 'NONE', ( #4389 ), #3233, .F. ) ;
#7292 = DIRECTION ( 'NONE',  ( 8.993001040601393045E-16, 1.000000000000000000, -0.000000000000000000 ) ) ;
#7293 = ORIENTED_EDGE ( 'NONE', *, *, #2984, .T. ) ;
#7294 = ORIENTED_EDGE ( 'NONE', *, *, #3409, .F. ) ;
#7295 = VECTOR ( 'NONE', #5575, 1000.000000000000000 ) ;
#7296 = CARTESIAN_POINT ( 'NONE',  ( -2.434421840245462487, 0.03847595109581208178, 1.695000000000000284 ) ) ;
#7297 = ORIENTED_EDGE ( 'NONE', *, *, #118, .F. ) ;
#7298 = LINE ( 'NONE', #2033, #6017 ) ;
#7299 = DIRECTION ( 'NONE',  ( -0.000000000000000000, -1.000000000000000000, -0.000000000000000000 ) ) ;
#7300 = AXIS2_PLACEMENT_3D ( 'NONE', #2401, #1948, #4745 ) ;
#7301 = EDGE_CURVE ( 'NONE', #2498, #1690, #4546, .T. ) ;
#7302 = DIRECTION ( 'NONE',  ( -0.000000000000000000, -0.000000000000000000, -1.000000000000000000 ) ) ;
#7303 = ORIENTED_EDGE ( 'NONE', *, *, #3032, .F. ) ;
#7304 = VERTEX_POINT ( 'NONE', #1627 ) ;
#7305 = CYLINDRICAL_SURFACE ( 'NONE', #2883, 0.07500000000000041356 ) ;
#7306 = DIRECTION ( 'NONE',  ( 1.000000000000000000, 0.000000000000000000, -0.000000000000000000 ) ) ;
#7307 = ORIENTED_EDGE ( 'NONE', *, *, #5435, .F. ) ;
#7308 = EDGE_CURVE ( 'NONE', #7255, #2025, #3958, .T. ) ;
#7309 = VECTOR ( 'NONE', #2731, 1000.000000000000227 ) ;
#7310 = DIRECTION ( 'NONE',  ( -0.000000000000000000, -0.000000000000000000, -1.000000000000000000 ) ) ;
#7311 = VERTEX_POINT ( 'NONE', #967 ) ;
#7312 = DIRECTION ( 'NONE',  ( -8.031127203596346379E-16, 1.000000000000000000, 0.000000000000000000 ) ) ;
#7313 = DIRECTION ( 'NONE',  ( 1.000000000000000000, 0.000000000000000000, 0.000000000000000000 ) ) ;
#7314 = DIRECTION ( 'NONE',  ( -8.993001040601393045E-16, 1.000000000000000000, 0.000000000000000000 ) ) ;
#7315 = LINE ( 'NONE', #3851, #5781 ) ;
#7316 = VECTOR ( 'NONE', #3496, 1000.000000000000000 ) ;
#7317 = PRESENTATION_LAYER_ASSIGNMENT (  '', '', ( #3873 ) ) ;
#7318 = EDGE_CURVE ( 'NONE', #2513, #7304, #1037, .T. ) ;
#7319 = DIRECTION ( 'NONE',  ( 8.993001040601393045E-16, 1.000000000000000000, -0.000000000000000000 ) ) ;
#7320 = ORIENTED_EDGE ( 'NONE', *, *, #89, .F. ) ;
#7321 = VERTEX_POINT ( 'NONE', #1155 ) ;
#7322 = LINE ( 'NONE', #6751, #5264 ) ;
#7323 = CARTESIAN_POINT ( 'NONE',  ( 3.000000000000000000, 0.2194640910571372949, -2.964999999999999858 ) ) ;
#7324 = AXIS2_PLACEMENT_3D ( 'NONE', #3779, #3270, #969 ) ;
#7325 = DIRECTION ( 'NONE',  ( -0.000000000000000000, -0.000000000000000000, -1.000000000000000000 ) ) ;
#7326 = DIRECTION ( 'NONE',  ( 0.9975640502598246417, -0.06975647374411912682, -0.000000000000000000 ) ) ;
#7327 = VECTOR ( 'NONE', #6517, 1000.000000000000000 ) ;
#7328 = ORIENTED_EDGE ( 'NONE', *, *, #1916, .F. ) ;
#7329 = ORIENTED_EDGE ( 'NONE', *, *, #6958, .T. ) ;
#7330 = DIRECTION ( 'NONE',  ( 8.031127203596320741E-16, 1.000000000000000000, -0.000000000000000000 ) ) ;
#7331 = VERTEX_POINT ( 'NONE', #2960 ) ;
#7332 = DIRECTION ( 'NONE',  ( -0.06975647374412144441, -0.9975640502598245307, 0.000000000000000000 ) ) ;
#7333 = DIRECTION ( 'NONE',  ( 0.000000000000000000, -0.000000000000000000, 1.000000000000000000 ) ) ;
#7334 = PLANE ( 'NONE',  #2595 ) ;
#7335 = VECTOR ( 'NONE', #2464, 1000.000000000000000 ) ;
#7336 = ORIENTED_EDGE ( 'NONE', *, *, #1777, .F. ) ;
#7337 = ORIENTED_EDGE ( 'NONE', *, *, #6405, .T. ) ;
#7338 = CARTESIAN_POINT ( 'NONE',  ( 2.084999999999999964, 1.109999999999987885, -0.4250000000000000444 ) ) ;
#7339 = ORIENTED_EDGE ( 'NONE', *, *, #1217, .F. ) ;
#7340 = DIRECTION ( 'NONE',  ( -0.000000000000000000, -0.000000000000000000, -1.000000000000000000 ) ) ;
#7341 = EDGE_CURVE ( 'NONE', #6473, #540, #573, .T. ) ;
#7342 = VERTEX_POINT ( 'NONE', #3415 ) ;
#7343 = VECTOR ( 'NONE', #4015, 1000.000000000000000 ) ;
#7344 = CARTESIAN_POINT ( 'NONE',  ( 2.159999999999999698, 0.3327573459224363317, 2.964999999999999858 ) ) ;
#7345 = EDGE_LOOP ( 'NONE', ( #2262, #1027, #1293, #6152 ) ) ;
#7346 = PRESENTATION_STYLE_ASSIGNMENT (( #3198 ) ) ;
#7347 = CARTESIAN_POINT ( 'NONE',  ( -3.000000000000000000, 0.2194640910571372949, 2.115000000000000657 ) ) ;
#7348 = AXIS2_PLACEMENT_3D ( 'NONE', #2925, #1203, #7124 ) ;
#7349 = DIRECTION ( 'NONE',  ( 1.000000000000000000, 0.000000000000000000, 0.000000000000000000 ) ) ;
#7350 = DIRECTION ( 'NONE',  ( 0.9975640502598246417, -0.06975647374411912682, -0.000000000000000000 ) ) ;
#7351 = EDGE_CURVE ( 'NONE', #2854, #6959, #1196, .T. ) ;
#7352 = ADVANCED_FACE ( 'NONE', ( #39 ), #3497, .F. ) ;
#7353 = AXIS2_PLACEMENT_3D ( 'NONE', #2598, #288, #6247 ) ;
#7354 = DIRECTION ( 'NONE',  ( -8.993001040601393045E-16, -1.000000000000000000, -0.000000000000000000 ) ) ;
#7355 = EDGE_CURVE ( 'NONE', #3207, #4939, #4036, .T. ) ;
#7356 = CARTESIAN_POINT ( 'NONE',  ( 1.949999999999999067, 0.8900000000000124478, 4.949999999999999289 ) ) ;
#7357 = ORIENTED_EDGE ( 'NONE', *, *, #677, .T. ) ;
#7358 = ORIENTED_EDGE ( 'NONE', *, *, #3186, .F. ) ;
#7359 = CARTESIAN_POINT ( 'NONE',  ( 2.160000000000000142, 0.8150000000000123812, 4.655000000000000249 ) ) ;
#7360 = DIRECTION ( 'NONE',  ( 1.000000000000000000, 0.000000000000000000, 0.000000000000000000 ) ) ;
#7361 = CIRCLE ( 'NONE', #1729, 0.07499999999999998335 ) ;
#7362 = AXIS2_PLACEMENT_3D ( 'NONE', #5712, #3835, #406 ) ;
#7363 = DIRECTION ( 'NONE',  ( 0.000000000000000000, 0.000000000000000000, 1.000000000000000000 ) ) ;
#7364 = ORIENTED_EDGE ( 'NONE', *, *, #5814, .T. ) ;
#7365 = EDGE_LOOP ( 'NONE', ( #6253, #2589, #3239, #1053 ) ) ;
#7366 = DIRECTION ( 'NONE',  ( -1.000000000000000000, 0.000000000000000000, 0.000000000000000000 ) ) ;
#7367 = ORIENTED_EDGE ( 'NONE', *, *, #7247, .T. ) ;
#7368 = CARTESIAN_POINT ( 'NONE',  ( -2.084999999999999964, 0.8150000000000123812, -1.694999999999999840 ) ) ;
#7369 = ADVANCED_FACE ( 'NONE', ( #1113 ), #2388, .F. ) ;
#7370 = DIRECTION ( 'NONE',  ( -0.000000000000000000, -0.000000000000000000, -1.000000000000000000 ) ) ;
#7371 = ADVANCED_FACE ( 'NONE', ( #7602 ), #6463, .F. ) ;
#7372 = AXIS2_PLACEMENT_3D ( 'NONE', #2636, #2175, #4977 ) ;
#7373 = DIRECTION ( 'NONE',  ( -0.06975647374412144441, -0.9975640502598245307, 0.000000000000000000 ) ) ;
#7374 = EDGE_LOOP ( 'NONE', ( #6616, #404, #1454, #5395 ) ) ;
#7375 = EDGE_LOOP ( 'NONE', ( #5740, #3362, #2379, #3653 ) ) ;
#7376 = DIRECTION ( 'NONE',  ( 0.9975640502598246417, -0.06975647374411912682, -0.000000000000000000 ) ) ;
#7377 = ORIENTED_EDGE ( 'NONE', *, *, #6717, .T. ) ;
#7378 = DIRECTION ( 'NONE',  ( 0.000000000000000000, 0.000000000000000000, 1.000000000000000000 ) ) ;
#7379 = VECTOR ( 'NONE', #2934, 1000.000000000000227 ) ;
#7380 = DIRECTION ( 'NONE',  ( -1.000000000000000000, 0.000000000000000000, 0.000000000000000000 ) ) ;
#7381 = EDGE_CURVE ( 'NONE', #4820, #1802, #2878, .T. ) ;
#7382 = LINE ( 'NONE', #7344, #534 ) ;
#7383 = VERTEX_POINT ( 'NONE', #2233 ) ;
#7384 = VECTOR ( 'NONE', #5732, 1000.000000000000000 ) ;
#7385 = CARTESIAN_POINT ( 'NONE',  ( -2.084999999999999964, 0.8150000000000123812, 2.115000000000000657 ) ) ;
#7386 = DIRECTION ( 'NONE',  ( 0.000000000000000000, 0.000000000000000000, 1.000000000000000000 ) ) ;
#7387 = CARTESIAN_POINT ( 'NONE',  ( 3.000000000000000000, 0.2194640910571372949, 2.964999999999999858 ) ) ;
#7388 = CARTESIAN_POINT ( 'NONE',  ( 2.160000000000000142, 0.8150000000000123812, 3.384999999999999787 ) ) ;
#7389 = DIRECTION ( 'NONE',  ( 0.06975647374411914070, 0.9975640502598247528, -0.000000000000000000 ) ) ;
#7390 = DIRECTION ( 'NONE',  ( -1.000000000000000000, 0.000000000000000000, 0.000000000000000000 ) ) ;
#7391 = ORIENTED_EDGE ( 'NONE', *, *, #4021, .F. ) ;
#7392 = EDGE_CURVE ( 'NONE', #4900, #1002, #1235, .T. ) ;
#7393 = VERTEX_POINT ( 'NONE', #6387 ) ;
#7394 = CARTESIAN_POINT ( 'NONE',  ( -2.454999999999975646, 0.3327573459224363317, 4.655000000000000249 ) ) ;
#7395 = PRESENTATION_STYLE_ASSIGNMENT (( #4478 ) ) ;
#7396 = CARTESIAN_POINT ( 'NONE',  ( 3.000000000000000000, 0.2194640910571372949, -1.694999999999999840 ) ) ;
#7397 = EDGE_CURVE ( 'NONE', #3133, #4084, #2314, .T. ) ;
#7398 = ORIENTED_EDGE ( 'NONE', *, *, #3659, .T. ) ;
#7399 = VERTEX_POINT ( 'NONE', #4730 ) ;
#7400 = DIRECTION ( 'NONE',  ( -0.000000000000000000, -0.000000000000000000, -1.000000000000000000 ) ) ;
#7401 = VERTEX_POINT ( 'NONE', #1662 ) ;
#7402 = PLANE ( 'NONE',  #432 ) ;
#7403 = DIRECTION ( 'NONE',  ( 0.06975647374412144441, 0.9975640502598245307, -0.000000000000000000 ) ) ;
#7404 = DIRECTION ( 'NONE',  ( -1.000000000000000000, 0.000000000000000000, 0.000000000000000000 ) ) ;
#7405 = PRESENTATION_LAYER_ASSIGNMENT (  '', '', ( #1779 ) ) ;
#7406 = EDGE_CURVE ( 'NONE', #5709, #5753, #3460, .T. ) ;
#7407 = ORIENTED_EDGE ( 'NONE', *, *, #935, .F. ) ;
#7408 = EDGE_LOOP ( 'NONE', ( #888, #1362, #5873, #1752 ) ) ;
#7409 = CARTESIAN_POINT ( 'NONE',  ( 2.449768264469166734, 0.2579400421529494669, -2.964999999999999858 ) ) ;
#7410 = ORIENTED_EDGE ( 'NONE', *, *, #2637, .F. ) ;
#7411 = CARTESIAN_POINT ( 'NONE',  ( 2.984653575776294865, -3.794707603699265519E-16, -1.694999999999999840 ) ) ;
#7412 = LINE ( 'NONE', #1657, #954 ) ;
#7413 = PLANE ( 'NONE',  #1407 ) ;
#7414 = ORIENTED_EDGE ( 'NONE', *, *, #7041, .F. ) ;
#7415 = FACE_OUTER_BOUND ( 'NONE', #3392, .T. ) ;
#7416 = CARTESIAN_POINT ( 'NONE',  ( 2.454999999999975646, 0.3327573459224363317, -0.4250000000000000444 ) ) ;
#7417 = CARTESIAN_POINT ( 'NONE',  ( 2.449768264469166734, 0.2579400421529494669, -0.4250000000000000444 ) ) ;
#7418 = LINE ( 'NONE', #6781, #5549 ) ;
#7419 = VECTOR ( 'NONE', #5907, 1000.000000000000000 ) ;
#7420 = LINE ( 'NONE', #6745, #3325 ) ;
#7421 = AXIS2_PLACEMENT_3D ( 'NONE', #1899, #5426, #6004 ) ;
#7422 = SURFACE_SIDE_STYLE ('',( #5698 ) ) ;
#7423 = DIRECTION ( 'NONE',  ( 1.000000000000000000, 0.000000000000000000, -0.000000000000000000 ) ) ;
#7424 = EDGE_LOOP ( 'NONE', ( #436, #6834, #4866, #7565 ) ) ;
#7425 = ORIENTED_EDGE ( 'NONE', *, *, #6789, .F. ) ;
#7426 = DIRECTION ( 'NONE',  ( 0.000000000000000000, 1.000000000000000000, 0.000000000000000000 ) ) ;
#7427 = PRODUCT ( '16 Narrow SO_21-0041', '16 Narrow SO_21-0041', '', ( #1548 ) ) ;
#7428 = VECTOR ( 'NONE', #5500, 1000.000000000000000 ) ;
#7429 = EDGE_CURVE ( 'NONE', #3286, #5316, #5808, .T. ) ;
#7430 = CARTESIAN_POINT ( 'NONE',  ( 2.084999999999999964, 0.8150000000000123812, -0.4250000000000000444 ) ) ;
#7431 = AXIS2_PLACEMENT_3D ( 'NONE', #517, #5943, #555 ) ;
#7432 = ORIENTED_EDGE ( 'NONE', *, *, #5364, .T. ) ;
#7433 = VERTEX_POINT ( 'NONE', #4697 ) ;
#7434 = CARTESIAN_POINT ( 'NONE',  ( -2.449768264469166734, 0.2579400421529494669, 0.4250000000000000444 ) ) ;
#7435 = PRESENTATION_LAYER_ASSIGNMENT (  '', '', ( #2544 ) ) ;
#7436 = ORIENTED_EDGE ( 'NONE', *, *, #4112, .F. ) ;
#7437 = DIRECTION ( 'NONE',  ( 0.000000000000000000, -1.000000000000000000, 0.000000000000000000 ) ) ;
#7438 = PLANE ( 'NONE',  #7362 ) ;
#7439 = EDGE_CURVE ( 'NONE', #6516, #1393, #495, .T. ) ;
#7440 = AXIS2_PLACEMENT_3D ( 'NONE', #7452, #2840, #4116 ) ;
#7441 = DIRECTION ( 'NONE',  ( 0.000000000000000000, -0.000000000000000000, -1.000000000000000000 ) ) ;
#7442 = ORIENTED_EDGE ( 'NONE', *, *, #3290, .F. ) ;
#7443 = VERTEX_POINT ( 'NONE', #7561 ) ;
#7444 = LINE ( 'NONE', #6296, #2892 ) ;
#7445 = ORIENTED_EDGE ( 'NONE', *, *, #3426, .T. ) ;
#7446 = DIRECTION ( 'NONE',  ( 0.06975647374412144441, 0.9975640502598245307, -0.000000000000000000 ) ) ;
#7447 = DIRECTION ( 'NONE',  ( -0.06975647374412144441, -0.9975640502598245307, 0.000000000000000000 ) ) ;
#7448 = CARTESIAN_POINT ( 'NONE',  ( -2.084999999999999964, 0.8150000000000123812, 4.655000000000000249 ) ) ;
#7449 = VERTEX_POINT ( 'NONE', #7000 ) ;
#7450 = FILL_AREA_STYLE ('',( #2838 ) ) ;
#7451 = PLANE ( 'NONE',  #5829 ) ;
#7452 = CARTESIAN_POINT ( 'NONE',  ( 2.084999999999999964, 0.8900000000000122258, -0.4250000000000000444 ) ) ;
#7453 = CARTESIAN_POINT ( 'NONE',  ( 2.449768264469166734, 0.2579400421529494669, 2.115000000000000657 ) ) ;
#7454 = EDGE_CURVE ( 'NONE', #6595, #3742, #4077, .T. ) ;
#7455 = CARTESIAN_POINT ( 'NONE',  ( -1.050000000000000266, 1.700000000000000178, -4.325000000000002842 ) ) ;
#7456 = DIRECTION ( 'NONE',  ( 1.000000000000000000, 0.000000000000000000, 0.000000000000000000 ) ) ;
#7457 = EDGE_LOOP ( 'NONE', ( #3948, #924, #2927, #6632 ) ) ;
#7458 = MECHANICAL_DESIGN_GEOMETRIC_PRESENTATION_REPRESENTATION (  '', ( #6125 ), #7228 ) ;
#7459 = ORIENTED_EDGE ( 'NONE', *, *, #4446, .T. ) ;
#7460 = CARTESIAN_POINT ( 'NONE',  ( -1.950000000000000400, 0.8900000000000123368, 2.964999999999999858 ) ) ;
#7461 = VECTOR ( 'NONE', #5090, 1000.000000000000000 ) ;
#7462 = LINE ( 'NONE', #3971, #2952 ) ;
#7463 = AXIS2_PLACEMENT_3D ( 'NONE', #3600, #761, #4874 ) ;
#7464 = AXIS2_PLACEMENT_3D ( 'NONE', #2206, #5156, #4668 ) ;
#7465 = ORIENTED_EDGE ( 'NONE', *, *, #6564, .F. ) ;
#7466 = VECTOR ( 'NONE', #375, 1000.000000000000000 ) ;
#7467 = ORIENTED_EDGE ( 'NONE', *, *, #1767, .T. ) ;
#7468 = ORIENTED_EDGE ( 'NONE', *, *, #2136, .F. ) ;
#7469 = CARTESIAN_POINT ( 'NONE',  ( 2.084999999999999964, 0.8150000000000123812, 0.8450000000000003064 ) ) ;
#7470 = DIRECTION ( 'NONE',  ( -0.000000000000000000, -0.000000000000000000, -1.000000000000000000 ) ) ;
#7471 = VECTOR ( 'NONE', #4453, 1000.000000000000000 ) ;
#7472 = DIRECTION ( 'NONE',  ( -1.000000000000000000, 0.000000000000000000, 0.000000000000000000 ) ) ;
#7473 = LINE ( 'NONE', #953, #1089 ) ;
#7474 = ORIENTED_EDGE ( 'NONE', *, *, #4262, .F. ) ;
#7475 = EDGE_CURVE ( 'NONE', #4405, #6172, #7487, .T. ) ;
#7476 = ORIENTED_EDGE ( 'NONE', *, *, #4766, .T. ) ;
#7477 = DIRECTION ( 'NONE',  ( 0.9975640502598246417, -0.06975647374411912682, -0.000000000000000000 ) ) ;
#7478 = EDGE_CURVE ( 'NONE', #7399, #6066, #4581, .T. ) ;
#7479 = ORIENTED_EDGE ( 'NONE', *, *, #7154, .F. ) ;
#7480 = CARTESIAN_POINT ( 'NONE',  ( -2.159999999999999698, 0.3327573459224363317, -0.4250000000000000444 ) ) ;
#7481 = AXIS2_PLACEMENT_3D ( 'NONE', #7097, #1844, #6442 ) ;
#7482 = EDGE_CURVE ( 'NONE', #409, #682, #2270, .T. ) ;
#7483 = CARTESIAN_POINT ( 'NONE',  ( 2.159999999999999698, 0.3327573459224363317, -1.694999999999999840 ) ) ;
#7484 = LINE ( 'NONE', #7520, #7171 ) ;
#7485 = ORIENTED_EDGE ( 'NONE', *, *, #5609, .F. ) ;
#7486 = SURFACE_STYLE_USAGE ( .BOTH. , #2693 ) ;
#7487 = LINE ( 'NONE', #7076, #5468 ) ;
#7488 = DIRECTION ( 'NONE',  ( -1.000000000000000000, -0.000000000000000000, -0.000000000000000000 ) ) ;
#7489 = CARTESIAN_POINT ( 'NONE',  ( -2.084999999999999964, 0.8150000000000123812, -0.4250000000000000444 ) ) ;
#7490 = PRESENTATION_STYLE_ASSIGNMENT (( #425 ) ) ;
#7491 = CARTESIAN_POINT ( 'NONE',  ( 1.949999999999999956, 0.8900000000000123368, -2.115000000000000213 ) ) ;
#7492 = ORIENTED_EDGE ( 'NONE', *, *, #5199, .T. ) ;
#7493 = EDGE_CURVE ( 'NONE', #577, #42, #6698, .T. ) ;
#7494 = PLANE ( 'NONE',  #4899 ) ;
#7495 = EDGE_CURVE ( 'NONE', #1026, #7031, #6693, .T. ) ;
#7496 = ORIENTED_EDGE ( 'NONE', *, *, #1199, .F. ) ;
#7497 = DIRECTION ( 'NONE',  ( 0.000000000000000000, 0.000000000000000000, 1.000000000000000000 ) ) ;
#7498 = FACE_OUTER_BOUND ( 'NONE', #5266, .T. ) ;
#7499 = CARTESIAN_POINT ( 'NONE',  ( -2.454999999999975646, 0.3327573459224363317, -0.4250000000000000444 ) ) ;
#7500 = VECTOR ( 'NONE', #6238, 1000.000000000000000 ) ;
#7501 = CARTESIAN_POINT ( 'NONE',  ( -2.159999999999999698, 0.3327573459224363317, -2.964999999999999858 ) ) ;
#7502 = ORIENTED_EDGE ( 'NONE', *, *, #6020, .T. ) ;
#7503 = VERTEX_POINT ( 'NONE', #4769 ) ;
#7504 = ORIENTED_EDGE ( 'NONE', *, *, #4021, .T. ) ;
#7505 = LINE ( 'NONE', #5744, #4027 ) ;
#7506 = DIRECTION ( 'NONE',  ( -0.000000000000000000, -0.000000000000000000, -1.000000000000000000 ) ) ;
#7507 = ADVANCED_FACE ( 'NONE', ( #773 ), #3655, .F. ) ;
#7508 = CARTESIAN_POINT ( 'NONE',  ( -1.950000000000000400, 0.8900000000000123368, 4.655000000000000249 ) ) ;
#7509 = EDGE_CURVE ( 'NONE', #7401, #368, #6661, .T. ) ;
#7510 = DIRECTION ( 'NONE',  ( -0.000000000000000000, -0.000000000000000000, -1.000000000000000000 ) ) ;
#7511 = CARTESIAN_POINT ( 'NONE',  ( 2.449768264469166734, 0.2579400421529494669, -4.235000000000000320 ) ) ;
#7512 = VECTOR ( 'NONE', #4513, 1000.000000000000000 ) ;
#7513 = VERTEX_POINT ( 'NONE', #1318 ) ;
#7514 = EDGE_LOOP ( 'NONE', ( #6189, #5055, #3275, #1765 ) ) ;
#7515 = CARTESIAN_POINT ( 'NONE',  ( 2.379999999999975469, 0.3327573459224363317, 3.384999999999999787 ) ) ;
#7516 = EDGE_LOOP ( 'NONE', ( #655, #4052, #4843, #2048 ) ) ;
#7517 = DIRECTION ( 'NONE',  ( -1.000000000000000000, 0.000000000000000000, 0.000000000000000000 ) ) ;
#7518 = MECHANICAL_DESIGN_GEOMETRIC_PRESENTATION_REPRESENTATION (  '', ( #1779 ), #7045 ) ;
#7519 = CARTESIAN_POINT ( 'NONE',  ( -2.084999999999999964, 0.8900000000000123368, 3.384999999999999787 ) ) ;
#7520 = CARTESIAN_POINT ( 'NONE',  ( -1.837150732346582771, 0.2500000000000000000, -4.950000000000001066 ) ) ;
#7521 = ORIENTED_EDGE ( 'NONE', *, *, #3146, .T. ) ;
#7522 = CARTESIAN_POINT ( 'NONE',  ( 2.084999999999999964, 0.8150000000000123812, 4.655000000000000249 ) ) ;
#7523 = DIRECTION ( 'NONE',  ( -0.000000000000000000, -0.000000000000000000, -1.000000000000000000 ) ) ;
#7524 = DIRECTION ( 'NONE',  ( 8.993001040601393045E-16, -1.000000000000000000, 0.000000000000000000 ) ) ;
#7525 = CARTESIAN_POINT ( 'NONE',  ( -2.454999999999975646, 0.3327573459224363317, 0.4250000000000000444 ) ) ;
#7526 = EDGE_CURVE ( 'NONE', #5702, #1202, #675, .T. ) ;
#7527 = AXIS2_PLACEMENT_3D ( 'NONE', #3011, #6520, #6559 ) ;
#7528 = DIRECTION ( 'NONE',  ( -0.000000000000000000, -0.000000000000000000, -1.000000000000000000 ) ) ;
#7529 = ORIENTED_EDGE ( 'NONE', *, *, #4868, .T. ) ;
#7530 = CARTESIAN_POINT ( 'NONE',  ( -1.950000000000000400, 1.109999999999987663, -1.694999999999999840 ) ) ;
#7531 = VERTEX_POINT ( 'NONE', #1863 ) ;
#7533 = CARTESIAN_POINT ( 'NONE',  ( -2.379999999999975913, 0.8150000000000123812, 3.384999999999999787 ) ) ;
#7532 = DIRECTION ( 'NONE',  ( -0.000000000000000000, -1.000000000000000000, -0.000000000000000000 ) ) ;
#7534 = LINE ( 'NONE', #470, #7548 ) ;
#7535 = DIRECTION ( 'NONE',  ( -1.000000000000000000, 0.000000000000000000, 0.000000000000000000 ) ) ;
#7536 = CARTESIAN_POINT ( 'NONE',  ( 2.084999999999999964, 0.8150000000000123812, 2.115000000000000657 ) ) ;
#7537 = EDGE_CURVE ( 'NONE', #6059, #3947, #4852, .T. ) ;
#7538 = VERTEX_POINT ( 'NONE', #5963 ) ;
#7539 = VECTOR ( 'NONE', #312, 1000.000000000000227 ) ;
#7540 = EDGE_LOOP ( 'NONE', ( #7285, #7086, #2958, #3341 ) ) ;
#7541 = CIRCLE ( 'NONE', #927, 0.07499999999999998335 ) ;
#7542 = VERTEX_POINT ( 'NONE', #691 ) ;
#7543 = CARTESIAN_POINT ( 'NONE',  ( -2.084999999999999964, 0.8900000000000122258, 0.4250000000000000444 ) ) ;
#7544 = DIRECTION ( 'NONE',  ( 0.9975640502598246417, -0.06975647374411912682, -0.000000000000000000 ) ) ;
#7545 = DIRECTION ( 'NONE',  ( -0.000000000000000000, -0.000000000000000000, -1.000000000000000000 ) ) ;
#7546 = CARTESIAN_POINT ( 'NONE',  ( 2.379999999999975913, 0.8150000000000123812, -1.694999999999999840 ) ) ;
#7547 = LINE ( 'NONE', #4641, #6863 ) ;
#7548 = VECTOR ( 'NONE', #4593, 1000.000000000000114 ) ;
#7549 = EDGE_LOOP ( 'NONE', ( #4160, #2829, #128, #2490 ) ) ;
#7550 = VERTEX_POINT ( 'NONE', #3153 ) ;
#7551 = FACE_OUTER_BOUND ( 'NONE', #1619, .T. ) ;
#7552 = EDGE_LOOP ( 'NONE', ( #5087, #4354, #4493, #2290 ) ) ;
#7553 = PLANE ( 'NONE',  #120 ) ;
#7554 = LINE ( 'NONE', #5382, #2491 ) ;
#7555 = VECTOR ( 'NONE', #1236, 1000.000000000000000 ) ;
#7556 = CARTESIAN_POINT ( 'NONE',  ( 2.434421840245462487, 0.03847595109581208178, -3.384999999999999787 ) ) ;
#7557 = CARTESIAN_POINT ( 'NONE',  ( -1.950000000000000400, 0.8900000000000123368, -2.964999999999999858 ) ) ;
#7558 = ORIENTED_EDGE ( 'NONE', *, *, #5348, .T. ) ;
#7559 = LINE ( 'NONE', #2351, #5598 ) ;
#7560 = VECTOR ( 'NONE', #5508, 1000.000000000000000 ) ;
#7561 = CARTESIAN_POINT ( 'NONE',  ( -2.084999999999999964, 0.8900000000000123368, -4.235000000000000320 ) ) ;
#7562 = CARTESIAN_POINT ( 'NONE',  ( -2.454999999999975646, 0.3327573459224363317, 1.695000000000000284 ) ) ;
#7563 = CARTESIAN_POINT ( 'NONE',  ( -2.434421840245462487, 0.03847595109581208178, 4.655000000000000249 ) ) ;
#7564 = CARTESIAN_POINT ( 'NONE',  ( -2.084999999999999964, 0.8150000000000123812, -2.964999999999999858 ) ) ;
#7565 = ORIENTED_EDGE ( 'NONE', *, *, #5315, .T. ) ;
#7566 = PLANE ( 'NONE',  #7103 ) ;
#7567 = VERTEX_POINT ( 'NONE', #3083 ) ;
#7568 = EDGE_CURVE ( 'NONE', #4375, #5754, #1360, .T. ) ;
#7570 = DIRECTION ( 'NONE',  ( -0.9975640502598246417, -0.06975647374411912682, 0.000000000000000000 ) ) ;
#7569 = PLANE ( 'NONE',  #5607 ) ;
#7571 = ADVANCED_FACE ( 'NONE', ( #1937 ), #2508, .F. ) ;
#7572 = DIRECTION ( 'NONE',  ( 8.993001040601393045E-16, -1.000000000000000000, 0.000000000000000000 ) ) ;
#7573 = DIRECTION ( 'NONE',  ( -0.000000000000000000, -0.000000000000000000, -1.000000000000000000 ) ) ;
#7574 = DIRECTION ( 'NONE',  ( -1.000000000000000000, 0.000000000000000000, 0.000000000000000000 ) ) ;
#7575 = EDGE_CURVE ( 'NONE', #1419, #1369, #4249, .T. ) ;
#7576 = VECTOR ( 'NONE', #3006, 1000.000000000000114 ) ;
#7577 = ORIENTED_EDGE ( 'NONE', *, *, #5995, .T. ) ;
#7578 = CIRCLE ( 'NONE', #4399, 0.2949999999999762812 ) ;
#7579 = VERTEX_POINT ( 'NONE', #3727 ) ;
#7580 = ORIENTED_EDGE ( 'NONE', *, *, #6133, .T. ) ;
#7581 = DIRECTION ( 'NONE',  ( -0.9975640502598246417, 0.06975647374411851620, -0.000000000000000000 ) ) ;
#7582 = DIRECTION ( 'NONE',  ( -1.000000000000000000, -0.000000000000000000, -0.000000000000000000 ) ) ;
#7583 = VECTOR ( 'NONE', #5524, 1000.000000000000227 ) ;
#7584 = CARTESIAN_POINT ( 'NONE',  ( 1.949999999999999956, 0.8900000000000123368, 2.964999999999999858 ) ) ;
#7585 = AXIS2_PLACEMENT_3D ( 'NONE', #234, #5359, #2081 ) ;
#7586 = DIRECTION ( 'NONE',  ( -1.000000000000000000, 8.993001040601393045E-16, 0.000000000000000000 ) ) ;
#7587 = FACE_OUTER_BOUND ( 'NONE', #7375, .T. ) ;
#7588 = ORIENTED_EDGE ( 'NONE', *, *, #6872, .T. ) ;
#7589 = EDGE_CURVE ( 'NONE', #816, #7016, #6076, .T. ) ;
#7590 = EDGE_LOOP ( 'NONE', ( #384, #3928, #1018, #4622 ) ) ;
#7591 = LINE ( 'NONE', #1264, #1181 ) ;
#7592 = VECTOR ( 'NONE', #4105, 1000.000000000000000 ) ;
#7593 = EDGE_LOOP ( 'NONE', ( #2456, #5483, #1054, #2915 ) ) ;
#7594 = PLANE ( 'NONE',  #245 ) ;
#7595 = EDGE_CURVE ( 'NONE', #27, #7245, #3769, .T. ) ;
#7596 = CARTESIAN_POINT ( 'NONE',  ( -2.379999999999975469, 0.3327573459224363317, 4.655000000000000249 ) ) ;
#7597 = FACE_OUTER_BOUND ( 'NONE', #6159, .T. ) ;
#7598 = LINE ( 'NONE', #6541, #1901 ) ;
#7599 = ORIENTED_EDGE ( 'NONE', *, *, #6119, .T. ) ;
#7600 = CARTESIAN_POINT ( 'NONE',  ( 2.084999999999999964, 0.8900000000000122258, 3.384999999999999787 ) ) ;
#7601 = VECTOR ( 'NONE', #3219, 1000.000000000000000 ) ;
#7602 = FACE_OUTER_BOUND ( 'NONE', #7374, .T. ) ;
ENDSEC;
END-ISO-10303-21;
